Inno Setup 6 Command-Line Compiler
Copyright (C) 1997-2026 Jordan Russell. All rights reserved.
Portions Copyright (C) 2000-2026 Martijn Laan. All rights reserved.
Portions Copyright (C) 2001-2004 Alex Yackimoff. All rights reserved.
https://www.innosetup.com

Compiler engine version: Inno Setup 6.7.1
Non-commercial use only

Preprocessing
   Reading file: C:\Program Files (x86)\Inno Setup 6\ISPPBuiltins.iss
Parsing [Setup] section, line 10
Parsing [Setup] section, line 11
Parsing [Setup] section, line 12
Parsing [Setup] section, line 13
Parsing [Setup] section, line 14
Parsing [Setup] section, line 15
Parsing [Setup] section, line 16
Parsing [Setup] section, line 17
Parsing [Setup] section, line 18
Parsing [Setup] section, line 19
Parsing [Setup] section, line 20
Parsing [Setup] section, line 21
Parsing [Setup] section, line 22
Parsing [Setup] section, line 23
Parsing [Setup] section, line 24
Creating output directory: E:\markdown_viewer\installer_output\consumer-upgrade-1.31.0
Reading file (WizardImageFile)
Reading file (WizardSmallImageFile)
Preparing Setup program executable
   Verification successful
   Updating icons (Setup.e32)
   Updating version info (Setup.e32)
Determining language code pages
Parsing [Languages] section, line 27
   Reading file: C:\Program Files (x86)\Inno Setup 6\Default.isl
   Messages in script file
Reading default messages from Default.isl
Parsing [Languages] section, line 27
   Reading file: C:\Program Files (x86)\Inno Setup 6\Default.isl
Parsing [LangOptions], [Messages], and [CustomMessages] sections
   Messages in script file
Reading [Code] section
Parsing [Tasks] section, line 30
Parsing [Icons] section, line 37
Parsing [Icons] section, line 38
Parsing [Icons] section, line 39
Parsing [Registry] section, line 43
Parsing [Registry] section, line 44
Parsing [Registry] section, line 45
Parsing [Registry] section, line 46
Parsing [Registry] section, line 47
Parsing [Registry] section, line 50
Parsing [Run] section, line 53
Parsing [Files] section, line 33
Parsing [Files] section, line 34
Creating setup files
   Verification successful
   Updating icons (Setup.exe)
   Compressing: E:\markdown_viewer\dist\consumer-upgrade-1.31.0\MarkdownViewer\MarkdownViewer.exe
   Compressing: E:\markdown_viewer\dist\consumer-upgrade-1.31.0\MarkdownViewer\_internal\81d243bd2c585b0f4821__mypyc.cp314-win_amd64.pyd
   Compressing: E:\markdown_viewer\dist\consumer-upgrade-1.31.0\MarkdownViewer\_internal\base_library.zip
   Compressing: E:\markdown_viewer\dist\consumer-upgrade-1.31.0\MarkdownViewer\_internal\libcrypto-3.dll
   Compressing: E:\markdown_viewer\dist\consumer-upgrade-1.31.0\MarkdownViewer\_internal\libffi-8.dll
   Compressing: E:\markdown_viewer\dist\consumer-upgrade-1.31.0\MarkdownViewer\_internal\libssl-3.dll
   Compressing: E:\markdown_viewer\dist\consumer-upgrade-1.31.0\MarkdownViewer\_internal\pyexpat.pyd
   Compressing: E:\markdown_viewer\dist\consumer-upgrade-1.31.0\MarkdownViewer\_internal\python3.dll
   Compressing: E:\markdown_viewer\dist\consumer-upgrade-1.31.0\MarkdownViewer\_internal\python314.dll
   Compressing: E:\markdown_viewer\dist\consumer-upgrade-1.31.0\MarkdownViewer\_internal\select.pyd
   Compressing: E:\markdown_viewer\dist\consumer-upgrade-1.31.0\MarkdownViewer\_internal\unicodedata.pyd
   Compressing: E:\markdown_viewer\dist\consumer-upgrade-1.31.0\MarkdownViewer\_internal\VCRUNTIME140.dll
   Compressing: E:\markdown_viewer\dist\consumer-upgrade-1.31.0\MarkdownViewer\_internal\VCRUNTIME140_1.dll
   Compressing: E:\markdown_viewer\dist\consumer-upgrade-1.31.0\MarkdownViewer\_internal\_asyncio.pyd
   Compressing: E:\markdown_viewer\dist\consumer-upgrade-1.31.0\MarkdownViewer\_internal\_bz2.pyd
   Compressing: E:\markdown_viewer\dist\consumer-upgrade-1.31.0\MarkdownViewer\_internal\_ctypes.pyd
   Compressing: E:\markdown_viewer\dist\consumer-upgrade-1.31.0\MarkdownViewer\_internal\_decimal.pyd
   Compressing: E:\markdown_viewer\dist\consumer-upgrade-1.31.0\MarkdownViewer\_internal\_elementtree.pyd
   Compressing: E:\markdown_viewer\dist\consumer-upgrade-1.31.0\MarkdownViewer\_internal\_hashlib.pyd
   Compressing: E:\markdown_viewer\dist\consumer-upgrade-1.31.0\MarkdownViewer\_internal\_lzma.pyd
   Compressing: E:\markdown_viewer\dist\consumer-upgrade-1.31.0\MarkdownViewer\_internal\_multiprocessing.pyd
   Compressing: E:\markdown_viewer\dist\consumer-upgrade-1.31.0\MarkdownViewer\_internal\_overlapped.pyd
   Compressing: E:\markdown_viewer\dist\consumer-upgrade-1.31.0\MarkdownViewer\_internal\_queue.pyd
   Compressing: E:\markdown_viewer\dist\consumer-upgrade-1.31.0\MarkdownViewer\_internal\_socket.pyd
   Compressing: E:\markdown_viewer\dist\consumer-upgrade-1.31.0\MarkdownViewer\_internal\_ssl.pyd
   Compressing: E:\markdown_viewer\dist\consumer-upgrade-1.31.0\MarkdownViewer\_internal\_uuid.pyd
   Compressing: E:\markdown_viewer\dist\consumer-upgrade-1.31.0\MarkdownViewer\_internal\_wmi.pyd
   Compressing: E:\markdown_viewer\dist\consumer-upgrade-1.31.0\MarkdownViewer\_internal\_zstd.pyd
   Compressing: E:\markdown_viewer\dist\consumer-upgrade-1.31.0\MarkdownViewer\_internal\assets\annotations.js
   Compressing: E:\markdown_viewer\dist\consumer-upgrade-1.31.0\MarkdownViewer\_internal\assets\chevron-down-dark.svg
   Compressing: E:\markdown_viewer\dist\consumer-upgrade-1.31.0\MarkdownViewer\_internal\assets\chevron-down-light.svg
   Compressing: E:\markdown_viewer\dist\consumer-upgrade-1.31.0\MarkdownViewer\_internal\assets\github.css
   Compressing: E:\markdown_viewer\dist\consumer-upgrade-1.31.0\MarkdownViewer\_internal\assets\inline_edit.js
   Compressing: E:\markdown_viewer\dist\consumer-upgrade-1.31.0\MarkdownViewer\_internal\assets\mermaid.min.js
   Compressing: E:\markdown_viewer\dist\consumer-upgrade-1.31.0\MarkdownViewer\_internal\assets\obsidian-light.css
   Compressing: E:\markdown_viewer\dist\consumer-upgrade-1.31.0\MarkdownViewer\_internal\assets\patch.js
   Compressing: E:\markdown_viewer\dist\consumer-upgrade-1.31.0\MarkdownViewer\_internal\assets\tab-close-dark.svg
   Compressing: E:\markdown_viewer\dist\consumer-upgrade-1.31.0\MarkdownViewer\_internal\assets\tab-close-light.svg
   Compressing: E:\markdown_viewer\dist\consumer-upgrade-1.31.0\MarkdownViewer\_internal\assets\table_edit.js
   Compressing: E:\markdown_viewer\dist\consumer-upgrade-1.31.0\MarkdownViewer\_internal\assets\vditor_glue.js
   Compressing: E:\markdown_viewer\dist\consumer-upgrade-1.31.0\MarkdownViewer\_internal\assets\vditor_host.html
   Compressing: E:\markdown_viewer\dist\consumer-upgrade-1.31.0\MarkdownViewer\_internal\assets\katex\katex.min.css
   Compressing: E:\markdown_viewer\dist\consumer-upgrade-1.31.0\MarkdownViewer\_internal\assets\katex\katex.min.js
   Compressing: E:\markdown_viewer\dist\consumer-upgrade-1.31.0\MarkdownViewer\_internal\assets\katex\fonts\KaTeX_AMS-Regular.ttf
   Compressing: E:\markdown_viewer\dist\consumer-upgrade-1.31.0\MarkdownViewer\_internal\assets\katex\fonts\KaTeX_AMS-Regular.woff
   Compressing: E:\markdown_viewer\dist\consumer-upgrade-1.31.0\MarkdownViewer\_internal\assets\katex\fonts\KaTeX_AMS-Regular.woff2
   Compressing: E:\markdown_viewer\dist\consumer-upgrade-1.31.0\MarkdownViewer\_internal\assets\katex\fonts\KaTeX_Caligraphic-Bold.ttf
   Compressing: E:\markdown_viewer\dist\consumer-upgrade-1.31.0\MarkdownViewer\_internal\assets\katex\fonts\KaTeX_Caligraphic-Bold.woff
   Compressing: E:\markdown_viewer\dist\consumer-upgrade-1.31.0\MarkdownViewer\_internal\assets\katex\fonts\KaTeX_Caligraphic-Bold.woff2
   Compressing: E:\markdown_viewer\dist\consumer-upgrade-1.31.0\MarkdownViewer\_internal\assets\katex\fonts\KaTeX_Caligraphic-Regular.ttf
   Compressing: E:\markdown_viewer\dist\consumer-upgrade-1.31.0\MarkdownViewer\_internal\assets\katex\fonts\KaTeX_Caligraphic-Regular.woff
   Compressing: E:\markdown_viewer\dist\consumer-upgrade-1.31.0\MarkdownViewer\_internal\assets\katex\fonts\KaTeX_Caligraphic-Regular.woff2
   Compressing: E:\markdown_viewer\dist\consumer-upgrade-1.31.0\MarkdownViewer\_internal\assets\katex\fonts\KaTeX_Fraktur-Bold.ttf
   Compressing: E:\markdown_viewer\dist\consumer-upgrade-1.31.0\MarkdownViewer\_internal\assets\katex\fonts\KaTeX_Fraktur-Bold.woff
   Compressing: E:\markdown_viewer\dist\consumer-upgrade-1.31.0\MarkdownViewer\_internal\assets\katex\fonts\KaTeX_Fraktur-Bold.woff2
   Compressing: E:\markdown_viewer\dist\consumer-upgrade-1.31.0\MarkdownViewer\_internal\assets\katex\fonts\KaTeX_Fraktur-Regular.ttf
   Compressing: E:\markdown_viewer\dist\consumer-upgrade-1.31.0\MarkdownViewer\_internal\assets\katex\fonts\KaTeX_Fraktur-Regular.woff
   Compressing: E:\markdown_viewer\dist\consumer-upgrade-1.31.0\MarkdownViewer\_internal\assets\katex\fonts\KaTeX_Fraktur-Regular.woff2
   Compressing: E:\markdown_viewer\dist\consumer-upgrade-1.31.0\MarkdownViewer\_internal\assets\katex\fonts\KaTeX_Main-Bold.ttf
   Compressing: E:\markdown_viewer\dist\consumer-upgrade-1.31.0\MarkdownViewer\_internal\assets\katex\fonts\KaTeX_Main-Bold.woff
   Compressing: E:\markdown_viewer\dist\consumer-upgrade-1.31.0\MarkdownViewer\_internal\assets\katex\fonts\KaTeX_Main-Bold.woff2
   Compressing: E:\markdown_viewer\dist\consumer-upgrade-1.31.0\MarkdownViewer\_internal\assets\katex\fonts\KaTeX_Main-BoldItalic.ttf
   Compressing: E:\markdown_viewer\dist\consumer-upgrade-1.31.0\MarkdownViewer\_internal\assets\katex\fonts\KaTeX_Main-BoldItalic.woff
   Compressing: E:\markdown_viewer\dist\consumer-upgrade-1.31.0\MarkdownViewer\_internal\assets\katex\fonts\KaTeX_Main-BoldItalic.woff2
   Compressing: E:\markdown_viewer\dist\consumer-upgrade-1.31.0\MarkdownViewer\_internal\assets\katex\fonts\KaTeX_Main-Italic.ttf
   Compressing: E:\markdown_viewer\dist\consumer-upgrade-1.31.0\MarkdownViewer\_internal\assets\katex\fonts\KaTeX_Main-Italic.woff
   Compressing: E:\markdown_viewer\dist\consumer-upgrade-1.31.0\MarkdownViewer\_internal\assets\katex\fonts\KaTeX_Main-Italic.woff2
   Compressing: E:\markdown_viewer\dist\consumer-upgrade-1.31.0\MarkdownViewer\_internal\assets\katex\fonts\KaTeX_Main-Regular.ttf
   Compressing: E:\markdown_viewer\dist\consumer-upgrade-1.31.0\MarkdownViewer\_internal\assets\katex\fonts\KaTeX_Main-Regular.woff
   Compressing: E:\markdown_viewer\dist\consumer-upgrade-1.31.0\MarkdownViewer\_internal\assets\katex\fonts\KaTeX_Main-Regular.woff2
   Compressing: E:\markdown_viewer\dist\consumer-upgrade-1.31.0\MarkdownViewer\_internal\assets\katex\fonts\KaTeX_Math-BoldItalic.ttf
   Compressing: E:\markdown_viewer\dist\consumer-upgrade-1.31.0\MarkdownViewer\_internal\assets\katex\fonts\KaTeX_Math-BoldItalic.woff
   Compressing: E:\markdown_viewer\dist\consumer-upgrade-1.31.0\MarkdownViewer\_internal\assets\katex\fonts\KaTeX_Math-BoldItalic.woff2
   Compressing: E:\markdown_viewer\dist\consumer-upgrade-1.31.0\MarkdownViewer\_internal\assets\katex\fonts\KaTeX_Math-Italic.ttf
   Compressing: E:\markdown_viewer\dist\consumer-upgrade-1.31.0\MarkdownViewer\_internal\assets\katex\fonts\KaTeX_Math-Italic.woff
   Compressing: E:\markdown_viewer\dist\consumer-upgrade-1.31.0\MarkdownViewer\_internal\assets\katex\fonts\KaTeX_Math-Italic.woff2
   Compressing: E:\markdown_viewer\dist\consumer-upgrade-1.31.0\MarkdownViewer\_internal\assets\katex\fonts\KaTeX_SansSerif-Bold.ttf
   Compressing: E:\markdown_viewer\dist\consumer-upgrade-1.31.0\MarkdownViewer\_internal\assets\katex\fonts\KaTeX_SansSerif-Bold.woff
   Compressing: E:\markdown_viewer\dist\consumer-upgrade-1.31.0\MarkdownViewer\_internal\assets\katex\fonts\KaTeX_SansSerif-Bold.woff2
   Compressing: E:\markdown_viewer\dist\consumer-upgrade-1.31.0\MarkdownViewer\_internal\assets\katex\fonts\KaTeX_SansSerif-Italic.ttf
   Compressing: E:\markdown_viewer\dist\consumer-upgrade-1.31.0\MarkdownViewer\_internal\assets\katex\fonts\KaTeX_SansSerif-Italic.woff
   Compressing: E:\markdown_viewer\dist\consumer-upgrade-1.31.0\MarkdownViewer\_internal\assets\katex\fonts\KaTeX_SansSerif-Italic.woff2
   Compressing: E:\markdown_viewer\dist\consumer-upgrade-1.31.0\MarkdownViewer\_internal\assets\katex\fonts\KaTeX_SansSerif-Regular.ttf
   Compressing: E:\markdown_viewer\dist\consumer-upgrade-1.31.0\MarkdownViewer\_internal\assets\katex\fonts\KaTeX_SansSerif-Regular.woff
   Compressing: E:\markdown_viewer\dist\consumer-upgrade-1.31.0\MarkdownViewer\_internal\assets\katex\fonts\KaTeX_SansSerif-Regular.woff2
   Compressing: E:\markdown_viewer\dist\consumer-upgrade-1.31.0\MarkdownViewer\_internal\assets\katex\fonts\KaTeX_Script-Regular.ttf
   Compressing: E:\markdown_viewer\dist\consumer-upgrade-1.31.0\MarkdownViewer\_internal\assets\katex\fonts\KaTeX_Script-Regular.woff
   Compressing: E:\markdown_viewer\dist\consumer-upgrade-1.31.0\MarkdownViewer\_internal\assets\katex\fonts\KaTeX_Script-Regular.woff2
   Compressing: E:\markdown_viewer\dist\consumer-upgrade-1.31.0\MarkdownViewer\_internal\assets\katex\fonts\KaTeX_Size1-Regular.ttf
   Compressing: E:\markdown_viewer\dist\consumer-upgrade-1.31.0\MarkdownViewer\_internal\assets\katex\fonts\KaTeX_Size1-Regular.woff
   Compressing: E:\markdown_viewer\dist\consumer-upgrade-1.31.0\MarkdownViewer\_internal\assets\katex\fonts\KaTeX_Size1-Regular.woff2
   Compressing: E:\markdown_viewer\dist\consumer-upgrade-1.31.0\MarkdownViewer\_internal\assets\katex\fonts\KaTeX_Size2-Regular.ttf
   Compressing: E:\markdown_viewer\dist\consumer-upgrade-1.31.0\MarkdownViewer\_internal\assets\katex\fonts\KaTeX_Size2-Regular.woff
   Compressing: E:\markdown_viewer\dist\consumer-upgrade-1.31.0\MarkdownViewer\_internal\assets\katex\fonts\KaTeX_Size2-Regular.woff2
   Compressing: E:\markdown_viewer\dist\consumer-upgrade-1.31.0\MarkdownViewer\_internal\assets\katex\fonts\KaTeX_Size3-Regular.ttf
   Compressing: E:\markdown_viewer\dist\consumer-upgrade-1.31.0\MarkdownViewer\_internal\assets\katex\fonts\KaTeX_Size3-Regular.woff
   Compressing: E:\markdown_viewer\dist\consumer-upgrade-1.31.0\MarkdownViewer\_internal\assets\katex\fonts\KaTeX_Size3-Regular.woff2
   Compressing: E:\markdown_viewer\dist\consumer-upgrade-1.31.0\MarkdownViewer\_internal\assets\katex\fonts\KaTeX_Size4-Regular.ttf
   Compressing: E:\markdown_viewer\dist\consumer-upgrade-1.31.0\MarkdownViewer\_internal\assets\katex\fonts\KaTeX_Size4-Regular.woff
   Compressing: E:\markdown_viewer\dist\consumer-upgrade-1.31.0\MarkdownViewer\_internal\assets\katex\fonts\KaTeX_Size4-Regular.woff2
   Compressing: E:\markdown_viewer\dist\consumer-upgrade-1.31.0\MarkdownViewer\_internal\assets\katex\fonts\KaTeX_Typewriter-Regular.ttf
   Compressing: E:\markdown_viewer\dist\consumer-upgrade-1.31.0\MarkdownViewer\_internal\assets\katex\fonts\KaTeX_Typewriter-Regular.woff
   Compressing: E:\markdown_viewer\dist\consumer-upgrade-1.31.0\MarkdownViewer\_internal\assets\katex\fonts\KaTeX_Typewriter-Regular.woff2
   Compressing: E:\markdown_viewer\dist\consumer-upgrade-1.31.0\MarkdownViewer\_internal\assets\vditor\LICENSE
   Compressing: E:\markdown_viewer\dist\consumer-upgrade-1.31.0\MarkdownViewer\_internal\assets\vditor\README.md
   Compressing: E:\markdown_viewer\dist\consumer-upgrade-1.31.0\MarkdownViewer\_internal\assets\vditor\dist\index.css
   Compressing: E:\markdown_viewer\dist\consumer-upgrade-1.31.0\MarkdownViewer\_internal\assets\vditor\dist\index.min.js
   Compressing: E:\markdown_viewer\dist\consumer-upgrade-1.31.0\MarkdownViewer\_internal\assets\vditor\dist\css\code-theme\Auto.css
   Compressing: E:\markdown_viewer\dist\consumer-upgrade-1.31.0\MarkdownViewer\_internal\assets\vditor\dist\css\code-theme\dracula.css
   Compressing: E:\markdown_viewer\dist\consumer-upgrade-1.31.0\MarkdownViewer\_internal\assets\vditor\dist\css\code-theme\github.css
   Compressing: E:\markdown_viewer\dist\consumer-upgrade-1.31.0\MarkdownViewer\_internal\assets\vditor\dist\css\code-theme\material-dark.css
   Compressing: E:\markdown_viewer\dist\consumer-upgrade-1.31.0\MarkdownViewer\_internal\assets\vditor\dist\css\code-theme\material-light.css
   Compressing: E:\markdown_viewer\dist\consumer-upgrade-1.31.0\MarkdownViewer\_internal\assets\vditor\dist\css\code-theme\monokai.css
   Compressing: E:\markdown_viewer\dist\consumer-upgrade-1.31.0\MarkdownViewer\_internal\assets\vditor\dist\css\code-theme\one-dark.css
   Compressing: E:\markdown_viewer\dist\consumer-upgrade-1.31.0\MarkdownViewer\_internal\assets\vditor\dist\css\code-theme\one-light.css
   Compressing: E:\markdown_viewer\dist\consumer-upgrade-1.31.0\MarkdownViewer\_internal\assets\vditor\dist\css\code-theme\quiet-light.css
   Compressing: E:\markdown_viewer\dist\consumer-upgrade-1.31.0\MarkdownViewer\_internal\assets\vditor\dist\css\code-theme\solarized-dark.css
   Compressing: E:\markdown_viewer\dist\consumer-upgrade-1.31.0\MarkdownViewer\_internal\assets\vditor\dist\css\code-theme\solarized-light.css
   Compressing: E:\markdown_viewer\dist\consumer-upgrade-1.31.0\MarkdownViewer\_internal\assets\vditor\dist\css\content-theme\ant-design.css
   Compressing: E:\markdown_viewer\dist\consumer-upgrade-1.31.0\MarkdownViewer\_internal\assets\vditor\dist\css\content-theme\dark.css
   Compressing: E:\markdown_viewer\dist\consumer-upgrade-1.31.0\MarkdownViewer\_internal\assets\vditor\dist\css\content-theme\light.css
   Compressing: E:\markdown_viewer\dist\consumer-upgrade-1.31.0\MarkdownViewer\_internal\assets\vditor\dist\css\content-theme\wechat.css
   Compressing: E:\markdown_viewer\dist\consumer-upgrade-1.31.0\MarkdownViewer\_internal\assets\vditor\dist\css\editor-theme\Auto.css
   Compressing: E:\markdown_viewer\dist\consumer-upgrade-1.31.0\MarkdownViewer\_internal\assets\vditor\dist\css\editor-theme\Dim Light.css
   Compressing: E:\markdown_viewer\dist\consumer-upgrade-1.31.0\MarkdownViewer\_internal\assets\vditor\dist\css\editor-theme\Dracula.css
   Compressing: E:\markdown_viewer\dist\consumer-upgrade-1.31.0\MarkdownViewer\_internal\assets\vditor\dist\css\editor-theme\Github Dark.css
   Compressing: E:\markdown_viewer\dist\consumer-upgrade-1.31.0\MarkdownViewer\_internal\assets\vditor\dist\css\editor-theme\Light.css
   Compressing: E:\markdown_viewer\dist\consumer-upgrade-1.31.0\MarkdownViewer\_internal\assets\vditor\dist\css\editor-theme\Monokai.css
   Compressing: E:\markdown_viewer\dist\consumer-upgrade-1.31.0\MarkdownViewer\_internal\assets\vditor\dist\css\editor-theme\Nord.css
   Compressing: E:\markdown_viewer\dist\consumer-upgrade-1.31.0\MarkdownViewer\_internal\assets\vditor\dist\css\editor-theme\One Dark.css
   Compressing: E:\markdown_viewer\dist\consumer-upgrade-1.31.0\MarkdownViewer\_internal\assets\vditor\dist\css\editor-theme\Solarized.css
   Compressing: E:\markdown_viewer\dist\consumer-upgrade-1.31.0\MarkdownViewer\_internal\assets\vditor\dist\css\editor-theme\Warm Light.css
   Compressing: E:\markdown_viewer\dist\consumer-upgrade-1.31.0\MarkdownViewer\_internal\assets\vditor\dist\images\img-loading.svg
   Compressing: E:\markdown_viewer\dist\consumer-upgrade-1.31.0\MarkdownViewer\_internal\assets\vditor\dist\images\logo.png
   Compressing: E:\markdown_viewer\dist\consumer-upgrade-1.31.0\MarkdownViewer\_internal\assets\vditor\dist\images\emoji\b3log.png
   Compressing: E:\markdown_viewer\dist\consumer-upgrade-1.31.0\MarkdownViewer\_internal\assets\vditor\dist\images\emoji\chainbook.png
   Compressing: E:\markdown_viewer\dist\consumer-upgrade-1.31.0\MarkdownViewer\_internal\assets\vditor\dist\images\emoji\doge.png
   Compressing: E:\markdown_viewer\dist\consumer-upgrade-1.31.0\MarkdownViewer\_internal\assets\vditor\dist\images\emoji\hacpai.png
   Compressing: E:\markdown_viewer\dist\consumer-upgrade-1.31.0\MarkdownViewer\_internal\assets\vditor\dist\images\emoji\huaji.gif
   Compressing: E:\markdown_viewer\dist\consumer-upgrade-1.31.0\MarkdownViewer\_internal\assets\vditor\dist\images\emoji\latke.png
   Compressing: E:\markdown_viewer\dist\consumer-upgrade-1.31.0\MarkdownViewer\_internal\assets\vditor\dist\images\emoji\liandi.png
   Compressing: E:\markdown_viewer\dist\consumer-upgrade-1.31.0\MarkdownViewer\_internal\assets\vditor\dist\images\emoji\lute.png
   Compressing: E:\markdown_viewer\dist\consumer-upgrade-1.31.0\MarkdownViewer\_internal\assets\vditor\dist\images\emoji\octocat.png
   Compressing: E:\markdown_viewer\dist\consumer-upgrade-1.31.0\MarkdownViewer\_internal\assets\vditor\dist\images\emoji\pipe.png
   Compressing: E:\markdown_viewer\dist\consumer-upgrade-1.31.0\MarkdownViewer\_internal\assets\vditor\dist\images\emoji\siyuan.png
   Compressing: E:\markdown_viewer\dist\consumer-upgrade-1.31.0\MarkdownViewer\_internal\assets\vditor\dist\images\emoji\solo.png
   Compressing: E:\markdown_viewer\dist\consumer-upgrade-1.31.0\MarkdownViewer\_internal\assets\vditor\dist\images\emoji\sym.png
   Compressing: E:\markdown_viewer\dist\consumer-upgrade-1.31.0\MarkdownViewer\_internal\assets\vditor\dist\images\emoji\trollface.png
   Compressing: E:\markdown_viewer\dist\consumer-upgrade-1.31.0\MarkdownViewer\_internal\assets\vditor\dist\images\emoji\vditor.png
   Compressing: E:\markdown_viewer\dist\consumer-upgrade-1.31.0\MarkdownViewer\_internal\assets\vditor\dist\images\emoji\wide.png
   Compressing: E:\markdown_viewer\dist\consumer-upgrade-1.31.0\MarkdownViewer\_internal\assets\vditor\dist\images\emoji\wulian.png
   Compressing: E:\markdown_viewer\dist\consumer-upgrade-1.31.0\MarkdownViewer\_internal\assets\vditor\dist\js\highlight.js\highlight.min.js
   Compressing: E:\markdown_viewer\dist\consumer-upgrade-1.31.0\MarkdownViewer\_internal\assets\vditor\dist\js\highlight.js\LICENSE
   Compressing: E:\markdown_viewer\dist\consumer-upgrade-1.31.0\MarkdownViewer\_internal\assets\vditor\dist\js\highlight.js\third-languages.js
   Compressing: E:\markdown_viewer\dist\consumer-upgrade-1.31.0\MarkdownViewer\_internal\assets\vditor\dist\js\highlight.js\styles\a11y-dark.min.css
   Compressing: E:\markdown_viewer\dist\consumer-upgrade-1.31.0\MarkdownViewer\_internal\assets\vditor\dist\js\highlight.js\styles\a11y-light.min.css
   Compressing: E:\markdown_viewer\dist\consumer-upgrade-1.31.0\MarkdownViewer\_internal\assets\vditor\dist\js\highlight.js\styles\agate.min.css
   Compressing: E:\markdown_viewer\dist\consumer-upgrade-1.31.0\MarkdownViewer\_internal\assets\vditor\dist\js\highlight.js\styles\an-old-hope.min.css
   Compressing: E:\markdown_viewer\dist\consumer-upgrade-1.31.0\MarkdownViewer\_internal\assets\vditor\dist\js\highlight.js\styles\androidstudio.min.css
   Compressing: E:\markdown_viewer\dist\consumer-upgrade-1.31.0\MarkdownViewer\_internal\assets\vditor\dist\js\highlight.js\styles\ant-design.min.css
   Compressing: E:\markdown_viewer\dist\consumer-upgrade-1.31.0\MarkdownViewer\_internal\assets\vditor\dist\js\highlight.js\styles\arduino-light.min.css
   Compressing: E:\markdown_viewer\dist\consumer-upgrade-1.31.0\MarkdownViewer\_internal\assets\vditor\dist\js\highlight.js\styles\arta.min.css
   Compressing: E:\markdown_viewer\dist\consumer-upgrade-1.31.0\MarkdownViewer\_internal\assets\vditor\dist\js\highlight.js\styles\ascetic.min.css
   Compressing: E:\markdown_viewer\dist\consumer-upgrade-1.31.0\MarkdownViewer\_internal\assets\vditor\dist\js\highlight.js\styles\atom-one-dark-reasonable.min.css
   Compressing: E:\markdown_viewer\dist\consumer-upgrade-1.31.0\MarkdownViewer\_internal\assets\vditor\dist\js\highlight.js\styles\atom-one-dark.min.css
   Compressing: E:\markdown_viewer\dist\consumer-upgrade-1.31.0\MarkdownViewer\_internal\assets\vditor\dist\js\highlight.js\styles\atom-one-light.min.css
   Compressing: E:\markdown_viewer\dist\consumer-upgrade-1.31.0\MarkdownViewer\_internal\assets\vditor\dist\js\highlight.js\styles\brown-paper.min.css
   Compressing: E:\markdown_viewer\dist\consumer-upgrade-1.31.0\MarkdownViewer\_internal\assets\vditor\dist\js\highlight.js\styles\brown-papersq.png
   Compressing: E:\markdown_viewer\dist\consumer-upgrade-1.31.0\MarkdownViewer\_internal\assets\vditor\dist\js\highlight.js\styles\codepen-embed.min.css
   Compressing: E:\markdown_viewer\dist\consumer-upgrade-1.31.0\MarkdownViewer\_internal\assets\vditor\dist\js\highlight.js\styles\color-brewer.min.css
   Compressing: E:\markdown_viewer\dist\consumer-upgrade-1.31.0\MarkdownViewer\_internal\assets\vditor\dist\js\highlight.js\styles\dark.min.css
   Compressing: E:\markdown_viewer\dist\consumer-upgrade-1.31.0\MarkdownViewer\_internal\assets\vditor\dist\js\highlight.js\styles\default.min.css
   Compressing: E:\markdown_viewer\dist\consumer-upgrade-1.31.0\MarkdownViewer\_internal\assets\vditor\dist\js\highlight.js\styles\devibeans.min.css
   Compressing: E:\markdown_viewer\dist\consumer-upgrade-1.31.0\MarkdownViewer\_internal\assets\vditor\dist\js\highlight.js\styles\docco.min.css
   Compressing: E:\markdown_viewer\dist\consumer-upgrade-1.31.0\MarkdownViewer\_internal\assets\vditor\dist\js\highlight.js\styles\far.min.css
   Compressing: E:\markdown_viewer\dist\consumer-upgrade-1.31.0\MarkdownViewer\_internal\assets\vditor\dist\js\highlight.js\styles\felipec.min.css
   Compressing: E:\markdown_viewer\dist\consumer-upgrade-1.31.0\MarkdownViewer\_internal\assets\vditor\dist\js\highlight.js\styles\foundation.min.css
   Compressing: E:\markdown_viewer\dist\consumer-upgrade-1.31.0\MarkdownViewer\_internal\assets\vditor\dist\js\highlight.js\styles\github-dark-dimmed.min.css
   Compressing: E:\markdown_viewer\dist\consumer-upgrade-1.31.0\MarkdownViewer\_internal\assets\vditor\dist\js\highlight.js\styles\github-dark.min.css
   Compressing: E:\markdown_viewer\dist\consumer-upgrade-1.31.0\MarkdownViewer\_internal\assets\vditor\dist\js\highlight.js\styles\github.min.css
   Compressing: E:\markdown_viewer\dist\consumer-upgrade-1.31.0\MarkdownViewer\_internal\assets\vditor\dist\js\highlight.js\styles\gml.min.css
   Compressing: E:\markdown_viewer\dist\consumer-upgrade-1.31.0\MarkdownViewer\_internal\assets\vditor\dist\js\highlight.js\styles\googlecode.min.css
   Compressing: E:\markdown_viewer\dist\consumer-upgrade-1.31.0\MarkdownViewer\_internal\assets\vditor\dist\js\highlight.js\styles\gradient-dark.min.css
   Compressing: E:\markdown_viewer\dist\consumer-upgrade-1.31.0\MarkdownViewer\_internal\assets\vditor\dist\js\highlight.js\styles\gradient-light.min.css
   Compressing: E:\markdown_viewer\dist\consumer-upgrade-1.31.0\MarkdownViewer\_internal\assets\vditor\dist\js\highlight.js\styles\grayscale.min.css
   Compressing: E:\markdown_viewer\dist\consumer-upgrade-1.31.0\MarkdownViewer\_internal\assets\vditor\dist\js\highlight.js\styles\hybrid.min.css
   Compressing: E:\markdown_viewer\dist\consumer-upgrade-1.31.0\MarkdownViewer\_internal\assets\vditor\dist\js\highlight.js\styles\idea.min.css
   Compressing: E:\markdown_viewer\dist\consumer-upgrade-1.31.0\MarkdownViewer\_internal\assets\vditor\dist\js\highlight.js\styles\intellij-light.min.css
   Compressing: E:\markdown_viewer\dist\consumer-upgrade-1.31.0\MarkdownViewer\_internal\assets\vditor\dist\js\highlight.js\styles\ir-black.min.css
   Compressing: E:\markdown_viewer\dist\consumer-upgrade-1.31.0\MarkdownViewer\_internal\assets\vditor\dist\js\highlight.js\styles\isbl-editor-dark.min.css
   Compressing: E:\markdown_viewer\dist\consumer-upgrade-1.31.0\MarkdownViewer\_internal\assets\vditor\dist\js\highlight.js\styles\isbl-editor-light.min.css
   Compressing: E:\markdown_viewer\dist\consumer-upgrade-1.31.0\MarkdownViewer\_internal\assets\vditor\dist\js\highlight.js\styles\kimbie-dark.min.css
   Compressing: E:\markdown_viewer\dist\consumer-upgrade-1.31.0\MarkdownViewer\_internal\assets\vditor\dist\js\highlight.js\styles\kimbie-light.min.css
   Compressing: E:\markdown_viewer\dist\consumer-upgrade-1.31.0\MarkdownViewer\_internal\assets\vditor\dist\js\highlight.js\styles\lightfair.min.css
   Compressing: E:\markdown_viewer\dist\consumer-upgrade-1.31.0\MarkdownViewer\_internal\assets\vditor\dist\js\highlight.js\styles\lioshi.min.css
   Compressing: E:\markdown_viewer\dist\consumer-upgrade-1.31.0\MarkdownViewer\_internal\assets\vditor\dist\js\highlight.js\styles\magula.min.css
   Compressing: E:\markdown_viewer\dist\consumer-upgrade-1.31.0\MarkdownViewer\_internal\assets\vditor\dist\js\highlight.js\styles\mono-blue.min.css
   Compressing: E:\markdown_viewer\dist\consumer-upgrade-1.31.0\MarkdownViewer\_internal\assets\vditor\dist\js\highlight.js\styles\monokai-sublime.min.css
   Compressing: E:\markdown_viewer\dist\consumer-upgrade-1.31.0\MarkdownViewer\_internal\assets\vditor\dist\js\highlight.js\styles\monokai.min.css
   Compressing: E:\markdown_viewer\dist\consumer-upgrade-1.31.0\MarkdownViewer\_internal\assets\vditor\dist\js\highlight.js\styles\night-owl.min.css
   Compressing: E:\markdown_viewer\dist\consumer-upgrade-1.31.0\MarkdownViewer\_internal\assets\vditor\dist\js\highlight.js\styles\nnfx-dark.min.css
   Compressing: E:\markdown_viewer\dist\consumer-upgrade-1.31.0\MarkdownViewer\_internal\assets\vditor\dist\js\highlight.js\styles\nnfx-light.min.css
   Compressing: E:\markdown_viewer\dist\consumer-upgrade-1.31.0\MarkdownViewer\_internal\assets\vditor\dist\js\highlight.js\styles\nord.min.css
   Compressing: E:\markdown_viewer\dist\consumer-upgrade-1.31.0\MarkdownViewer\_internal\assets\vditor\dist\js\highlight.js\styles\obsidian.min.css
   Compressing: E:\markdown_viewer\dist\consumer-upgrade-1.31.0\MarkdownViewer\_internal\assets\vditor\dist\js\highlight.js\styles\panda-syntax-dark.min.css
   Compressing: E:\markdown_viewer\dist\consumer-upgrade-1.31.0\MarkdownViewer\_internal\assets\vditor\dist\js\highlight.js\styles\panda-syntax-light.min.css
   Compressing: E:\markdown_viewer\dist\consumer-upgrade-1.31.0\MarkdownViewer\_internal\assets\vditor\dist\js\highlight.js\styles\paraiso-dark.min.css
   Compressing: E:\markdown_viewer\dist\consumer-upgrade-1.31.0\MarkdownViewer\_internal\assets\vditor\dist\js\highlight.js\styles\paraiso-light.min.css
   Compressing: E:\markdown_viewer\dist\consumer-upgrade-1.31.0\MarkdownViewer\_internal\assets\vditor\dist\js\highlight.js\styles\pojoaque.jpg
   Compressing: E:\markdown_viewer\dist\consumer-upgrade-1.31.0\MarkdownViewer\_internal\assets\vditor\dist\js\highlight.js\styles\pojoaque.min.css
   Compressing: E:\markdown_viewer\dist\consumer-upgrade-1.31.0\MarkdownViewer\_internal\assets\vditor\dist\js\highlight.js\styles\purebasic.min.css
   Compressing: E:\markdown_viewer\dist\consumer-upgrade-1.31.0\MarkdownViewer\_internal\assets\vditor\dist\js\highlight.js\styles\qtcreator-dark.min.css
   Compressing: E:\markdown_viewer\dist\consumer-upgrade-1.31.0\MarkdownViewer\_internal\assets\vditor\dist\js\highlight.js\styles\qtcreator-light.min.css
   Compressing: E:\markdown_viewer\dist\consumer-upgrade-1.31.0\MarkdownViewer\_internal\assets\vditor\dist\js\highlight.js\styles\rainbow.min.css
   Compressing: E:\markdown_viewer\dist\consumer-upgrade-1.31.0\MarkdownViewer\_internal\assets\vditor\dist\js\highlight.js\styles\routeros.min.css
   Compressing: E:\markdown_viewer\dist\consumer-upgrade-1.31.0\MarkdownViewer\_internal\assets\vditor\dist\js\highlight.js\styles\school-book.min.css
   Compressing: E:\markdown_viewer\dist\consumer-upgrade-1.31.0\MarkdownViewer\_internal\assets\vditor\dist\js\highlight.js\styles\shades-of-purple.min.css
   Compressing: E:\markdown_viewer\dist\consumer-upgrade-1.31.0\MarkdownViewer\_internal\assets\vditor\dist\js\highlight.js\styles\srcery.min.css
   Compressing: E:\markdown_viewer\dist\consumer-upgrade-1.31.0\MarkdownViewer\_internal\assets\vditor\dist\js\highlight.js\styles\stackoverflow-dark.min.css
   Compressing: E:\markdown_viewer\dist\consumer-upgrade-1.31.0\MarkdownViewer\_internal\assets\vditor\dist\js\highlight.js\styles\stackoverflow-light.min.css
   Compressing: E:\markdown_viewer\dist\consumer-upgrade-1.31.0\MarkdownViewer\_internal\assets\vditor\dist\js\highlight.js\styles\sunburst.min.css
   Compressing: E:\markdown_viewer\dist\consumer-upgrade-1.31.0\MarkdownViewer\_internal\assets\vditor\dist\js\highlight.js\styles\tokyo-night-dark.min.css
   Compressing: E:\markdown_viewer\dist\consumer-upgrade-1.31.0\MarkdownViewer\_internal\assets\vditor\dist\js\highlight.js\styles\tokyo-night-light.min.css
   Compressing: E:\markdown_viewer\dist\consumer-upgrade-1.31.0\MarkdownViewer\_internal\assets\vditor\dist\js\highlight.js\styles\tomorrow-night-blue.min.css
   Compressing: E:\markdown_viewer\dist\consumer-upgrade-1.31.0\MarkdownViewer\_internal\assets\vditor\dist\js\highlight.js\styles\tomorrow-night-bright.min.css
   Compressing: E:\markdown_viewer\dist\consumer-upgrade-1.31.0\MarkdownViewer\_internal\assets\vditor\dist\js\highlight.js\styles\vs.min.css
   Compressing: E:\markdown_viewer\dist\consumer-upgrade-1.31.0\MarkdownViewer\_internal\assets\vditor\dist\js\highlight.js\styles\vs2015.min.css
   Compressing: E:\markdown_viewer\dist\consumer-upgrade-1.31.0\MarkdownViewer\_internal\assets\vditor\dist\js\highlight.js\styles\xcode.min.css
   Compressing: E:\markdown_viewer\dist\consumer-upgrade-1.31.0\MarkdownViewer\_internal\assets\vditor\dist\js\highlight.js\styles\xt256.min.css
   Compressing: E:\markdown_viewer\dist\consumer-upgrade-1.31.0\MarkdownViewer\_internal\assets\vditor\dist\js\highlight.js\styles\base16\3024.min.css
   Compressing: E:\markdown_viewer\dist\consumer-upgrade-1.31.0\MarkdownViewer\_internal\assets\vditor\dist\js\highlight.js\styles\base16\apathy.min.css
   Compressing: E:\markdown_viewer\dist\consumer-upgrade-1.31.0\MarkdownViewer\_internal\assets\vditor\dist\js\highlight.js\styles\base16\apprentice.min.css
   Compressing: E:\markdown_viewer\dist\consumer-upgrade-1.31.0\MarkdownViewer\_internal\assets\vditor\dist\js\highlight.js\styles\base16\ashes.min.css
   Compressing: E:\markdown_viewer\dist\consumer-upgrade-1.31.0\MarkdownViewer\_internal\assets\vditor\dist\js\highlight.js\styles\base16\atelier-cave-light.min.css
   Compressing: E:\markdown_viewer\dist\consumer-upgrade-1.31.0\MarkdownViewer\_internal\assets\vditor\dist\js\highlight.js\styles\base16\atelier-cave.min.css
   Compressing: E:\markdown_viewer\dist\consumer-upgrade-1.31.0\MarkdownViewer\_internal\assets\vditor\dist\js\highlight.js\styles\base16\atelier-dune-light.min.css
   Compressing: E:\markdown_viewer\dist\consumer-upgrade-1.31.0\MarkdownViewer\_internal\assets\vditor\dist\js\highlight.js\styles\base16\atelier-dune.min.css
   Compressing: E:\markdown_viewer\dist\consumer-upgrade-1.31.0\MarkdownViewer\_internal\assets\vditor\dist\js\highlight.js\styles\base16\atelier-estuary-light.min.css
   Compressing: E:\markdown_viewer\dist\consumer-upgrade-1.31.0\MarkdownViewer\_internal\assets\vditor\dist\js\highlight.js\styles\base16\atelier-estuary.min.css
   Compressing: E:\markdown_viewer\dist\consumer-upgrade-1.31.0\MarkdownViewer\_internal\assets\vditor\dist\js\highlight.js\styles\base16\atelier-forest-light.min.css
   Compressing: E:\markdown_viewer\dist\consumer-upgrade-1.31.0\MarkdownViewer\_internal\assets\vditor\dist\js\highlight.js\styles\base16\atelier-forest.min.css
   Compressing: E:\markdown_viewer\dist\consumer-upgrade-1.31.0\MarkdownViewer\_internal\assets\vditor\dist\js\highlight.js\styles\base16\atelier-heath-light.min.css
   Compressing: E:\markdown_viewer\dist\consumer-upgrade-1.31.0\MarkdownViewer\_internal\assets\vditor\dist\js\highlight.js\styles\base16\atelier-heath.min.css
   Compressing: E:\markdown_viewer\dist\consumer-upgrade-1.31.0\MarkdownViewer\_internal\assets\vditor\dist\js\highlight.js\styles\base16\atelier-lakeside-light.min.css
   Compressing: E:\markdown_viewer\dist\consumer-upgrade-1.31.0\MarkdownViewer\_internal\assets\vditor\dist\js\highlight.js\styles\base16\atelier-lakeside.min.css
   Compressing: E:\markdown_viewer\dist\consumer-upgrade-1.31.0\MarkdownViewer\_internal\assets\vditor\dist\js\highlight.js\styles\base16\atelier-plateau-light.min.css
   Compressing: E:\markdown_viewer\dist\consumer-upgrade-1.31.0\MarkdownViewer\_internal\assets\vditor\dist\js\highlight.js\styles\base16\atelier-plateau.min.css
   Compressing: E:\markdown_viewer\dist\consumer-upgrade-1.31.0\MarkdownViewer\_internal\assets\vditor\dist\js\highlight.js\styles\base16\atelier-savanna-light.min.css
   Compressing: E:\markdown_viewer\dist\consumer-upgrade-1.31.0\MarkdownViewer\_internal\assets\vditor\dist\js\highlight.js\styles\base16\atelier-savanna.min.css
   Compressing: E:\markdown_viewer\dist\consumer-upgrade-1.31.0\MarkdownViewer\_internal\assets\vditor\dist\js\highlight.js\styles\base16\atelier-seaside-light.min.css
   Compressing: E:\markdown_viewer\dist\consumer-upgrade-1.31.0\MarkdownViewer\_internal\assets\vditor\dist\js\highlight.js\styles\base16\atelier-seaside.min.css
   Compressing: E:\markdown_viewer\dist\consumer-upgrade-1.31.0\MarkdownViewer\_internal\assets\vditor\dist\js\highlight.js\styles\base16\atelier-sulphurpool-light.min.css
   Compressing: E:\markdown_viewer\dist\consumer-upgrade-1.31.0\MarkdownViewer\_internal\assets\vditor\dist\js\highlight.js\styles\base16\atelier-sulphurpool.min.css
   Compressing: E:\markdown_viewer\dist\consumer-upgrade-1.31.0\MarkdownViewer\_internal\assets\vditor\dist\js\highlight.js\styles\base16\atlas.min.css
   Compressing: E:\markdown_viewer\dist\consumer-upgrade-1.31.0\MarkdownViewer\_internal\assets\vditor\dist\js\highlight.js\styles\base16\bespin.min.css
   Compressing: E:\markdown_viewer\dist\consumer-upgrade-1.31.0\MarkdownViewer\_internal\assets\vditor\dist\js\highlight.js\styles\base16\black-metal-bathory.min.css
   Compressing: E:\markdown_viewer\dist\consumer-upgrade-1.31.0\MarkdownViewer\_internal\assets\vditor\dist\js\highlight.js\styles\base16\black-metal-burzum.min.css
   Compressing: E:\markdown_viewer\dist\consumer-upgrade-1.31.0\MarkdownViewer\_internal\assets\vditor\dist\js\highlight.js\styles\base16\black-metal-dark-funeral.min.css
   Compressing: E:\markdown_viewer\dist\consumer-upgrade-1.31.0\MarkdownViewer\_internal\assets\vditor\dist\js\highlight.js\styles\base16\black-metal-gorgoroth.min.css
   Compressing: E:\markdown_viewer\dist\consumer-upgrade-1.31.0\MarkdownViewer\_internal\assets\vditor\dist\js\highlight.js\styles\base16\black-metal-immortal.min.css
   Compressing: E:\markdown_viewer\dist\consumer-upgrade-1.31.0\MarkdownViewer\_internal\assets\vditor\dist\js\highlight.js\styles\base16\black-metal-khold.min.css
   Compressing: E:\markdown_viewer\dist\consumer-upgrade-1.31.0\MarkdownViewer\_internal\assets\vditor\dist\js\highlight.js\styles\base16\black-metal-marduk.min.css
   Compressing: E:\markdown_viewer\dist\consumer-upgrade-1.31.0\MarkdownViewer\_internal\assets\vditor\dist\js\highlight.js\styles\base16\black-metal-mayhem.min.css
   Compressing: E:\markdown_viewer\dist\consumer-upgrade-1.31.0\MarkdownViewer\_internal\assets\vditor\dist\js\highlight.js\styles\base16\black-metal-nile.min.css
   Compressing: E:\markdown_viewer\dist\consumer-upgrade-1.31.0\MarkdownViewer\_internal\assets\vditor\dist\js\highlight.js\styles\base16\black-metal-venom.min.css
   Compressing: E:\markdown_viewer\dist\consumer-upgrade-1.31.0\MarkdownViewer\_internal\assets\vditor\dist\js\highlight.js\styles\base16\black-metal.min.css
   Compressing: E:\markdown_viewer\dist\consumer-upgrade-1.31.0\MarkdownViewer\_internal\assets\vditor\dist\js\highlight.js\styles\base16\brewer.min.css
   Compressing: E:\markdown_viewer\dist\consumer-upgrade-1.31.0\MarkdownViewer\_internal\assets\vditor\dist\js\highlight.js\styles\base16\bright.min.css
   Compressing: E:\markdown_viewer\dist\consumer-upgrade-1.31.0\MarkdownViewer\_internal\assets\vditor\dist\js\highlight.js\styles\base16\brogrammer.min.css
   Compressing: E:\markdown_viewer\dist\consumer-upgrade-1.31.0\MarkdownViewer\_internal\assets\vditor\dist\js\highlight.js\styles\base16\brush-trees-dark.min.css
   Compressing: E:\markdown_viewer\dist\consumer-upgrade-1.31.0\MarkdownViewer\_internal\assets\vditor\dist\js\highlight.js\styles\base16\brush-trees.min.css
   Compressing: E:\markdown_viewer\dist\consumer-upgrade-1.31.0\MarkdownViewer\_internal\assets\vditor\dist\js\highlight.js\styles\base16\chalk.min.css
   Compressing: E:\markdown_viewer\dist\consumer-upgrade-1.31.0\MarkdownViewer\_internal\assets\vditor\dist\js\highlight.js\styles\base16\circus.min.css
   Compressing: E:\markdown_viewer\dist\consumer-upgrade-1.31.0\MarkdownViewer\_internal\assets\vditor\dist\js\highlight.js\styles\base16\classic-dark.min.css
   Compressing: E:\markdown_viewer\dist\consumer-upgrade-1.31.0\MarkdownViewer\_internal\assets\vditor\dist\js\highlight.js\styles\base16\classic-light.min.css
   Compressing: E:\markdown_viewer\dist\consumer-upgrade-1.31.0\MarkdownViewer\_internal\assets\vditor\dist\js\highlight.js\styles\base16\codeschool.min.css
   Compressing: E:\markdown_viewer\dist\consumer-upgrade-1.31.0\MarkdownViewer\_internal\assets\vditor\dist\js\highlight.js\styles\base16\colors.min.css
   Compressing: E:\markdown_viewer\dist\consumer-upgrade-1.31.0\MarkdownViewer\_internal\assets\vditor\dist\js\highlight.js\styles\base16\cupcake.min.css
   Compressing: E:\markdown_viewer\dist\consumer-upgrade-1.31.0\MarkdownViewer\_internal\assets\vditor\dist\js\highlight.js\styles\base16\cupertino.min.css
   Compressing: E:\markdown_viewer\dist\consumer-upgrade-1.31.0\MarkdownViewer\_internal\assets\vditor\dist\js\highlight.js\styles\base16\danqing.min.css
   Compressing: E:\markdown_viewer\dist\consumer-upgrade-1.31.0\MarkdownViewer\_internal\assets\vditor\dist\js\highlight.js\styles\base16\darcula.min.css
   Compressing: E:\markdown_viewer\dist\consumer-upgrade-1.31.0\MarkdownViewer\_internal\assets\vditor\dist\js\highlight.js\styles\base16\dark-violet.min.css
   Compressing: E:\markdown_viewer\dist\consumer-upgrade-1.31.0\MarkdownViewer\_internal\assets\vditor\dist\js\highlight.js\styles\base16\darkmoss.min.css
   Compressing: E:\markdown_viewer\dist\consumer-upgrade-1.31.0\MarkdownViewer\_internal\assets\vditor\dist\js\highlight.js\styles\base16\darktooth.min.css
   Compressing: E:\markdown_viewer\dist\consumer-upgrade-1.31.0\MarkdownViewer\_internal\assets\vditor\dist\js\highlight.js\styles\base16\decaf.min.css
   Compressing: E:\markdown_viewer\dist\consumer-upgrade-1.31.0\MarkdownViewer\_internal\assets\vditor\dist\js\highlight.js\styles\base16\default-dark.min.css
   Compressing: E:\markdown_viewer\dist\consumer-upgrade-1.31.0\MarkdownViewer\_internal\assets\vditor\dist\js\highlight.js\styles\base16\default-light.min.css
   Compressing: E:\markdown_viewer\dist\consumer-upgrade-1.31.0\MarkdownViewer\_internal\assets\vditor\dist\js\highlight.js\styles\base16\dirtysea.min.css
   Compressing: E:\markdown_viewer\dist\consumer-upgrade-1.31.0\MarkdownViewer\_internal\assets\vditor\dist\js\highlight.js\styles\base16\dracula.min.css
   Compressing: E:\markdown_viewer\dist\consumer-upgrade-1.31.0\MarkdownViewer\_internal\assets\vditor\dist\js\highlight.js\styles\base16\edge-dark.min.css
   Compressing: E:\markdown_viewer\dist\consumer-upgrade-1.31.0\MarkdownViewer\_internal\assets\vditor\dist\js\highlight.js\styles\base16\edge-light.min.css
   Compressing: E:\markdown_viewer\dist\consumer-upgrade-1.31.0\MarkdownViewer\_internal\assets\vditor\dist\js\highlight.js\styles\base16\eighties.min.css
   Compressing: E:\markdown_viewer\dist\consumer-upgrade-1.31.0\MarkdownViewer\_internal\assets\vditor\dist\js\highlight.js\styles\base16\embers.min.css
   Compressing: E:\markdown_viewer\dist\consumer-upgrade-1.31.0\MarkdownViewer\_internal\assets\vditor\dist\js\highlight.js\styles\base16\equilibrium-dark.min.css
   Compressing: E:\markdown_viewer\dist\consumer-upgrade-1.31.0\MarkdownViewer\_internal\assets\vditor\dist\js\highlight.js\styles\base16\equilibrium-gray-dark.min.css
   Compressing: E:\markdown_viewer\dist\consumer-upgrade-1.31.0\MarkdownViewer\_internal\assets\vditor\dist\js\highlight.js\styles\base16\equilibrium-gray-light.min.css
   Compressing: E:\markdown_viewer\dist\consumer-upgrade-1.31.0\MarkdownViewer\_internal\assets\vditor\dist\js\highlight.js\styles\base16\equilibrium-light.min.css
   Compressing: E:\markdown_viewer\dist\consumer-upgrade-1.31.0\MarkdownViewer\_internal\assets\vditor\dist\js\highlight.js\styles\base16\espresso.min.css
   Compressing: E:\markdown_viewer\dist\consumer-upgrade-1.31.0\MarkdownViewer\_internal\assets\vditor\dist\js\highlight.js\styles\base16\eva-dim.min.css
   Compressing: E:\markdown_viewer\dist\consumer-upgrade-1.31.0\MarkdownViewer\_internal\assets\vditor\dist\js\highlight.js\styles\base16\eva.min.css
   Compressing: E:\markdown_viewer\dist\consumer-upgrade-1.31.0\MarkdownViewer\_internal\assets\vditor\dist\js\highlight.js\styles\base16\flat.min.css
   Compressing: E:\markdown_viewer\dist\consumer-upgrade-1.31.0\MarkdownViewer\_internal\assets\vditor\dist\js\highlight.js\styles\base16\framer.min.css
   Compressing: E:\markdown_viewer\dist\consumer-upgrade-1.31.0\MarkdownViewer\_internal\assets\vditor\dist\js\highlight.js\styles\base16\fruit-soda.min.css
   Compressing: E:\markdown_viewer\dist\consumer-upgrade-1.31.0\MarkdownViewer\_internal\assets\vditor\dist\js\highlight.js\styles\base16\gigavolt.min.css
   Compressing: E:\markdown_viewer\dist\consumer-upgrade-1.31.0\MarkdownViewer\_internal\assets\vditor\dist\js\highlight.js\styles\base16\github.min.css
   Compressing: E:\markdown_viewer\dist\consumer-upgrade-1.31.0\MarkdownViewer\_internal\assets\vditor\dist\js\highlight.js\styles\base16\google-dark.min.css
   Compressing: E:\markdown_viewer\dist\consumer-upgrade-1.31.0\MarkdownViewer\_internal\assets\vditor\dist\js\highlight.js\styles\base16\google-light.min.css
   Compressing: E:\markdown_viewer\dist\consumer-upgrade-1.31.0\MarkdownViewer\_internal\assets\vditor\dist\js\highlight.js\styles\base16\grayscale-dark.min.css
   Compressing: E:\markdown_viewer\dist\consumer-upgrade-1.31.0\MarkdownViewer\_internal\assets\vditor\dist\js\highlight.js\styles\base16\grayscale-light.min.css
   Compressing: E:\markdown_viewer\dist\consumer-upgrade-1.31.0\MarkdownViewer\_internal\assets\vditor\dist\js\highlight.js\styles\base16\green-screen.min.css
   Compressing: E:\markdown_viewer\dist\consumer-upgrade-1.31.0\MarkdownViewer\_internal\assets\vditor\dist\js\highlight.js\styles\base16\gruvbox-dark-hard.min.css
   Compressing: E:\markdown_viewer\dist\consumer-upgrade-1.31.0\MarkdownViewer\_internal\assets\vditor\dist\js\highlight.js\styles\base16\gruvbox-dark-medium.min.css
   Compressing: E:\markdown_viewer\dist\consumer-upgrade-1.31.0\MarkdownViewer\_internal\assets\vditor\dist\js\highlight.js\styles\base16\gruvbox-dark-pale.min.css
   Compressing: E:\markdown_viewer\dist\consumer-upgrade-1.31.0\MarkdownViewer\_internal\assets\vditor\dist\js\highlight.js\styles\base16\gruvbox-dark-soft.min.css
   Compressing: E:\markdown_viewer\dist\consumer-upgrade-1.31.0\MarkdownViewer\_internal\assets\vditor\dist\js\highlight.js\styles\base16\gruvbox-light-hard.min.css
   Compressing: E:\markdown_viewer\dist\consumer-upgrade-1.31.0\MarkdownViewer\_internal\assets\vditor\dist\js\highlight.js\styles\base16\gruvbox-light-medium.min.css
   Compressing: E:\markdown_viewer\dist\consumer-upgrade-1.31.0\MarkdownViewer\_internal\assets\vditor\dist\js\highlight.js\styles\base16\gruvbox-light-soft.min.css
   Compressing: E:\markdown_viewer\dist\consumer-upgrade-1.31.0\MarkdownViewer\_internal\assets\vditor\dist\js\highlight.js\styles\base16\hardcore.min.css
   Compressing: E:\markdown_viewer\dist\consumer-upgrade-1.31.0\MarkdownViewer\_internal\assets\vditor\dist\js\highlight.js\styles\base16\harmonic16-dark.min.css
   Compressing: E:\markdown_viewer\dist\consumer-upgrade-1.31.0\MarkdownViewer\_internal\assets\vditor\dist\js\highlight.js\styles\base16\harmonic16-light.min.css
   Compressing: E:\markdown_viewer\dist\consumer-upgrade-1.31.0\MarkdownViewer\_internal\assets\vditor\dist\js\highlight.js\styles\base16\heetch-dark.min.css
   Compressing: E:\markdown_viewer\dist\consumer-upgrade-1.31.0\MarkdownViewer\_internal\assets\vditor\dist\js\highlight.js\styles\base16\heetch-light.min.css
   Compressing: E:\markdown_viewer\dist\consumer-upgrade-1.31.0\MarkdownViewer\_internal\assets\vditor\dist\js\highlight.js\styles\base16\helios.min.css
   Compressing: E:\markdown_viewer\dist\consumer-upgrade-1.31.0\MarkdownViewer\_internal\assets\vditor\dist\js\highlight.js\styles\base16\hopscotch.min.css
   Compressing: E:\markdown_viewer\dist\consumer-upgrade-1.31.0\MarkdownViewer\_internal\assets\vditor\dist\js\highlight.js\styles\base16\horizon-dark.min.css
   Compressing: E:\markdown_viewer\dist\consumer-upgrade-1.31.0\MarkdownViewer\_internal\assets\vditor\dist\js\highlight.js\styles\base16\horizon-light.min.css
   Compressing: E:\markdown_viewer\dist\consumer-upgrade-1.31.0\MarkdownViewer\_internal\assets\vditor\dist\js\highlight.js\styles\base16\humanoid-dark.min.css
   Compressing: E:\markdown_viewer\dist\consumer-upgrade-1.31.0\MarkdownViewer\_internal\assets\vditor\dist\js\highlight.js\styles\base16\humanoid-light.min.css
   Compressing: E:\markdown_viewer\dist\consumer-upgrade-1.31.0\MarkdownViewer\_internal\assets\vditor\dist\js\highlight.js\styles\base16\ia-dark.min.css
   Compressing: E:\markdown_viewer\dist\consumer-upgrade-1.31.0\MarkdownViewer\_internal\assets\vditor\dist\js\highlight.js\styles\base16\ia-light.min.css
   Compressing: E:\markdown_viewer\dist\consumer-upgrade-1.31.0\MarkdownViewer\_internal\assets\vditor\dist\js\highlight.js\styles\base16\icy-dark.min.css
   Compressing: E:\markdown_viewer\dist\consumer-upgrade-1.31.0\MarkdownViewer\_internal\assets\vditor\dist\js\highlight.js\styles\base16\ir-black.min.css
   Compressing: E:\markdown_viewer\dist\consumer-upgrade-1.31.0\MarkdownViewer\_internal\assets\vditor\dist\js\highlight.js\styles\base16\isotope.min.css
   Compressing: E:\markdown_viewer\dist\consumer-upgrade-1.31.0\MarkdownViewer\_internal\assets\vditor\dist\js\highlight.js\styles\base16\kimber.min.css
   Compressing: E:\markdown_viewer\dist\consumer-upgrade-1.31.0\MarkdownViewer\_internal\assets\vditor\dist\js\highlight.js\styles\base16\london-tube.min.css
   Compressing: E:\markdown_viewer\dist\consumer-upgrade-1.31.0\MarkdownViewer\_internal\assets\vditor\dist\js\highlight.js\styles\base16\macintosh.min.css
   Compressing: E:\markdown_viewer\dist\consumer-upgrade-1.31.0\MarkdownViewer\_internal\assets\vditor\dist\js\highlight.js\styles\base16\marrakesh.min.css
   Compressing: E:\markdown_viewer\dist\consumer-upgrade-1.31.0\MarkdownViewer\_internal\assets\vditor\dist\js\highlight.js\styles\base16\materia.min.css
   Compressing: E:\markdown_viewer\dist\consumer-upgrade-1.31.0\MarkdownViewer\_internal\assets\vditor\dist\js\highlight.js\styles\base16\material-darker.min.css
   Compressing: E:\markdown_viewer\dist\consumer-upgrade-1.31.0\MarkdownViewer\_internal\assets\vditor\dist\js\highlight.js\styles\base16\material-lighter.min.css
   Compressing: E:\markdown_viewer\dist\consumer-upgrade-1.31.0\MarkdownViewer\_internal\assets\vditor\dist\js\highlight.js\styles\base16\material-palenight.min.css
   Compressing: E:\markdown_viewer\dist\consumer-upgrade-1.31.0\MarkdownViewer\_internal\assets\vditor\dist\js\highlight.js\styles\base16\material-vivid.min.css
   Compressing: E:\markdown_viewer\dist\consumer-upgrade-1.31.0\MarkdownViewer\_internal\assets\vditor\dist\js\highlight.js\styles\base16\material.min.css
   Compressing: E:\markdown_viewer\dist\consumer-upgrade-1.31.0\MarkdownViewer\_internal\assets\vditor\dist\js\highlight.js\styles\base16\mellow-purple.min.css
   Compressing: E:\markdown_viewer\dist\consumer-upgrade-1.31.0\MarkdownViewer\_internal\assets\vditor\dist\js\highlight.js\styles\base16\mexico-light.min.css
   Compressing: E:\markdown_viewer\dist\consumer-upgrade-1.31.0\MarkdownViewer\_internal\assets\vditor\dist\js\highlight.js\styles\base16\mocha.min.css
   Compressing: E:\markdown_viewer\dist\consumer-upgrade-1.31.0\MarkdownViewer\_internal\assets\vditor\dist\js\highlight.js\styles\base16\monokai.min.css
   Compressing: E:\markdown_viewer\dist\consumer-upgrade-1.31.0\MarkdownViewer\_internal\assets\vditor\dist\js\highlight.js\styles\base16\nebula.min.css
   Compressing: E:\markdown_viewer\dist\consumer-upgrade-1.31.0\MarkdownViewer\_internal\assets\vditor\dist\js\highlight.js\styles\base16\nord.min.css
   Compressing: E:\markdown_viewer\dist\consumer-upgrade-1.31.0\MarkdownViewer\_internal\assets\vditor\dist\js\highlight.js\styles\base16\nova.min.css
   Compressing: E:\markdown_viewer\dist\consumer-upgrade-1.31.0\MarkdownViewer\_internal\assets\vditor\dist\js\highlight.js\styles\base16\ocean.min.css
   Compressing: E:\markdown_viewer\dist\consumer-upgrade-1.31.0\MarkdownViewer\_internal\assets\vditor\dist\js\highlight.js\styles\base16\oceanicnext.min.css
   Compressing: E:\markdown_viewer\dist\consumer-upgrade-1.31.0\MarkdownViewer\_internal\assets\vditor\dist\js\highlight.js\styles\base16\one-light.min.css
   Compressing: E:\markdown_viewer\dist\consumer-upgrade-1.31.0\MarkdownViewer\_internal\assets\vditor\dist\js\highlight.js\styles\base16\onedark.min.css
   Compressing: E:\markdown_viewer\dist\consumer-upgrade-1.31.0\MarkdownViewer\_internal\assets\vditor\dist\js\highlight.js\styles\base16\outrun-dark.min.css
   Compressing: E:\markdown_viewer\dist\consumer-upgrade-1.31.0\MarkdownViewer\_internal\assets\vditor\dist\js\highlight.js\styles\base16\papercolor-dark.min.css
   Compressing: E:\markdown_viewer\dist\consumer-upgrade-1.31.0\MarkdownViewer\_internal\assets\vditor\dist\js\highlight.js\styles\base16\papercolor-light.min.css
   Compressing: E:\markdown_viewer\dist\consumer-upgrade-1.31.0\MarkdownViewer\_internal\assets\vditor\dist\js\highlight.js\styles\base16\paraiso.min.css
   Compressing: E:\markdown_viewer\dist\consumer-upgrade-1.31.0\MarkdownViewer\_internal\assets\vditor\dist\js\highlight.js\styles\base16\pasque.min.css
   Compressing: E:\markdown_viewer\dist\consumer-upgrade-1.31.0\MarkdownViewer\_internal\assets\vditor\dist\js\highlight.js\styles\base16\phd.min.css
   Compressing: E:\markdown_viewer\dist\consumer-upgrade-1.31.0\MarkdownViewer\_internal\assets\vditor\dist\js\highlight.js\styles\base16\pico.min.css
   Compressing: E:\markdown_viewer\dist\consumer-upgrade-1.31.0\MarkdownViewer\_internal\assets\vditor\dist\js\highlight.js\styles\base16\pop.min.css
   Compressing: E:\markdown_viewer\dist\consumer-upgrade-1.31.0\MarkdownViewer\_internal\assets\vditor\dist\js\highlight.js\styles\base16\porple.min.css
   Compressing: E:\markdown_viewer\dist\consumer-upgrade-1.31.0\MarkdownViewer\_internal\assets\vditor\dist\js\highlight.js\styles\base16\qualia.min.css
   Compressing: E:\markdown_viewer\dist\consumer-upgrade-1.31.0\MarkdownViewer\_internal\assets\vditor\dist\js\highlight.js\styles\base16\railscasts.min.css
   Compressing: E:\markdown_viewer\dist\consumer-upgrade-1.31.0\MarkdownViewer\_internal\assets\vditor\dist\js\highlight.js\styles\base16\rebecca.min.css
   Compressing: E:\markdown_viewer\dist\consumer-upgrade-1.31.0\MarkdownViewer\_internal\assets\vditor\dist\js\highlight.js\styles\base16\ros-pine-dawn.min.css
   Compressing: E:\markdown_viewer\dist\consumer-upgrade-1.31.0\MarkdownViewer\_internal\assets\vditor\dist\js\highlight.js\styles\base16\ros-pine-moon.min.css
   Compressing: E:\markdown_viewer\dist\consumer-upgrade-1.31.0\MarkdownViewer\_internal\assets\vditor\dist\js\highlight.js\styles\base16\ros-pine.min.css
   Compressing: E:\markdown_viewer\dist\consumer-upgrade-1.31.0\MarkdownViewer\_internal\assets\vditor\dist\js\highlight.js\styles\base16\sagelight.min.css
   Compressing: E:\markdown_viewer\dist\consumer-upgrade-1.31.0\MarkdownViewer\_internal\assets\vditor\dist\js\highlight.js\styles\base16\sandcastle.min.css
   Compressing: E:\markdown_viewer\dist\consumer-upgrade-1.31.0\MarkdownViewer\_internal\assets\vditor\dist\js\highlight.js\styles\base16\seti-ui.min.css
   Compressing: E:\markdown_viewer\dist\consumer-upgrade-1.31.0\MarkdownViewer\_internal\assets\vditor\dist\js\highlight.js\styles\base16\shapeshifter.min.css
   Compressing: E:\markdown_viewer\dist\consumer-upgrade-1.31.0\MarkdownViewer\_internal\assets\vditor\dist\js\highlight.js\styles\base16\silk-dark.min.css
   Compressing: E:\markdown_viewer\dist\consumer-upgrade-1.31.0\MarkdownViewer\_internal\assets\vditor\dist\js\highlight.js\styles\base16\silk-light.min.css
   Compressing: E:\markdown_viewer\dist\consumer-upgrade-1.31.0\MarkdownViewer\_internal\assets\vditor\dist\js\highlight.js\styles\base16\snazzy.min.css
   Compressing: E:\markdown_viewer\dist\consumer-upgrade-1.31.0\MarkdownViewer\_internal\assets\vditor\dist\js\highlight.js\styles\base16\solar-flare-light.min.css
   Compressing: E:\markdown_viewer\dist\consumer-upgrade-1.31.0\MarkdownViewer\_internal\assets\vditor\dist\js\highlight.js\styles\base16\solar-flare.min.css
   Compressing: E:\markdown_viewer\dist\consumer-upgrade-1.31.0\MarkdownViewer\_internal\assets\vditor\dist\js\highlight.js\styles\base16\solarized-dark.min.css
   Compressing: E:\markdown_viewer\dist\consumer-upgrade-1.31.0\MarkdownViewer\_internal\assets\vditor\dist\js\highlight.js\styles\base16\solarized-light.min.css
   Compressing: E:\markdown_viewer\dist\consumer-upgrade-1.31.0\MarkdownViewer\_internal\assets\vditor\dist\js\highlight.js\styles\base16\spacemacs.min.css
   Compressing: E:\markdown_viewer\dist\consumer-upgrade-1.31.0\MarkdownViewer\_internal\assets\vditor\dist\js\highlight.js\styles\base16\summercamp.min.css
   Compressing: E:\markdown_viewer\dist\consumer-upgrade-1.31.0\MarkdownViewer\_internal\assets\vditor\dist\js\highlight.js\styles\base16\summerfruit-dark.min.css
   Compressing: E:\markdown_viewer\dist\consumer-upgrade-1.31.0\MarkdownViewer\_internal\assets\vditor\dist\js\highlight.js\styles\base16\summerfruit-light.min.css
   Compressing: E:\markdown_viewer\dist\consumer-upgrade-1.31.0\MarkdownViewer\_internal\assets\vditor\dist\js\highlight.js\styles\base16\synth-midnight-terminal-dark.min.css
   Compressing: E:\markdown_viewer\dist\consumer-upgrade-1.31.0\MarkdownViewer\_internal\assets\vditor\dist\js\highlight.js\styles\base16\synth-midnight-terminal-light.min.css
   Compressing: E:\markdown_viewer\dist\consumer-upgrade-1.31.0\MarkdownViewer\_internal\assets\vditor\dist\js\highlight.js\styles\base16\tango.min.css
   Compressing: E:\markdown_viewer\dist\consumer-upgrade-1.31.0\MarkdownViewer\_internal\assets\vditor\dist\js\highlight.js\styles\base16\tender.min.css
   Compressing: E:\markdown_viewer\dist\consumer-upgrade-1.31.0\MarkdownViewer\_internal\assets\vditor\dist\js\highlight.js\styles\base16\tomorrow-night.min.css
   Compressing: E:\markdown_viewer\dist\consumer-upgrade-1.31.0\MarkdownViewer\_internal\assets\vditor\dist\js\highlight.js\styles\base16\tomorrow.min.css
   Compressing: E:\markdown_viewer\dist\consumer-upgrade-1.31.0\MarkdownViewer\_internal\assets\vditor\dist\js\highlight.js\styles\base16\twilight.min.css
   Compressing: E:\markdown_viewer\dist\consumer-upgrade-1.31.0\MarkdownViewer\_internal\assets\vditor\dist\js\highlight.js\styles\base16\unikitty-dark.min.css
   Compressing: E:\markdown_viewer\dist\consumer-upgrade-1.31.0\MarkdownViewer\_internal\assets\vditor\dist\js\highlight.js\styles\base16\unikitty-light.min.css
   Compressing: E:\markdown_viewer\dist\consumer-upgrade-1.31.0\MarkdownViewer\_internal\assets\vditor\dist\js\highlight.js\styles\base16\vulcan.min.css
   Compressing: E:\markdown_viewer\dist\consumer-upgrade-1.31.0\MarkdownViewer\_internal\assets\vditor\dist\js\highlight.js\styles\base16\windows-10-light.min.css
   Compressing: E:\markdown_viewer\dist\consumer-upgrade-1.31.0\MarkdownViewer\_internal\assets\vditor\dist\js\highlight.js\styles\base16\windows-10.min.css
   Compressing: E:\markdown_viewer\dist\consumer-upgrade-1.31.0\MarkdownViewer\_internal\assets\vditor\dist\js\highlight.js\styles\base16\windows-95-light.min.css
   Compressing: E:\markdown_viewer\dist\consumer-upgrade-1.31.0\MarkdownViewer\_internal\assets\vditor\dist\js\highlight.js\styles\base16\windows-95.min.css
   Compressing: E:\markdown_viewer\dist\consumer-upgrade-1.31.0\MarkdownViewer\_internal\assets\vditor\dist\js\highlight.js\styles\base16\windows-high-contrast-light.min.css
   Compressing: E:\markdown_viewer\dist\consumer-upgrade-1.31.0\MarkdownViewer\_internal\assets\vditor\dist\js\highlight.js\styles\base16\windows-high-contrast.min.css
   Compressing: E:\markdown_viewer\dist\consumer-upgrade-1.31.0\MarkdownViewer\_internal\assets\vditor\dist\js\highlight.js\styles\base16\windows-nt-light.min.css
   Compressing: E:\markdown_viewer\dist\consumer-upgrade-1.31.0\MarkdownViewer\_internal\assets\vditor\dist\js\highlight.js\styles\base16\windows-nt.min.css
   Compressing: E:\markdown_viewer\dist\consumer-upgrade-1.31.0\MarkdownViewer\_internal\assets\vditor\dist\js\highlight.js\styles\base16\woodland.min.css
   Compressing: E:\markdown_viewer\dist\consumer-upgrade-1.31.0\MarkdownViewer\_internal\assets\vditor\dist\js\highlight.js\styles\base16\xcode-dusk.min.css
   Compressing: E:\markdown_viewer\dist\consumer-upgrade-1.31.0\MarkdownViewer\_internal\assets\vditor\dist\js\highlight.js\styles\base16\zenburn.min.css
   Compressing: E:\markdown_viewer\dist\consumer-upgrade-1.31.0\MarkdownViewer\_internal\assets\vditor\dist\js\i18n\en_US.js
   Compressing: E:\markdown_viewer\dist\consumer-upgrade-1.31.0\MarkdownViewer\_internal\assets\vditor\dist\js\i18n\ja_JP.js
   Compressing: E:\markdown_viewer\dist\consumer-upgrade-1.31.0\MarkdownViewer\_internal\assets\vditor\dist\js\i18n\ko_KR.js
   Compressing: E:\markdown_viewer\dist\consumer-upgrade-1.31.0\MarkdownViewer\_internal\assets\vditor\dist\js\i18n\ru_RU.js
   Compressing: E:\markdown_viewer\dist\consumer-upgrade-1.31.0\MarkdownViewer\_internal\assets\vditor\dist\js\i18n\zh_CN.js
   Compressing: E:\markdown_viewer\dist\consumer-upgrade-1.31.0\MarkdownViewer\_internal\assets\vditor\dist\js\i18n\zh_TW.js
   Compressing: E:\markdown_viewer\dist\consumer-upgrade-1.31.0\MarkdownViewer\_internal\assets\vditor\dist\js\icons\ant.js
   Compressing: E:\markdown_viewer\dist\consumer-upgrade-1.31.0\MarkdownViewer\_internal\assets\vditor\dist\js\icons\material.js
   Compressing: E:\markdown_viewer\dist\consumer-upgrade-1.31.0\MarkdownViewer\_internal\assets\vditor\dist\js\katex\katex.min.css
   Compressing: E:\markdown_viewer\dist\consumer-upgrade-1.31.0\MarkdownViewer\_internal\assets\vditor\dist\js\katex\katex.min.js
   Compressing: E:\markdown_viewer\dist\consumer-upgrade-1.31.0\MarkdownViewer\_internal\assets\vditor\dist\js\katex\mhchem.min.js
   Compressing: E:\markdown_viewer\dist\consumer-upgrade-1.31.0\MarkdownViewer\_internal\assets\vditor\dist\js\katex\fonts\KaTeX_AMS-Regular.ttf
   Compressing: E:\markdown_viewer\dist\consumer-upgrade-1.31.0\MarkdownViewer\_internal\assets\vditor\dist\js\katex\fonts\KaTeX_AMS-Regular.woff
   Compressing: E:\markdown_viewer\dist\consumer-upgrade-1.31.0\MarkdownViewer\_internal\assets\vditor\dist\js\katex\fonts\KaTeX_AMS-Regular.woff2
   Compressing: E:\markdown_viewer\dist\consumer-upgrade-1.31.0\MarkdownViewer\_internal\assets\vditor\dist\js\katex\fonts\KaTeX_Caligraphic-Bold.ttf
   Compressing: E:\markdown_viewer\dist\consumer-upgrade-1.31.0\MarkdownViewer\_internal\assets\vditor\dist\js\katex\fonts\KaTeX_Caligraphic-Bold.woff
   Compressing: E:\markdown_viewer\dist\consumer-upgrade-1.31.0\MarkdownViewer\_internal\assets\vditor\dist\js\katex\fonts\KaTeX_Caligraphic-Bold.woff2
   Compressing: E:\markdown_viewer\dist\consumer-upgrade-1.31.0\MarkdownViewer\_internal\assets\vditor\dist\js\katex\fonts\KaTeX_Caligraphic-Regular.ttf
   Compressing: E:\markdown_viewer\dist\consumer-upgrade-1.31.0\MarkdownViewer\_internal\assets\vditor\dist\js\katex\fonts\KaTeX_Caligraphic-Regular.woff
   Compressing: E:\markdown_viewer\dist\consumer-upgrade-1.31.0\MarkdownViewer\_internal\assets\vditor\dist\js\katex\fonts\KaTeX_Caligraphic-Regular.woff2
   Compressing: E:\markdown_viewer\dist\consumer-upgrade-1.31.0\MarkdownViewer\_internal\assets\vditor\dist\js\katex\fonts\KaTeX_Fraktur-Bold.ttf
   Compressing: E:\markdown_viewer\dist\consumer-upgrade-1.31.0\MarkdownViewer\_internal\assets\vditor\dist\js\katex\fonts\KaTeX_Fraktur-Bold.woff
   Compressing: E:\markdown_viewer\dist\consumer-upgrade-1.31.0\MarkdownViewer\_internal\assets\vditor\dist\js\katex\fonts\KaTeX_Fraktur-Bold.woff2
   Compressing: E:\markdown_viewer\dist\consumer-upgrade-1.31.0\MarkdownViewer\_internal\assets\vditor\dist\js\katex\fonts\KaTeX_Fraktur-Regular.ttf
   Compressing: E:\markdown_viewer\dist\consumer-upgrade-1.31.0\MarkdownViewer\_internal\assets\vditor\dist\js\katex\fonts\KaTeX_Fraktur-Regular.woff
   Compressing: E:\markdown_viewer\dist\consumer-upgrade-1.31.0\MarkdownViewer\_internal\assets\vditor\dist\js\katex\fonts\KaTeX_Fraktur-Regular.woff2
   Compressing: E:\markdown_viewer\dist\consumer-upgrade-1.31.0\MarkdownViewer\_internal\assets\vditor\dist\js\katex\fonts\KaTeX_Main-Bold.ttf
   Compressing: E:\markdown_viewer\dist\consumer-upgrade-1.31.0\MarkdownViewer\_internal\assets\vditor\dist\js\katex\fonts\KaTeX_Main-Bold.woff
   Compressing: E:\markdown_viewer\dist\consumer-upgrade-1.31.0\MarkdownViewer\_internal\assets\vditor\dist\js\katex\fonts\KaTeX_Main-Bold.woff2
   Compressing: E:\markdown_viewer\dist\consumer-upgrade-1.31.0\MarkdownViewer\_internal\assets\vditor\dist\js\katex\fonts\KaTeX_Main-BoldItalic.ttf
   Compressing: E:\markdown_viewer\dist\consumer-upgrade-1.31.0\MarkdownViewer\_internal\assets\vditor\dist\js\katex\fonts\KaTeX_Main-BoldItalic.woff
   Compressing: E:\markdown_viewer\dist\consumer-upgrade-1.31.0\MarkdownViewer\_internal\assets\vditor\dist\js\katex\fonts\KaTeX_Main-BoldItalic.woff2
   Compressing: E:\markdown_viewer\dist\consumer-upgrade-1.31.0\MarkdownViewer\_internal\assets\vditor\dist\js\katex\fonts\KaTeX_Main-Italic.ttf
   Compressing: E:\markdown_viewer\dist\consumer-upgrade-1.31.0\MarkdownViewer\_internal\assets\vditor\dist\js\katex\fonts\KaTeX_Main-Italic.woff
   Compressing: E:\markdown_viewer\dist\consumer-upgrade-1.31.0\MarkdownViewer\_internal\assets\vditor\dist\js\katex\fonts\KaTeX_Main-Italic.woff2
   Compressing: E:\markdown_viewer\dist\consumer-upgrade-1.31.0\MarkdownViewer\_internal\assets\vditor\dist\js\katex\fonts\KaTeX_Main-Regular.ttf
   Compressing: E:\markdown_viewer\dist\consumer-upgrade-1.31.0\MarkdownViewer\_internal\assets\vditor\dist\js\katex\fonts\KaTeX_Main-Regular.woff
   Compressing: E:\markdown_viewer\dist\consumer-upgrade-1.31.0\MarkdownViewer\_internal\assets\vditor\dist\js\katex\fonts\KaTeX_Main-Regular.woff2
   Compressing: E:\markdown_viewer\dist\consumer-upgrade-1.31.0\MarkdownViewer\_internal\assets\vditor\dist\js\katex\fonts\KaTeX_Math-BoldItalic.ttf
   Compressing: E:\markdown_viewer\dist\consumer-upgrade-1.31.0\MarkdownViewer\_internal\assets\vditor\dist\js\katex\fonts\KaTeX_Math-BoldItalic.woff
   Compressing: E:\markdown_viewer\dist\consumer-upgrade-1.31.0\MarkdownViewer\_internal\assets\vditor\dist\js\katex\fonts\KaTeX_Math-BoldItalic.woff2
   Compressing: E:\markdown_viewer\dist\consumer-upgrade-1.31.0\MarkdownViewer\_internal\assets\vditor\dist\js\katex\fonts\KaTeX_Math-Italic.ttf
   Compressing: E:\markdown_viewer\dist\consumer-upgrade-1.31.0\MarkdownViewer\_internal\assets\vditor\dist\js\katex\fonts\KaTeX_Math-Italic.woff
   Compressing: E:\markdown_viewer\dist\consumer-upgrade-1.31.0\MarkdownViewer\_internal\assets\vditor\dist\js\katex\fonts\KaTeX_Math-Italic.woff2
   Compressing: E:\markdown_viewer\dist\consumer-upgrade-1.31.0\MarkdownViewer\_internal\assets\vditor\dist\js\katex\fonts\KaTeX_SansSerif-Bold.ttf
   Compressing: E:\markdown_viewer\dist\consumer-upgrade-1.31.0\MarkdownViewer\_internal\assets\vditor\dist\js\katex\fonts\KaTeX_SansSerif-Bold.woff
   Compressing: E:\markdown_viewer\dist\consumer-upgrade-1.31.0\MarkdownViewer\_internal\assets\vditor\dist\js\katex\fonts\KaTeX_SansSerif-Bold.woff2
   Compressing: E:\markdown_viewer\dist\consumer-upgrade-1.31.0\MarkdownViewer\_internal\assets\vditor\dist\js\katex\fonts\KaTeX_SansSerif-Italic.ttf
   Compressing: E:\markdown_viewer\dist\consumer-upgrade-1.31.0\MarkdownViewer\_internal\assets\vditor\dist\js\katex\fonts\KaTeX_SansSerif-Italic.woff
   Compressing: E:\markdown_viewer\dist\consumer-upgrade-1.31.0\MarkdownViewer\_internal\assets\vditor\dist\js\katex\fonts\KaTeX_SansSerif-Italic.woff2
   Compressing: E:\markdown_viewer\dist\consumer-upgrade-1.31.0\MarkdownViewer\_internal\assets\vditor\dist\js\katex\fonts\KaTeX_SansSerif-Regular.ttf
   Compressing: E:\markdown_viewer\dist\consumer-upgrade-1.31.0\MarkdownViewer\_internal\assets\vditor\dist\js\katex\fonts\KaTeX_SansSerif-Regular.woff
   Compressing: E:\markdown_viewer\dist\consumer-upgrade-1.31.0\MarkdownViewer\_internal\assets\vditor\dist\js\katex\fonts\KaTeX_SansSerif-Regular.woff2
   Compressing: E:\markdown_viewer\dist\consumer-upgrade-1.31.0\MarkdownViewer\_internal\assets\vditor\dist\js\katex\fonts\KaTeX_Script-Regular.ttf
   Compressing: E:\markdown_viewer\dist\consumer-upgrade-1.31.0\MarkdownViewer\_internal\assets\vditor\dist\js\katex\fonts\KaTeX_Script-Regular.woff
   Compressing: E:\markdown_viewer\dist\consumer-upgrade-1.31.0\MarkdownViewer\_internal\assets\vditor\dist\js\katex\fonts\KaTeX_Script-Regular.woff2
   Compressing: E:\markdown_viewer\dist\consumer-upgrade-1.31.0\MarkdownViewer\_internal\assets\vditor\dist\js\katex\fonts\KaTeX_Size1-Regular.ttf
   Compressing: E:\markdown_viewer\dist\consumer-upgrade-1.31.0\MarkdownViewer\_internal\assets\vditor\dist\js\katex\fonts\KaTeX_Size1-Regular.woff
   Compressing: E:\markdown_viewer\dist\consumer-upgrade-1.31.0\MarkdownViewer\_internal\assets\vditor\dist\js\katex\fonts\KaTeX_Size1-Regular.woff2
   Compressing: E:\markdown_viewer\dist\consumer-upgrade-1.31.0\MarkdownViewer\_internal\assets\vditor\dist\js\katex\fonts\KaTeX_Size2-Regular.ttf
   Compressing: E:\markdown_viewer\dist\consumer-upgrade-1.31.0\MarkdownViewer\_internal\assets\vditor\dist\js\katex\fonts\KaTeX_Size2-Regular.woff
   Compressing: E:\markdown_viewer\dist\consumer-upgrade-1.31.0\MarkdownViewer\_internal\assets\vditor\dist\js\katex\fonts\KaTeX_Size2-Regular.woff2
   Compressing: E:\markdown_viewer\dist\consumer-upgrade-1.31.0\MarkdownViewer\_internal\assets\vditor\dist\js\katex\fonts\KaTeX_Size3-Regular.ttf
   Compressing: E:\markdown_viewer\dist\consumer-upgrade-1.31.0\MarkdownViewer\_internal\assets\vditor\dist\js\katex\fonts\KaTeX_Size3-Regular.woff
   Compressing: E:\markdown_viewer\dist\consumer-upgrade-1.31.0\MarkdownViewer\_internal\assets\vditor\dist\js\katex\fonts\KaTeX_Size3-Regular.woff2
   Compressing: E:\markdown_viewer\dist\consumer-upgrade-1.31.0\MarkdownViewer\_internal\assets\vditor\dist\js\katex\fonts\KaTeX_Size4-Regular.ttf
   Compressing: E:\markdown_viewer\dist\consumer-upgrade-1.31.0\MarkdownViewer\_internal\assets\vditor\dist\js\katex\fonts\KaTeX_Size4-Regular.woff
   Compressing: E:\markdown_viewer\dist\consumer-upgrade-1.31.0\MarkdownViewer\_internal\assets\vditor\dist\js\katex\fonts\KaTeX_Size4-Regular.woff2
   Compressing: E:\markdown_viewer\dist\consumer-upgrade-1.31.0\MarkdownViewer\_internal\assets\vditor\dist\js\katex\fonts\KaTeX_Typewriter-Regular.ttf
   Compressing: E:\markdown_viewer\dist\consumer-upgrade-1.31.0\MarkdownViewer\_internal\assets\vditor\dist\js\katex\fonts\KaTeX_Typewriter-Regular.woff
   Compressing: E:\markdown_viewer\dist\consumer-upgrade-1.31.0\MarkdownViewer\_internal\assets\vditor\dist\js\katex\fonts\KaTeX_Typewriter-Regular.woff2
   Compressing: E:\markdown_viewer\dist\consumer-upgrade-1.31.0\MarkdownViewer\_internal\assets\vditor\dist\js\lute\lute.min.js
   Compressing: E:\markdown_viewer\dist\consumer-upgrade-1.31.0\MarkdownViewer\_internal\assets\vditor\dist\js\markmap\d3.min.js
   Compressing: E:\markdown_viewer\dist\consumer-upgrade-1.31.0\MarkdownViewer\_internal\assets\vditor\dist\js\markmap\markmap-lib.min.js
   Compressing: E:\markdown_viewer\dist\consumer-upgrade-1.31.0\MarkdownViewer\_internal\assets\vditor\dist\js\markmap\markmap-view.min.js
   Compressing: E:\markdown_viewer\dist\consumer-upgrade-1.31.0\MarkdownViewer\_internal\assets\vditor\dist\js\mermaid\mermaid.min.js
   Compressing: E:\markdown_viewer\dist\consumer-upgrade-1.31.0\MarkdownViewer\_internal\assets\vditor\dist\js\plantuml\plantuml-encoder.min.js
   Compressing: E:\markdown_viewer\dist\consumer-upgrade-1.31.0\MarkdownViewer\_internal\charset_normalizer\cd.cp314-win_amd64.pyd
   Compressing: E:\markdown_viewer\dist\consumer-upgrade-1.31.0\MarkdownViewer\_internal\charset_normalizer\md.cp314-win_amd64.pyd
   Compressing: E:\markdown_viewer\dist\consumer-upgrade-1.31.0\MarkdownViewer\_internal\docx\py.typed
   Compressing: E:\markdown_viewer\dist\consumer-upgrade-1.31.0\MarkdownViewer\_internal\docx\templates\default-comments.xml
   Compressing: E:\markdown_viewer\dist\consumer-upgrade-1.31.0\MarkdownViewer\_internal\docx\templates\default-footer.xml
   Compressing: E:\markdown_viewer\dist\consumer-upgrade-1.31.0\MarkdownViewer\_internal\docx\templates\default-header.xml
   Compressing: E:\markdown_viewer\dist\consumer-upgrade-1.31.0\MarkdownViewer\_internal\docx\templates\default-settings.xml
   Compressing: E:\markdown_viewer\dist\consumer-upgrade-1.31.0\MarkdownViewer\_internal\docx\templates\default-styles.xml
   Compressing: E:\markdown_viewer\dist\consumer-upgrade-1.31.0\MarkdownViewer\_internal\docx\templates\default.docx
   Compressing: E:\markdown_viewer\dist\consumer-upgrade-1.31.0\MarkdownViewer\_internal\docx\templates\default-docx-template\[Content_Types].xml
   Compressing: E:\markdown_viewer\dist\consumer-upgrade-1.31.0\MarkdownViewer\_internal\docx\templates\default-docx-template\customXml\item1.xml
   Compressing: E:\markdown_viewer\dist\consumer-upgrade-1.31.0\MarkdownViewer\_internal\docx\templates\default-docx-template\customXml\itemProps1.xml
   Compressing: E:\markdown_viewer\dist\consumer-upgrade-1.31.0\MarkdownViewer\_internal\docx\templates\default-docx-template\customXml\_rels\item1.xml.rels
   Compressing: E:\markdown_viewer\dist\consumer-upgrade-1.31.0\MarkdownViewer\_internal\docx\templates\default-docx-template\docProps\app.xml
   Compressing: E:\markdown_viewer\dist\consumer-upgrade-1.31.0\MarkdownViewer\_internal\docx\templates\default-docx-template\docProps\core.xml
   Compressing: E:\markdown_viewer\dist\consumer-upgrade-1.31.0\MarkdownViewer\_internal\docx\templates\default-docx-template\docProps\thumbnail.jpeg
   Compressing: E:\markdown_viewer\dist\consumer-upgrade-1.31.0\MarkdownViewer\_internal\docx\templates\default-docx-template\word\document.xml
   Compressing: E:\markdown_viewer\dist\consumer-upgrade-1.31.0\MarkdownViewer\_internal\docx\templates\default-docx-template\word\fontTable.xml
   Compressing: E:\markdown_viewer\dist\consumer-upgrade-1.31.0\MarkdownViewer\_internal\docx\templates\default-docx-template\word\numbering.xml
   Compressing: E:\markdown_viewer\dist\consumer-upgrade-1.31.0\MarkdownViewer\_internal\docx\templates\default-docx-template\word\settings.xml
   Compressing: E:\markdown_viewer\dist\consumer-upgrade-1.31.0\MarkdownViewer\_internal\docx\templates\default-docx-template\word\styles.xml
   Compressing: E:\markdown_viewer\dist\consumer-upgrade-1.31.0\MarkdownViewer\_internal\docx\templates\default-docx-template\word\stylesWithEffects.xml
   Compressing: E:\markdown_viewer\dist\consumer-upgrade-1.31.0\MarkdownViewer\_internal\docx\templates\default-docx-template\word\webSettings.xml
   Compressing: E:\markdown_viewer\dist\consumer-upgrade-1.31.0\MarkdownViewer\_internal\docx\templates\default-docx-template\word\theme\theme1.xml
   Compressing: E:\markdown_viewer\dist\consumer-upgrade-1.31.0\MarkdownViewer\_internal\docx\templates\default-docx-template\word\_rels\document.xml.rels
   Compressing: E:\markdown_viewer\dist\consumer-upgrade-1.31.0\MarkdownViewer\_internal\docx\templates\default-docx-template\_rels\.rels
   Compressing: E:\markdown_viewer\dist\consumer-upgrade-1.31.0\MarkdownViewer\_internal\ICON\icon.ico
   Compressing: E:\markdown_viewer\dist\consumer-upgrade-1.31.0\MarkdownViewer\_internal\lxml\builder.cp314-win_amd64.pyd
   Compressing: E:\markdown_viewer\dist\consumer-upgrade-1.31.0\MarkdownViewer\_internal\lxml\etree.cp314-win_amd64.pyd
   Compressing: E:\markdown_viewer\dist\consumer-upgrade-1.31.0\MarkdownViewer\_internal\lxml\objectify.cp314-win_amd64.pyd
   Compressing: E:\markdown_viewer\dist\consumer-upgrade-1.31.0\MarkdownViewer\_internal\lxml\sax.cp314-win_amd64.pyd
   Compressing: E:\markdown_viewer\dist\consumer-upgrade-1.31.0\MarkdownViewer\_internal\lxml\_elementpath.cp314-win_amd64.pyd
   Compressing: E:\markdown_viewer\dist\consumer-upgrade-1.31.0\MarkdownViewer\_internal\lxml\html\diff.cp314-win_amd64.pyd
   Compressing: E:\markdown_viewer\dist\consumer-upgrade-1.31.0\MarkdownViewer\_internal\lxml\html\_difflib.cp314-win_amd64.pyd
   Compressing: E:\markdown_viewer\dist\consumer-upgrade-1.31.0\MarkdownViewer\_internal\lxml\isoschematron\resources\rng\iso-schematron.rng
   Compressing: E:\markdown_viewer\dist\consumer-upgrade-1.31.0\MarkdownViewer\_internal\lxml\isoschematron\resources\xsl\RNG2Schtrn.xsl
   Compressing: E:\markdown_viewer\dist\consumer-upgrade-1.31.0\MarkdownViewer\_internal\lxml\isoschematron\resources\xsl\XSD2Schtrn.xsl
   Compressing: E:\markdown_viewer\dist\consumer-upgrade-1.31.0\MarkdownViewer\_internal\lxml\isoschematron\resources\xsl\iso-schematron-xslt1\iso_abstract_expand.xsl
   Compressing: E:\markdown_viewer\dist\consumer-upgrade-1.31.0\MarkdownViewer\_internal\lxml\isoschematron\resources\xsl\iso-schematron-xslt1\iso_dsdl_include.xsl
   Compressing: E:\markdown_viewer\dist\consumer-upgrade-1.31.0\MarkdownViewer\_internal\lxml\isoschematron\resources\xsl\iso-schematron-xslt1\iso_schematron_message.xsl
   Compressing: E:\markdown_viewer\dist\consumer-upgrade-1.31.0\MarkdownViewer\_internal\lxml\isoschematron\resources\xsl\iso-schematron-xslt1\iso_schematron_skeleton_for_xslt1.xsl
   Compressing: E:\markdown_viewer\dist\consumer-upgrade-1.31.0\MarkdownViewer\_internal\lxml\isoschematron\resources\xsl\iso-schematron-xslt1\iso_svrl_for_xslt1.xsl
   Compressing: E:\markdown_viewer\dist\consumer-upgrade-1.31.0\MarkdownViewer\_internal\lxml\isoschematron\resources\xsl\iso-schematron-xslt1\readme.txt
   Compressing: E:\markdown_viewer\dist\consumer-upgrade-1.31.0\MarkdownViewer\_internal\numpy\fft\_pocketfft_umath.cp314-win_amd64.pyd
   Compressing: E:\markdown_viewer\dist\consumer-upgrade-1.31.0\MarkdownViewer\_internal\numpy\linalg\_umath_linalg.cp314-win_amd64.pyd
   Compressing: E:\markdown_viewer\dist\consumer-upgrade-1.31.0\MarkdownViewer\_internal\numpy\random\bit_generator.cp314-win_amd64.pyd
   Compressing: E:\markdown_viewer\dist\consumer-upgrade-1.31.0\MarkdownViewer\_internal\numpy\random\mtrand.cp314-win_amd64.pyd
   Compressing: E:\markdown_viewer\dist\consumer-upgrade-1.31.0\MarkdownViewer\_internal\numpy\random\_bounded_integers.cp314-win_amd64.pyd
   Compressing: E:\markdown_viewer\dist\consumer-upgrade-1.31.0\MarkdownViewer\_internal\numpy\random\_common.cp314-win_amd64.pyd
   Compressing: E:\markdown_viewer\dist\consumer-upgrade-1.31.0\MarkdownViewer\_internal\numpy\random\_generator.cp314-win_amd64.pyd
   Compressing: E:\markdown_viewer\dist\consumer-upgrade-1.31.0\MarkdownViewer\_internal\numpy\random\_mt19937.cp314-win_amd64.pyd
   Compressing: E:\markdown_viewer\dist\consumer-upgrade-1.31.0\MarkdownViewer\_internal\numpy\random\_pcg64.cp314-win_amd64.pyd
   Compressing: E:\markdown_viewer\dist\consumer-upgrade-1.31.0\MarkdownViewer\_internal\numpy\random\_philox.cp314-win_amd64.pyd
   Compressing: E:\markdown_viewer\dist\consumer-upgrade-1.31.0\MarkdownViewer\_internal\numpy\random\_sfc64.cp314-win_amd64.pyd
   Compressing: E:\markdown_viewer\dist\consumer-upgrade-1.31.0\MarkdownViewer\_internal\numpy\_core\_multiarray_tests.cp314-win_amd64.pyd
   Compressing: E:\markdown_viewer\dist\consumer-upgrade-1.31.0\MarkdownViewer\_internal\numpy\_core\_multiarray_umath.cp314-win_amd64.pyd
   Compressing: E:\markdown_viewer\dist\consumer-upgrade-1.31.0\MarkdownViewer\_internal\numpy-2.4.4.dist-info\DELVEWHEEL
   Compressing: E:\markdown_viewer\dist\consumer-upgrade-1.31.0\MarkdownViewer\_internal\numpy-2.4.4.dist-info\entry_points.txt
   Compressing: E:\markdown_viewer\dist\consumer-upgrade-1.31.0\MarkdownViewer\_internal\numpy-2.4.4.dist-info\INSTALLER
   Compressing: E:\markdown_viewer\dist\consumer-upgrade-1.31.0\MarkdownViewer\_internal\numpy-2.4.4.dist-info\METADATA
   Compressing: E:\markdown_viewer\dist\consumer-upgrade-1.31.0\MarkdownViewer\_internal\numpy-2.4.4.dist-info\RECORD
   Compressing: E:\markdown_viewer\dist\consumer-upgrade-1.31.0\MarkdownViewer\_internal\numpy-2.4.4.dist-info\REQUESTED
   Compressing: E:\markdown_viewer\dist\consumer-upgrade-1.31.0\MarkdownViewer\_internal\numpy-2.4.4.dist-info\WHEEL
   Compressing: E:\markdown_viewer\dist\consumer-upgrade-1.31.0\MarkdownViewer\_internal\numpy-2.4.4.dist-info\licenses\LICENSE.txt
   Compressing: E:\markdown_viewer\dist\consumer-upgrade-1.31.0\MarkdownViewer\_internal\numpy-2.4.4.dist-info\licenses\numpy\fft\pocketfft\LICENSE.md
   Compressing: E:\markdown_viewer\dist\consumer-upgrade-1.31.0\MarkdownViewer\_internal\numpy-2.4.4.dist-info\licenses\numpy\linalg\lapack_lite\LICENSE.txt
   Compressing: E:\markdown_viewer\dist\consumer-upgrade-1.31.0\MarkdownViewer\_internal\numpy-2.4.4.dist-info\licenses\numpy\ma\LICENSE
   Compressing: E:\markdown_viewer\dist\consumer-upgrade-1.31.0\MarkdownViewer\_internal\numpy-2.4.4.dist-info\licenses\numpy\random\LICENSE.md
   Compressing: E:\markdown_viewer\dist\consumer-upgrade-1.31.0\MarkdownViewer\_internal\numpy-2.4.4.dist-info\licenses\numpy\random\src\distributions\LICENSE.md
   Compressing: E:\markdown_viewer\dist\consumer-upgrade-1.31.0\MarkdownViewer\_internal\numpy-2.4.4.dist-info\licenses\numpy\random\src\mt19937\LICENSE.md
   Compressing: E:\markdown_viewer\dist\consumer-upgrade-1.31.0\MarkdownViewer\_internal\numpy-2.4.4.dist-info\licenses\numpy\random\src\pcg64\LICENSE.md
   Compressing: E:\markdown_viewer\dist\consumer-upgrade-1.31.0\MarkdownViewer\_internal\numpy-2.4.4.dist-info\licenses\numpy\random\src\philox\LICENSE.md
   Compressing: E:\markdown_viewer\dist\consumer-upgrade-1.31.0\MarkdownViewer\_internal\numpy-2.4.4.dist-info\licenses\numpy\random\src\sfc64\LICENSE.md
   Compressing: E:\markdown_viewer\dist\consumer-upgrade-1.31.0\MarkdownViewer\_internal\numpy-2.4.4.dist-info\licenses\numpy\random\src\splitmix64\LICENSE.md
   Compressing: E:\markdown_viewer\dist\consumer-upgrade-1.31.0\MarkdownViewer\_internal\numpy-2.4.4.dist-info\licenses\numpy\_core\include\numpy\libdivide\LICENSE.txt
   Compressing: E:\markdown_viewer\dist\consumer-upgrade-1.31.0\MarkdownViewer\_internal\numpy-2.4.4.dist-info\licenses\numpy\_core\src\common\pythoncapi-compat\COPYING
   Compressing: E:\markdown_viewer\dist\consumer-upgrade-1.31.0\MarkdownViewer\_internal\numpy-2.4.4.dist-info\licenses\numpy\_core\src\highway\LICENSE
   Compressing: E:\markdown_viewer\dist\consumer-upgrade-1.31.0\MarkdownViewer\_internal\numpy-2.4.4.dist-info\licenses\numpy\_core\src\multiarray\dragon4_LICENSE.txt
   Compressing: E:\markdown_viewer\dist\consumer-upgrade-1.31.0\MarkdownViewer\_internal\numpy-2.4.4.dist-info\licenses\numpy\_core\src\npysort\x86-simd-sort\LICENSE.md
   Compressing: E:\markdown_viewer\dist\consumer-upgrade-1.31.0\MarkdownViewer\_internal\numpy-2.4.4.dist-info\licenses\numpy\_core\src\umath\svml\LICENSE
   Compressing: E:\markdown_viewer\dist\consumer-upgrade-1.31.0\MarkdownViewer\_internal\numpy.libs\libscipy_openblas64_-63c857e738469261263c764a36be9436.dll
   Compressing: E:\markdown_viewer\dist\consumer-upgrade-1.31.0\MarkdownViewer\_internal\numpy.libs\msvcp140-a4c2229bdc2a2a630acdc095b4d86008.dll
   Compressing: E:\markdown_viewer\dist\consumer-upgrade-1.31.0\MarkdownViewer\_internal\PIL\_avif.cp314-win_amd64.pyd
   Compressing: E:\markdown_viewer\dist\consumer-upgrade-1.31.0\MarkdownViewer\_internal\PIL\_imaging.cp314-win_amd64.pyd
   Compressing: E:\markdown_viewer\dist\consumer-upgrade-1.31.0\MarkdownViewer\_internal\PIL\_imagingcms.cp314-win_amd64.pyd
   Compressing: E:\markdown_viewer\dist\consumer-upgrade-1.31.0\MarkdownViewer\_internal\PIL\_imagingft.cp314-win_amd64.pyd
   Compressing: E:\markdown_viewer\dist\consumer-upgrade-1.31.0\MarkdownViewer\_internal\PIL\_imagingmath.cp314-win_amd64.pyd
   Compressing: E:\markdown_viewer\dist\consumer-upgrade-1.31.0\MarkdownViewer\_internal\PIL\_imagingtk.cp314-win_amd64.pyd
   Compressing: E:\markdown_viewer\dist\consumer-upgrade-1.31.0\MarkdownViewer\_internal\PIL\_webp.cp314-win_amd64.pyd
   Compressing: E:\markdown_viewer\dist\consumer-upgrade-1.31.0\MarkdownViewer\_internal\pptx\py.typed
   Compressing: E:\markdown_viewer\dist\consumer-upgrade-1.31.0\MarkdownViewer\_internal\pptx\templates\default.pptx
   Compressing: E:\markdown_viewer\dist\consumer-upgrade-1.31.0\MarkdownViewer\_internal\pptx\templates\docx-icon.emf
   Compressing: E:\markdown_viewer\dist\consumer-upgrade-1.31.0\MarkdownViewer\_internal\pptx\templates\generic-icon.emf
   Compressing: E:\markdown_viewer\dist\consumer-upgrade-1.31.0\MarkdownViewer\_internal\pptx\templates\notes.xml
   Compressing: E:\markdown_viewer\dist\consumer-upgrade-1.31.0\MarkdownViewer\_internal\pptx\templates\notesMaster.xml
   Compressing: E:\markdown_viewer\dist\consumer-upgrade-1.31.0\MarkdownViewer\_internal\pptx\templates\pptx-icon.emf
   Compressing: E:\markdown_viewer\dist\consumer-upgrade-1.31.0\MarkdownViewer\_internal\pptx\templates\theme.xml
   Compressing: E:\markdown_viewer\dist\consumer-upgrade-1.31.0\MarkdownViewer\_internal\pptx\templates\xlsx-icon.emf
   Compressing: E:\markdown_viewer\dist\consumer-upgrade-1.31.0\MarkdownViewer\_internal\psutil\_psutil_windows.pyd
   Compressing: E:\markdown_viewer\dist\consumer-upgrade-1.31.0\MarkdownViewer\_internal\pymupdf\mupdfcpp64.dll
   Compressing: E:\markdown_viewer\dist\consumer-upgrade-1.31.0\MarkdownViewer\_internal\pymupdf\_extra.pyd
   Compressing: E:\markdown_viewer\dist\consumer-upgrade-1.31.0\MarkdownViewer\_internal\pymupdf\_mupdf.pyd
   Compressing: E:\markdown_viewer\dist\consumer-upgrade-1.31.0\MarkdownViewer\_internal\PySide6\MSVCP140.dll
   Compressing: E:\markdown_viewer\dist\consumer-upgrade-1.31.0\MarkdownViewer\_internal\PySide6\MSVCP140_1.dll
   Compressing: E:\markdown_viewer\dist\consumer-upgrade-1.31.0\MarkdownViewer\_internal\PySide6\MSVCP140_2.dll
   Compressing: E:\markdown_viewer\dist\consumer-upgrade-1.31.0\MarkdownViewer\_internal\PySide6\opengl32sw.dll
   Compressing: E:\markdown_viewer\dist\consumer-upgrade-1.31.0\MarkdownViewer\_internal\PySide6\pyside6.abi3.dll
   Compressing: E:\markdown_viewer\dist\consumer-upgrade-1.31.0\MarkdownViewer\_internal\PySide6\pyside6qml.abi3.dll
   Compressing: E:\markdown_viewer\dist\consumer-upgrade-1.31.0\MarkdownViewer\_internal\PySide6\qt.conf
   Compressing: E:\markdown_viewer\dist\consumer-upgrade-1.31.0\MarkdownViewer\_internal\PySide6\Qt63DAnimation.dll
   Compressing: E:\markdown_viewer\dist\consumer-upgrade-1.31.0\MarkdownViewer\_internal\PySide6\Qt63DCore.dll
   Compressing: E:\markdown_viewer\dist\consumer-upgrade-1.31.0\MarkdownViewer\_internal\PySide6\Qt63DExtras.dll
   Compressing: E:\markdown_viewer\dist\consumer-upgrade-1.31.0\MarkdownViewer\_internal\PySide6\Qt63DInput.dll
   Compressing: E:\markdown_viewer\dist\consumer-upgrade-1.31.0\MarkdownViewer\_internal\PySide6\Qt63DLogic.dll
   Compressing: E:\markdown_viewer\dist\consumer-upgrade-1.31.0\MarkdownViewer\_internal\PySide6\Qt63DQuick.dll
   Compressing: E:\markdown_viewer\dist\consumer-upgrade-1.31.0\MarkdownViewer\_internal\PySide6\Qt63DQuickAnimation.dll
   Compressing: E:\markdown_viewer\dist\consumer-upgrade-1.31.0\MarkdownViewer\_internal\PySide6\Qt63DQuickExtras.dll
   Compressing: E:\markdown_viewer\dist\consumer-upgrade-1.31.0\MarkdownViewer\_internal\PySide6\Qt63DQuickInput.dll
   Compressing: E:\markdown_viewer\dist\consumer-upgrade-1.31.0\MarkdownViewer\_internal\PySide6\Qt63DQuickLogic.dll
   Compressing: E:\markdown_viewer\dist\consumer-upgrade-1.31.0\MarkdownViewer\_internal\PySide6\Qt63DQuickRender.dll
   Compressing: E:\markdown_viewer\dist\consumer-upgrade-1.31.0\MarkdownViewer\_internal\PySide6\Qt63DQuickScene2D.dll
   Compressing: E:\markdown_viewer\dist\consumer-upgrade-1.31.0\MarkdownViewer\_internal\PySide6\Qt63DQuickScene3D.dll
   Compressing: E:\markdown_viewer\dist\consumer-upgrade-1.31.0\MarkdownViewer\_internal\PySide6\Qt63DRender.dll
   Compressing: E:\markdown_viewer\dist\consumer-upgrade-1.31.0\MarkdownViewer\_internal\PySide6\Qt6Charts.dll
   Compressing: E:\markdown_viewer\dist\consumer-upgrade-1.31.0\MarkdownViewer\_internal\PySide6\Qt6ChartsQml.dll
   Compressing: E:\markdown_viewer\dist\consumer-upgrade-1.31.0\MarkdownViewer\_internal\PySide6\Qt6Concurrent.dll
   Compressing: E:\markdown_viewer\dist\consumer-upgrade-1.31.0\MarkdownViewer\_internal\PySide6\Qt6Core.dll
   Compressing: E:\markdown_viewer\dist\consumer-upgrade-1.31.0\MarkdownViewer\_internal\PySide6\Qt6DataVisualization.dll
   Compressing: E:\markdown_viewer\dist\consumer-upgrade-1.31.0\MarkdownViewer\_internal\PySide6\Qt6DataVisualizationQml.dll
   Compressing: E:\markdown_viewer\dist\consumer-upgrade-1.31.0\MarkdownViewer\_internal\PySide6\Qt6Graphs.dll
   Compressing: E:\markdown_viewer\dist\consumer-upgrade-1.31.0\MarkdownViewer\_internal\PySide6\Qt6Gui.dll
   Compressing: E:\markdown_viewer\dist\consumer-upgrade-1.31.0\MarkdownViewer\_internal\PySide6\Qt6LabsAnimation.dll
   Compressing: E:\markdown_viewer\dist\consumer-upgrade-1.31.0\MarkdownViewer\_internal\PySide6\Qt6LabsFolderListModel.dll
   Compressing: E:\markdown_viewer\dist\consumer-upgrade-1.31.0\MarkdownViewer\_internal\PySide6\Qt6LabsPlatform.dll
   Compressing: E:\markdown_viewer\dist\consumer-upgrade-1.31.0\MarkdownViewer\_internal\PySide6\Qt6LabsQmlModels.dll
   Compressing: E:\markdown_viewer\dist\consumer-upgrade-1.31.0\MarkdownViewer\_internal\PySide6\Qt6LabsSettings.dll
   Compressing: E:\markdown_viewer\dist\consumer-upgrade-1.31.0\MarkdownViewer\_internal\PySide6\Qt6LabsSharedImage.dll
   Compressing: E:\markdown_viewer\dist\consumer-upgrade-1.31.0\MarkdownViewer\_internal\PySide6\Qt6LabsWavefrontMesh.dll
   Compressing: E:\markdown_viewer\dist\consumer-upgrade-1.31.0\MarkdownViewer\_internal\PySide6\Qt6Location.dll
   Compressing: E:\markdown_viewer\dist\consumer-upgrade-1.31.0\MarkdownViewer\_internal\PySide6\Qt6Multimedia.dll
   Compressing: E:\markdown_viewer\dist\consumer-upgrade-1.31.0\MarkdownViewer\_internal\PySide6\Qt6MultimediaQuick.dll
   Compressing: E:\markdown_viewer\dist\consumer-upgrade-1.31.0\MarkdownViewer\_internal\PySide6\Qt6Network.dll
   Compressing: E:\markdown_viewer\dist\consumer-upgrade-1.31.0\MarkdownViewer\_internal\PySide6\Qt6OpenGL.dll
   Compressing: E:\markdown_viewer\dist\consumer-upgrade-1.31.0\MarkdownViewer\_internal\PySide6\Qt6OpenGLWidgets.dll
   Compressing: E:\markdown_viewer\dist\consumer-upgrade-1.31.0\MarkdownViewer\_internal\PySide6\Qt6Pdf.dll
   Compressing: E:\markdown_viewer\dist\consumer-upgrade-1.31.0\MarkdownViewer\_internal\PySide6\Qt6PdfQuick.dll
   Compressing: E:\markdown_viewer\dist\consumer-upgrade-1.31.0\MarkdownViewer\_internal\PySide6\Qt6PdfWidgets.dll
   Compressing: E:\markdown_viewer\dist\consumer-upgrade-1.31.0\MarkdownViewer\_internal\PySide6\Qt6Positioning.dll
   Compressing: E:\markdown_viewer\dist\consumer-upgrade-1.31.0\MarkdownViewer\_internal\PySide6\Qt6PositioningQuick.dll
   Compressing: E:\markdown_viewer\dist\consumer-upgrade-1.31.0\MarkdownViewer\_internal\PySide6\Qt6PrintSupport.dll
   Compressing: E:\markdown_viewer\dist\consumer-upgrade-1.31.0\MarkdownViewer\_internal\PySide6\Qt6Qml.dll
   Compressing: E:\markdown_viewer\dist\consumer-upgrade-1.31.0\MarkdownViewer\_internal\PySide6\Qt6QmlCore.dll
   Compressing: E:\markdown_viewer\dist\consumer-upgrade-1.31.0\MarkdownViewer\_internal\PySide6\Qt6QmlLocalStorage.dll
   Compressing: E:\markdown_viewer\dist\consumer-upgrade-1.31.0\MarkdownViewer\_internal\PySide6\Qt6QmlMeta.dll
   Compressing: E:\markdown_viewer\dist\consumer-upgrade-1.31.0\MarkdownViewer\_internal\PySide6\Qt6QmlModels.dll
   Compressing: E:\markdown_viewer\dist\consumer-upgrade-1.31.0\MarkdownViewer\_internal\PySide6\Qt6QmlNetwork.dll
   Compressing: E:\markdown_viewer\dist\consumer-upgrade-1.31.0\MarkdownViewer\_internal\PySide6\Qt6QmlWorkerScript.dll
   Compressing: E:\markdown_viewer\dist\consumer-upgrade-1.31.0\MarkdownViewer\_internal\PySide6\Qt6QmlXmlListModel.dll
   Compressing: E:\markdown_viewer\dist\consumer-upgrade-1.31.0\MarkdownViewer\_internal\PySide6\Qt6Quick.dll
   Compressing: E:\markdown_viewer\dist\consumer-upgrade-1.31.0\MarkdownViewer\_internal\PySide6\Qt6Quick3D.dll
   Compressing: E:\markdown_viewer\dist\consumer-upgrade-1.31.0\MarkdownViewer\_internal\PySide6\Qt6Quick3DAssetImport.dll
   Compressing: E:\markdown_viewer\dist\consumer-upgrade-1.31.0\MarkdownViewer\_internal\PySide6\Qt6Quick3DAssetUtils.dll
   Compressing: E:\markdown_viewer\dist\consumer-upgrade-1.31.0\MarkdownViewer\_internal\PySide6\Qt6Quick3DEffects.dll
   Compressing: E:\markdown_viewer\dist\consumer-upgrade-1.31.0\MarkdownViewer\_internal\PySide6\Qt6Quick3DHelpers.dll
   Compressing: E:\markdown_viewer\dist\consumer-upgrade-1.31.0\MarkdownViewer\_internal\PySide6\Qt6Quick3DHelpersImpl.dll
   Compressing: E:\markdown_viewer\dist\consumer-upgrade-1.31.0\MarkdownViewer\_internal\PySide6\Qt6Quick3DParticleEffects.dll
   Compressing: E:\markdown_viewer\dist\consumer-upgrade-1.31.0\MarkdownViewer\_internal\PySide6\Qt6Quick3DParticles.dll
   Compressing: E:\markdown_viewer\dist\consumer-upgrade-1.31.0\MarkdownViewer\_internal\PySide6\Qt6Quick3DRuntimeRender.dll
   Compressing: E:\markdown_viewer\dist\consumer-upgrade-1.31.0\MarkdownViewer\_internal\PySide6\Qt6Quick3DSpatialAudio.dll
   Compressing: E:\markdown_viewer\dist\consumer-upgrade-1.31.0\MarkdownViewer\_internal\PySide6\Qt6Quick3DUtils.dll
   Compressing: E:\markdown_viewer\dist\consumer-upgrade-1.31.0\MarkdownViewer\_internal\PySide6\Qt6Quick3DXr.dll
   Compressing: E:\markdown_viewer\dist\consumer-upgrade-1.31.0\MarkdownViewer\_internal\PySide6\Qt6QuickControls2.dll
   Compressing: E:\markdown_viewer\dist\consumer-upgrade-1.31.0\MarkdownViewer\_internal\PySide6\Qt6QuickControls2Basic.dll
   Compressing: E:\markdown_viewer\dist\consumer-upgrade-1.31.0\MarkdownViewer\_internal\PySide6\Qt6QuickControls2BasicStyleImpl.dll
   Compressing: E:\markdown_viewer\dist\consumer-upgrade-1.31.0\MarkdownViewer\_internal\PySide6\Qt6QuickControls2FluentWinUI3StyleImpl.dll
   Compressing: E:\markdown_viewer\dist\consumer-upgrade-1.31.0\MarkdownViewer\_internal\PySide6\Qt6QuickControls2Fusion.dll
   Compressing: E:\markdown_viewer\dist\consumer-upgrade-1.31.0\MarkdownViewer\_internal\PySide6\Qt6QuickControls2FusionStyleImpl.dll
   Compressing: E:\markdown_viewer\dist\consumer-upgrade-1.31.0\MarkdownViewer\_internal\PySide6\Qt6QuickControls2Imagine.dll
   Compressing: E:\markdown_viewer\dist\consumer-upgrade-1.31.0\MarkdownViewer\_internal\PySide6\Qt6QuickControls2ImagineStyleImpl.dll
   Compressing: E:\markdown_viewer\dist\consumer-upgrade-1.31.0\MarkdownViewer\_internal\PySide6\Qt6QuickControls2Impl.dll
   Compressing: E:\markdown_viewer\dist\consumer-upgrade-1.31.0\MarkdownViewer\_internal\PySide6\Qt6QuickControls2Material.dll
   Compressing: E:\markdown_viewer\dist\consumer-upgrade-1.31.0\MarkdownViewer\_internal\PySide6\Qt6QuickControls2MaterialStyleImpl.dll
   Compressing: E:\markdown_viewer\dist\consumer-upgrade-1.31.0\MarkdownViewer\_internal\PySide6\Qt6QuickControls2Universal.dll
   Compressing: E:\markdown_viewer\dist\consumer-upgrade-1.31.0\MarkdownViewer\_internal\PySide6\Qt6QuickControls2UniversalStyleImpl.dll
   Compressing: E:\markdown_viewer\dist\consumer-upgrade-1.31.0\MarkdownViewer\_internal\PySide6\Qt6QuickControls2WindowsStyleImpl.dll
   Compressing: E:\markdown_viewer\dist\consumer-upgrade-1.31.0\MarkdownViewer\_internal\PySide6\Qt6QuickDialogs2.dll
   Compressing: E:\markdown_viewer\dist\consumer-upgrade-1.31.0\MarkdownViewer\_internal\PySide6\Qt6QuickDialogs2QuickImpl.dll
   Compressing: E:\markdown_viewer\dist\consumer-upgrade-1.31.0\MarkdownViewer\_internal\PySide6\Qt6QuickDialogs2Utils.dll
   Compressing: E:\markdown_viewer\dist\consumer-upgrade-1.31.0\MarkdownViewer\_internal\PySide6\Qt6QuickEffects.dll
   Compressing: E:\markdown_viewer\dist\consumer-upgrade-1.31.0\MarkdownViewer\_internal\PySide6\Qt6QuickLayouts.dll
   Compressing: E:\markdown_viewer\dist\consumer-upgrade-1.31.0\MarkdownViewer\_internal\PySide6\Qt6QuickParticles.dll
   Compressing: E:\markdown_viewer\dist\consumer-upgrade-1.31.0\MarkdownViewer\_internal\PySide6\Qt6QuickShapes.dll
   Compressing: E:\markdown_viewer\dist\consumer-upgrade-1.31.0\MarkdownViewer\_internal\PySide6\Qt6QuickTemplates2.dll
   Compressing: E:\markdown_viewer\dist\consumer-upgrade-1.31.0\MarkdownViewer\_internal\PySide6\Qt6QuickTest.dll
   Compressing: E:\markdown_viewer\dist\consumer-upgrade-1.31.0\MarkdownViewer\_internal\PySide6\Qt6QuickTimeline.dll
   Compressing: E:\markdown_viewer\dist\consumer-upgrade-1.31.0\MarkdownViewer\_internal\PySide6\Qt6QuickTimelineBlendTrees.dll
   Compressing: E:\markdown_viewer\dist\consumer-upgrade-1.31.0\MarkdownViewer\_internal\PySide6\Qt6QuickVectorImage.dll
   Compressing: E:\markdown_viewer\dist\consumer-upgrade-1.31.0\MarkdownViewer\_internal\PySide6\Qt6QuickVectorImageGenerator.dll
   Compressing: E:\markdown_viewer\dist\consumer-upgrade-1.31.0\MarkdownViewer\_internal\PySide6\Qt6QuickVectorImageHelpers.dll
   Compressing: E:\markdown_viewer\dist\consumer-upgrade-1.31.0\MarkdownViewer\_internal\PySide6\Qt6QuickWidgets.dll
   Compressing: E:\markdown_viewer\dist\consumer-upgrade-1.31.0\MarkdownViewer\_internal\PySide6\Qt6RemoteObjects.dll
   Compressing: E:\markdown_viewer\dist\consumer-upgrade-1.31.0\MarkdownViewer\_internal\PySide6\Qt6RemoteObjectsQml.dll
   Compressing: E:\markdown_viewer\dist\consumer-upgrade-1.31.0\MarkdownViewer\_internal\PySide6\Qt6Scxml.dll
   Compressing: E:\markdown_viewer\dist\consumer-upgrade-1.31.0\MarkdownViewer\_internal\PySide6\Qt6ScxmlQml.dll
   Compressing: E:\markdown_viewer\dist\consumer-upgrade-1.31.0\MarkdownViewer\_internal\PySide6\Qt6Sensors.dll
   Compressing: E:\markdown_viewer\dist\consumer-upgrade-1.31.0\MarkdownViewer\_internal\PySide6\Qt6SensorsQuick.dll
   Compressing: E:\markdown_viewer\dist\consumer-upgrade-1.31.0\MarkdownViewer\_internal\PySide6\Qt6SerialPort.dll
   Compressing: E:\markdown_viewer\dist\consumer-upgrade-1.31.0\MarkdownViewer\_internal\PySide6\Qt6ShaderTools.dll
   Compressing: E:\markdown_viewer\dist\consumer-upgrade-1.31.0\MarkdownViewer\_internal\PySide6\Qt6SpatialAudio.dll
   Compressing: E:\markdown_viewer\dist\consumer-upgrade-1.31.0\MarkdownViewer\_internal\PySide6\Qt6Sql.dll
   Compressing: E:\markdown_viewer\dist\consumer-upgrade-1.31.0\MarkdownViewer\_internal\PySide6\Qt6StateMachine.dll
   Compressing: E:\markdown_viewer\dist\consumer-upgrade-1.31.0\MarkdownViewer\_internal\PySide6\Qt6StateMachineQml.dll
   Compressing: E:\markdown_viewer\dist\consumer-upgrade-1.31.0\MarkdownViewer\_internal\PySide6\Qt6Svg.dll
   Compressing: E:\markdown_viewer\dist\consumer-upgrade-1.31.0\MarkdownViewer\_internal\PySide6\Qt6Test.dll
   Compressing: E:\markdown_viewer\dist\consumer-upgrade-1.31.0\MarkdownViewer\_internal\PySide6\Qt6TextToSpeech.dll
   Compressing: E:\markdown_viewer\dist\consumer-upgrade-1.31.0\MarkdownViewer\_internal\PySide6\Qt6VirtualKeyboard.dll
   Compressing: E:\markdown_viewer\dist\consumer-upgrade-1.31.0\MarkdownViewer\_internal\PySide6\Qt6VirtualKeyboardQml.dll
   Compressing: E:\markdown_viewer\dist\consumer-upgrade-1.31.0\MarkdownViewer\_internal\PySide6\Qt6VirtualKeyboardSettings.dll
   Compressing: E:\markdown_viewer\dist\consumer-upgrade-1.31.0\MarkdownViewer\_internal\PySide6\Qt6WebChannel.dll
   Compressing: E:\markdown_viewer\dist\consumer-upgrade-1.31.0\MarkdownViewer\_internal\PySide6\Qt6WebChannelQuick.dll
   Compressing: E:\markdown_viewer\dist\consumer-upgrade-1.31.0\MarkdownViewer\_internal\PySide6\Qt6WebEngineCore.dll
   Compressing: E:\markdown_viewer\dist\consumer-upgrade-1.31.0\MarkdownViewer\_internal\PySide6\Qt6WebEngineQuick.dll
   Compressing: E:\markdown_viewer\dist\consumer-upgrade-1.31.0\MarkdownViewer\_internal\PySide6\Qt6WebEngineQuickDelegatesQml.dll
   Compressing: E:\markdown_viewer\dist\consumer-upgrade-1.31.0\MarkdownViewer\_internal\PySide6\Qt6WebEngineWidgets.dll
   Compressing: E:\markdown_viewer\dist\consumer-upgrade-1.31.0\MarkdownViewer\_internal\PySide6\Qt6WebSockets.dll
   Compressing: E:\markdown_viewer\dist\consumer-upgrade-1.31.0\MarkdownViewer\_internal\PySide6\Qt6WebView.dll
   Compressing: E:\markdown_viewer\dist\consumer-upgrade-1.31.0\MarkdownViewer\_internal\PySide6\Qt6WebViewQuick.dll
   Compressing: E:\markdown_viewer\dist\consumer-upgrade-1.31.0\MarkdownViewer\_internal\PySide6\Qt6Widgets.dll
   Compressing: E:\markdown_viewer\dist\consumer-upgrade-1.31.0\MarkdownViewer\_internal\PySide6\QtCore.pyd
   Compressing: E:\markdown_viewer\dist\consumer-upgrade-1.31.0\MarkdownViewer\_internal\PySide6\QtGui.pyd
   Compressing: E:\markdown_viewer\dist\consumer-upgrade-1.31.0\MarkdownViewer\_internal\PySide6\QtNetwork.pyd
   Compressing: E:\markdown_viewer\dist\consumer-upgrade-1.31.0\MarkdownViewer\_internal\PySide6\QtOpenGL.pyd
   Compressing: E:\markdown_viewer\dist\consumer-upgrade-1.31.0\MarkdownViewer\_internal\PySide6\QtPdf.pyd
   Compressing: E:\markdown_viewer\dist\consumer-upgrade-1.31.0\MarkdownViewer\_internal\PySide6\QtPdfWidgets.pyd
   Compressing: E:\markdown_viewer\dist\consumer-upgrade-1.31.0\MarkdownViewer\_internal\PySide6\QtPositioning.pyd
   Compressing: E:\markdown_viewer\dist\consumer-upgrade-1.31.0\MarkdownViewer\_internal\PySide6\QtPrintSupport.pyd
   Compressing: E:\markdown_viewer\dist\consumer-upgrade-1.31.0\MarkdownViewer\_internal\PySide6\QtQml.pyd
   Compressing: E:\markdown_viewer\dist\consumer-upgrade-1.31.0\MarkdownViewer\_internal\PySide6\QtQuick.pyd
   Compressing: E:\markdown_viewer\dist\consumer-upgrade-1.31.0\MarkdownViewer\_internal\PySide6\QtQuickWidgets.pyd
   Compressing: E:\markdown_viewer\dist\consumer-upgrade-1.31.0\MarkdownViewer\_internal\PySide6\QtSvg.pyd
   Compressing: E:\markdown_viewer\dist\consumer-upgrade-1.31.0\MarkdownViewer\_internal\PySide6\QtWebChannel.pyd
   Compressing: E:\markdown_viewer\dist\consumer-upgrade-1.31.0\MarkdownViewer\_internal\PySide6\QtWebEngineCore.pyd
   Compressing: E:\markdown_viewer\dist\consumer-upgrade-1.31.0\MarkdownViewer\_internal\PySide6\QtWebEngineProcess.exe
   Compressing: E:\markdown_viewer\dist\consumer-upgrade-1.31.0\MarkdownViewer\_internal\PySide6\QtWebEngineWidgets.pyd
   Compressing: E:\markdown_viewer\dist\consumer-upgrade-1.31.0\MarkdownViewer\_internal\PySide6\QtWidgets.pyd
   Compressing: E:\markdown_viewer\dist\consumer-upgrade-1.31.0\MarkdownViewer\_internal\PySide6\VCRUNTIME140.dll
   Compressing: E:\markdown_viewer\dist\consumer-upgrade-1.31.0\MarkdownViewer\_internal\PySide6\VCRUNTIME140_1.dll
   Compressing: E:\markdown_viewer\dist\consumer-upgrade-1.31.0\MarkdownViewer\_internal\PySide6\plugins\generic\qtuiotouchplugin.dll
   Compressing: E:\markdown_viewer\dist\consumer-upgrade-1.31.0\MarkdownViewer\_internal\PySide6\plugins\iconengines\qsvgicon.dll
   Compressing: E:\markdown_viewer\dist\consumer-upgrade-1.31.0\MarkdownViewer\_internal\PySide6\plugins\imageformats\qgif.dll
   Compressing: E:\markdown_viewer\dist\consumer-upgrade-1.31.0\MarkdownViewer\_internal\PySide6\plugins\imageformats\qicns.dll
   Compressing: E:\markdown_viewer\dist\consumer-upgrade-1.31.0\MarkdownViewer\_internal\PySide6\plugins\imageformats\qico.dll
   Compressing: E:\markdown_viewer\dist\consumer-upgrade-1.31.0\MarkdownViewer\_internal\PySide6\plugins\imageformats\qjpeg.dll
   Compressing: E:\markdown_viewer\dist\consumer-upgrade-1.31.0\MarkdownViewer\_internal\PySide6\plugins\imageformats\qpdf.dll
   Compressing: E:\markdown_viewer\dist\consumer-upgrade-1.31.0\MarkdownViewer\_internal\PySide6\plugins\imageformats\qsvg.dll
   Compressing: E:\markdown_viewer\dist\consumer-upgrade-1.31.0\MarkdownViewer\_internal\PySide6\plugins\imageformats\qtga.dll
   Compressing: E:\markdown_viewer\dist\consumer-upgrade-1.31.0\MarkdownViewer\_internal\PySide6\plugins\imageformats\qtiff.dll
   Compressing: E:\markdown_viewer\dist\consumer-upgrade-1.31.0\MarkdownViewer\_internal\PySide6\plugins\imageformats\qwbmp.dll
   Compressing: E:\markdown_viewer\dist\consumer-upgrade-1.31.0\MarkdownViewer\_internal\PySide6\plugins\imageformats\qwebp.dll
   Compressing: E:\markdown_viewer\dist\consumer-upgrade-1.31.0\MarkdownViewer\_internal\PySide6\plugins\networkinformation\qnetworklistmanager.dll
   Compressing: E:\markdown_viewer\dist\consumer-upgrade-1.31.0\MarkdownViewer\_internal\PySide6\plugins\platforminputcontexts\qtvirtualkeyboardplugin.dll
   Compressing: E:\markdown_viewer\dist\consumer-upgrade-1.31.0\MarkdownViewer\_internal\PySide6\plugins\platforms\qdirect2d.dll
   Compressing: E:\markdown_viewer\dist\consumer-upgrade-1.31.0\MarkdownViewer\_internal\PySide6\plugins\platforms\qminimal.dll
   Compressing: E:\markdown_viewer\dist\consumer-upgrade-1.31.0\MarkdownViewer\_internal\PySide6\plugins\platforms\qoffscreen.dll
   Compressing: E:\markdown_viewer\dist\consumer-upgrade-1.31.0\MarkdownViewer\_internal\PySide6\plugins\platforms\qwindows.dll
   Compressing: E:\markdown_viewer\dist\consumer-upgrade-1.31.0\MarkdownViewer\_internal\PySide6\plugins\position\qtposition_nmea.dll
   Compressing: E:\markdown_viewer\dist\consumer-upgrade-1.31.0\MarkdownViewer\_internal\PySide6\plugins\position\qtposition_positionpoll.dll
   Compressing: E:\markdown_viewer\dist\consumer-upgrade-1.31.0\MarkdownViewer\_internal\PySide6\plugins\position\qtposition_winrt.dll
   Compressing: E:\markdown_viewer\dist\consumer-upgrade-1.31.0\MarkdownViewer\_internal\PySide6\plugins\qmltooling\qmldbg_debugger.dll
   Compressing: E:\markdown_viewer\dist\consumer-upgrade-1.31.0\MarkdownViewer\_internal\PySide6\plugins\qmltooling\qmldbg_inspector.dll
   Compressing: E:\markdown_viewer\dist\consumer-upgrade-1.31.0\MarkdownViewer\_internal\PySide6\plugins\qmltooling\qmldbg_local.dll
   Compressing: E:\markdown_viewer\dist\consumer-upgrade-1.31.0\MarkdownViewer\_internal\PySide6\plugins\qmltooling\qmldbg_messages.dll
   Compressing: E:\markdown_viewer\dist\consumer-upgrade-1.31.0\MarkdownViewer\_internal\PySide6\plugins\qmltooling\qmldbg_native.dll
   Compressing: E:\markdown_viewer\dist\consumer-upgrade-1.31.0\MarkdownViewer\_internal\PySide6\plugins\qmltooling\qmldbg_nativedebugger.dll
   Compressing: E:\markdown_viewer\dist\consumer-upgrade-1.31.0\MarkdownViewer\_internal\PySide6\plugins\qmltooling\qmldbg_preview.dll
   Compressing: E:\markdown_viewer\dist\consumer-upgrade-1.31.0\MarkdownViewer\_internal\PySide6\plugins\qmltooling\qmldbg_profiler.dll
   Compressing: E:\markdown_viewer\dist\consumer-upgrade-1.31.0\MarkdownViewer\_internal\PySide6\plugins\qmltooling\qmldbg_quick3dprofiler.dll
   Compressing: E:\markdown_viewer\dist\consumer-upgrade-1.31.0\MarkdownViewer\_internal\PySide6\plugins\qmltooling\qmldbg_quickeventreplay.dll
   Compressing: E:\markdown_viewer\dist\consumer-upgrade-1.31.0\MarkdownViewer\_internal\PySide6\plugins\qmltooling\qmldbg_quickprofiler.dll
   Compressing: E:\markdown_viewer\dist\consumer-upgrade-1.31.0\MarkdownViewer\_internal\PySide6\plugins\qmltooling\qmldbg_server.dll
   Compressing: E:\markdown_viewer\dist\consumer-upgrade-1.31.0\MarkdownViewer\_internal\PySide6\plugins\qmltooling\qmldbg_tcp.dll
   Compressing: E:\markdown_viewer\dist\consumer-upgrade-1.31.0\MarkdownViewer\_internal\PySide6\plugins\styles\qmodernwindowsstyle.dll
   Compressing: E:\markdown_viewer\dist\consumer-upgrade-1.31.0\MarkdownViewer\_internal\PySide6\plugins\tls\qcertonlybackend.dll
   Compressing: E:\markdown_viewer\dist\consumer-upgrade-1.31.0\MarkdownViewer\_internal\PySide6\plugins\tls\qopensslbackend.dll
   Compressing: E:\markdown_viewer\dist\consumer-upgrade-1.31.0\MarkdownViewer\_internal\PySide6\plugins\tls\qschannelbackend.dll
   Compressing: E:\markdown_viewer\dist\consumer-upgrade-1.31.0\MarkdownViewer\_internal\PySide6\qml\Qt\labs\animation\labsanimationplugin.dll
   Compressing: E:\markdown_viewer\dist\consumer-upgrade-1.31.0\MarkdownViewer\_internal\PySide6\qml\Qt\labs\animation\plugins.qmltypes
   Compressing: E:\markdown_viewer\dist\consumer-upgrade-1.31.0\MarkdownViewer\_internal\PySide6\qml\Qt\labs\animation\qmldir
   Compressing: E:\markdown_viewer\dist\consumer-upgrade-1.31.0\MarkdownViewer\_internal\PySide6\qml\Qt\labs\folderlistmodel\plugins.qmltypes
   Compressing: E:\markdown_viewer\dist\consumer-upgrade-1.31.0\MarkdownViewer\_internal\PySide6\qml\Qt\labs\folderlistmodel\qmldir
   Compressing: E:\markdown_viewer\dist\consumer-upgrade-1.31.0\MarkdownViewer\_internal\PySide6\qml\Qt\labs\folderlistmodel\qmlfolderlistmodelplugin.dll
   Compressing: E:\markdown_viewer\dist\consumer-upgrade-1.31.0\MarkdownViewer\_internal\PySide6\qml\Qt\labs\platform\labsplatformplugin.dll
   Compressing: E:\markdown_viewer\dist\consumer-upgrade-1.31.0\MarkdownViewer\_internal\PySide6\qml\Qt\labs\platform\plugins.qmltypes
   Compressing: E:\markdown_viewer\dist\consumer-upgrade-1.31.0\MarkdownViewer\_internal\PySide6\qml\Qt\labs\platform\qmldir
   Compressing: E:\markdown_viewer\dist\consumer-upgrade-1.31.0\MarkdownViewer\_internal\PySide6\qml\Qt\labs\qmlmodels\labsmodelsplugin.dll
   Compressing: E:\markdown_viewer\dist\consumer-upgrade-1.31.0\MarkdownViewer\_internal\PySide6\qml\Qt\labs\qmlmodels\plugins.qmltypes
   Compressing: E:\markdown_viewer\dist\consumer-upgrade-1.31.0\MarkdownViewer\_internal\PySide6\qml\Qt\labs\qmlmodels\qmldir
   Compressing: E:\markdown_viewer\dist\consumer-upgrade-1.31.0\MarkdownViewer\_internal\PySide6\qml\Qt\labs\settings\plugins.qmltypes
   Compressing: E:\markdown_viewer\dist\consumer-upgrade-1.31.0\MarkdownViewer\_internal\PySide6\qml\Qt\labs\settings\qmldir
   Compressing: E:\markdown_viewer\dist\consumer-upgrade-1.31.0\MarkdownViewer\_internal\PySide6\qml\Qt\labs\settings\qmlsettingsplugin.dll
   Compressing: E:\markdown_viewer\dist\consumer-upgrade-1.31.0\MarkdownViewer\_internal\PySide6\qml\Qt\labs\sharedimage\plugins.qmltypes
   Compressing: E:\markdown_viewer\dist\consumer-upgrade-1.31.0\MarkdownViewer\_internal\PySide6\qml\Qt\labs\sharedimage\qmldir
   Compressing: E:\markdown_viewer\dist\consumer-upgrade-1.31.0\MarkdownViewer\_internal\PySide6\qml\Qt\labs\sharedimage\sharedimageplugin.dll
   Compressing: E:\markdown_viewer\dist\consumer-upgrade-1.31.0\MarkdownViewer\_internal\PySide6\qml\Qt\labs\wavefrontmesh\plugins.qmltypes
   Compressing: E:\markdown_viewer\dist\consumer-upgrade-1.31.0\MarkdownViewer\_internal\PySide6\qml\Qt\labs\wavefrontmesh\qmldir
   Compressing: E:\markdown_viewer\dist\consumer-upgrade-1.31.0\MarkdownViewer\_internal\PySide6\qml\Qt\labs\wavefrontmesh\qmlwavefrontmeshplugin.dll
   Compressing: E:\markdown_viewer\dist\consumer-upgrade-1.31.0\MarkdownViewer\_internal\PySide6\qml\Qt3D\Animation\plugins.qmltypes
   Compressing: E:\markdown_viewer\dist\consumer-upgrade-1.31.0\MarkdownViewer\_internal\PySide6\qml\Qt3D\Animation\qmldir
   Compressing: E:\markdown_viewer\dist\consumer-upgrade-1.31.0\MarkdownViewer\_internal\PySide6\qml\Qt3D\Animation\quick3danimationplugin.dll
   Compressing: E:\markdown_viewer\dist\consumer-upgrade-1.31.0\MarkdownViewer\_internal\PySide6\qml\Qt3D\Core\plugins.qmltypes
   Compressing: E:\markdown_viewer\dist\consumer-upgrade-1.31.0\MarkdownViewer\_internal\PySide6\qml\Qt3D\Core\qmldir
   Compressing: E:\markdown_viewer\dist\consumer-upgrade-1.31.0\MarkdownViewer\_internal\PySide6\qml\Qt3D\Core\quick3dcoreplugin.dll
   Compressing: E:\markdown_viewer\dist\consumer-upgrade-1.31.0\MarkdownViewer\_internal\PySide6\qml\Qt3D\Extras\plugins.qmltypes
   Compressing: E:\markdown_viewer\dist\consumer-upgrade-1.31.0\MarkdownViewer\_internal\PySide6\qml\Qt3D\Extras\qmldir
   Compressing: E:\markdown_viewer\dist\consumer-upgrade-1.31.0\MarkdownViewer\_internal\PySide6\qml\Qt3D\Extras\quick3dextrasplugin.dll
   Compressing: E:\markdown_viewer\dist\consumer-upgrade-1.31.0\MarkdownViewer\_internal\PySide6\qml\Qt3D\Input\plugins.qmltypes
   Compressing: E:\markdown_viewer\dist\consumer-upgrade-1.31.0\MarkdownViewer\_internal\PySide6\qml\Qt3D\Input\qmldir
   Compressing: E:\markdown_viewer\dist\consumer-upgrade-1.31.0\MarkdownViewer\_internal\PySide6\qml\Qt3D\Input\quick3dinputplugin.dll
   Compressing: E:\markdown_viewer\dist\consumer-upgrade-1.31.0\MarkdownViewer\_internal\PySide6\qml\Qt3D\Logic\plugins.qmltypes
   Compressing: E:\markdown_viewer\dist\consumer-upgrade-1.31.0\MarkdownViewer\_internal\PySide6\qml\Qt3D\Logic\qmldir
   Compressing: E:\markdown_viewer\dist\consumer-upgrade-1.31.0\MarkdownViewer\_internal\PySide6\qml\Qt3D\Logic\quick3dlogicplugin.dll
   Compressing: E:\markdown_viewer\dist\consumer-upgrade-1.31.0\MarkdownViewer\_internal\PySide6\qml\Qt3D\Render\plugins.qmltypes
   Compressing: E:\markdown_viewer\dist\consumer-upgrade-1.31.0\MarkdownViewer\_internal\PySide6\qml\Qt3D\Render\qmldir
   Compressing: E:\markdown_viewer\dist\consumer-upgrade-1.31.0\MarkdownViewer\_internal\PySide6\qml\Qt3D\Render\quick3drenderplugin.dll
   Compressing: E:\markdown_viewer\dist\consumer-upgrade-1.31.0\MarkdownViewer\_internal\PySide6\qml\Qt5Compat\GraphicalEffects\Blend.qml
   Compressing: E:\markdown_viewer\dist\consumer-upgrade-1.31.0\MarkdownViewer\_internal\PySide6\qml\Qt5Compat\GraphicalEffects\BrightnessContrast.qml
   Compressing: E:\markdown_viewer\dist\consumer-upgrade-1.31.0\MarkdownViewer\_internal\PySide6\qml\Qt5Compat\GraphicalEffects\Colorize.qml
   Compressing: E:\markdown_viewer\dist\consumer-upgrade-1.31.0\MarkdownViewer\_internal\PySide6\qml\Qt5Compat\GraphicalEffects\ColorOverlay.qml
   Compressing: E:\markdown_viewer\dist\consumer-upgrade-1.31.0\MarkdownViewer\_internal\PySide6\qml\Qt5Compat\GraphicalEffects\ConicalGradient.qml
   Compressing: E:\markdown_viewer\dist\consumer-upgrade-1.31.0\MarkdownViewer\_internal\PySide6\qml\Qt5Compat\GraphicalEffects\Desaturate.qml
   Compressing: E:\markdown_viewer\dist\consumer-upgrade-1.31.0\MarkdownViewer\_internal\PySide6\qml\Qt5Compat\GraphicalEffects\DirectionalBlur.qml
   Compressing: E:\markdown_viewer\dist\consumer-upgrade-1.31.0\MarkdownViewer\_internal\PySide6\qml\Qt5Compat\GraphicalEffects\Displace.qml
   Compressing: E:\markdown_viewer\dist\consumer-upgrade-1.31.0\MarkdownViewer\_internal\PySide6\qml\Qt5Compat\GraphicalEffects\DropShadow.qml
   Compressing: E:\markdown_viewer\dist\consumer-upgrade-1.31.0\MarkdownViewer\_internal\PySide6\qml\Qt5Compat\GraphicalEffects\FastBlur.qml
   Compressing: E:\markdown_viewer\dist\consumer-upgrade-1.31.0\MarkdownViewer\_internal\PySide6\qml\Qt5Compat\GraphicalEffects\GammaAdjust.qml
   Compressing: E:\markdown_viewer\dist\consumer-upgrade-1.31.0\MarkdownViewer\_internal\PySide6\qml\Qt5Compat\GraphicalEffects\GaussianBlur.qml
   Compressing: E:\markdown_viewer\dist\consumer-upgrade-1.31.0\MarkdownViewer\_internal\PySide6\qml\Qt5Compat\GraphicalEffects\Glow.qml
   Compressing: E:\markdown_viewer\dist\consumer-upgrade-1.31.0\MarkdownViewer\_internal\PySide6\qml\Qt5Compat\GraphicalEffects\HueSaturation.qml
   Compressing: E:\markdown_viewer\dist\consumer-upgrade-1.31.0\MarkdownViewer\_internal\PySide6\qml\Qt5Compat\GraphicalEffects\InnerShadow.qml
   Compressing: E:\markdown_viewer\dist\consumer-upgrade-1.31.0\MarkdownViewer\_internal\PySide6\qml\Qt5Compat\GraphicalEffects\LevelAdjust.qml
   Compressing: E:\markdown_viewer\dist\consumer-upgrade-1.31.0\MarkdownViewer\_internal\PySide6\qml\Qt5Compat\GraphicalEffects\LinearGradient.qml
   Compressing: E:\markdown_viewer\dist\consumer-upgrade-1.31.0\MarkdownViewer\_internal\PySide6\qml\Qt5Compat\GraphicalEffects\MaskedBlur.qml
   Compressing: E:\markdown_viewer\dist\consumer-upgrade-1.31.0\MarkdownViewer\_internal\PySide6\qml\Qt5Compat\GraphicalEffects\OpacityMask.qml
   Compressing: E:\markdown_viewer\dist\consumer-upgrade-1.31.0\MarkdownViewer\_internal\PySide6\qml\Qt5Compat\GraphicalEffects\qmldir
   Compressing: E:\markdown_viewer\dist\consumer-upgrade-1.31.0\MarkdownViewer\_internal\PySide6\qml\Qt5Compat\GraphicalEffects\qtgraphicaleffectsplugin.dll
   Compressing: E:\markdown_viewer\dist\consumer-upgrade-1.31.0\MarkdownViewer\_internal\PySide6\qml\Qt5Compat\GraphicalEffects\qtgraphicaleffectsplugin.qmltypes
   Compressing: E:\markdown_viewer\dist\consumer-upgrade-1.31.0\MarkdownViewer\_internal\PySide6\qml\Qt5Compat\GraphicalEffects\RadialBlur.qml
   Compressing: E:\markdown_viewer\dist\consumer-upgrade-1.31.0\MarkdownViewer\_internal\PySide6\qml\Qt5Compat\GraphicalEffects\RadialGradient.qml
   Compressing: E:\markdown_viewer\dist\consumer-upgrade-1.31.0\MarkdownViewer\_internal\PySide6\qml\Qt5Compat\GraphicalEffects\RectangularGlow.qml
   Compressing: E:\markdown_viewer\dist\consumer-upgrade-1.31.0\MarkdownViewer\_internal\PySide6\qml\Qt5Compat\GraphicalEffects\RecursiveBlur.qml
   Compressing: E:\markdown_viewer\dist\consumer-upgrade-1.31.0\MarkdownViewer\_internal\PySide6\qml\Qt5Compat\GraphicalEffects\ThresholdMask.qml
   Compressing: E:\markdown_viewer\dist\consumer-upgrade-1.31.0\MarkdownViewer\_internal\PySide6\qml\Qt5Compat\GraphicalEffects\ZoomBlur.qml
   Compressing: E:\markdown_viewer\dist\consumer-upgrade-1.31.0\MarkdownViewer\_internal\PySide6\qml\Qt5Compat\GraphicalEffects\private\DropShadowBase.qml
   Compressing: E:\markdown_viewer\dist\consumer-upgrade-1.31.0\MarkdownViewer\_internal\PySide6\qml\Qt5Compat\GraphicalEffects\private\FastGlow.qml
   Compressing: E:\markdown_viewer\dist\consumer-upgrade-1.31.0\MarkdownViewer\_internal\PySide6\qml\Qt5Compat\GraphicalEffects\private\FastInnerShadow.qml
   Compressing: E:\markdown_viewer\dist\consumer-upgrade-1.31.0\MarkdownViewer\_internal\PySide6\qml\Qt5Compat\GraphicalEffects\private\GaussianDirectionalBlur.qml
   Compressing: E:\markdown_viewer\dist\consumer-upgrade-1.31.0\MarkdownViewer\_internal\PySide6\qml\Qt5Compat\GraphicalEffects\private\GaussianGlow.qml
   Compressing: E:\markdown_viewer\dist\consumer-upgrade-1.31.0\MarkdownViewer\_internal\PySide6\qml\Qt5Compat\GraphicalEffects\private\GaussianInnerShadow.qml
   Compressing: E:\markdown_viewer\dist\consumer-upgrade-1.31.0\MarkdownViewer\_internal\PySide6\qml\Qt5Compat\GraphicalEffects\private\GaussianMaskedBlur.qml
   Compressing: E:\markdown_viewer\dist\consumer-upgrade-1.31.0\MarkdownViewer\_internal\PySide6\qml\Qt5Compat\GraphicalEffects\private\plugins.qmltypes
   Compressing: E:\markdown_viewer\dist\consumer-upgrade-1.31.0\MarkdownViewer\_internal\PySide6\qml\Qt5Compat\GraphicalEffects\private\qmldir
   Compressing: E:\markdown_viewer\dist\consumer-upgrade-1.31.0\MarkdownViewer\_internal\PySide6\qml\Qt5Compat\GraphicalEffects\private\qtgraphicaleffectsprivateplugin.dll
   Compressing: E:\markdown_viewer\dist\consumer-upgrade-1.31.0\MarkdownViewer\_internal\PySide6\qml\QtCharts\plugins.qmltypes
   Compressing: E:\markdown_viewer\dist\consumer-upgrade-1.31.0\MarkdownViewer\_internal\PySide6\qml\QtCharts\qmldir
   Compressing: E:\markdown_viewer\dist\consumer-upgrade-1.31.0\MarkdownViewer\_internal\PySide6\qml\QtCharts\qtchartsqml2plugin.dll
   Compressing: E:\markdown_viewer\dist\consumer-upgrade-1.31.0\MarkdownViewer\_internal\PySide6\qml\QtCharts\designer\ChartViewSpecifics.qml
   Compressing: E:\markdown_viewer\dist\consumer-upgrade-1.31.0\MarkdownViewer\_internal\PySide6\qml\QtCharts\designer\qtcharts.metainfo
   Compressing: E:\markdown_viewer\dist\consumer-upgrade-1.31.0\MarkdownViewer\_internal\PySide6\qml\QtCharts\designer\default\AreaSeries.qml
   Compressing: E:\markdown_viewer\dist\consumer-upgrade-1.31.0\MarkdownViewer\_internal\PySide6\qml\QtCharts\designer\default\BarSeries.qml
   Compressing: E:\markdown_viewer\dist\consumer-upgrade-1.31.0\MarkdownViewer\_internal\PySide6\qml\QtCharts\designer\default\BoxPlotSeries.qml
   Compressing: E:\markdown_viewer\dist\consumer-upgrade-1.31.0\MarkdownViewer\_internal\PySide6\qml\QtCharts\designer\default\HorizontalBarSeries.qml
   Compressing: E:\markdown_viewer\dist\consumer-upgrade-1.31.0\MarkdownViewer\_internal\PySide6\qml\QtCharts\designer\default\HorizontalPercentBarSeries.qml
   Compressing: E:\markdown_viewer\dist\consumer-upgrade-1.31.0\MarkdownViewer\_internal\PySide6\qml\QtCharts\designer\default\HorizontalStackedBarSeries.qml
   Compressing: E:\markdown_viewer\dist\consumer-upgrade-1.31.0\MarkdownViewer\_internal\PySide6\qml\QtCharts\designer\default\LineSeries.qml
   Compressing: E:\markdown_viewer\dist\consumer-upgrade-1.31.0\MarkdownViewer\_internal\PySide6\qml\QtCharts\designer\default\PercentBarSeries.qml
   Compressing: E:\markdown_viewer\dist\consumer-upgrade-1.31.0\MarkdownViewer\_internal\PySide6\qml\QtCharts\designer\default\PieSeries.qml
   Compressing: E:\markdown_viewer\dist\consumer-upgrade-1.31.0\MarkdownViewer\_internal\PySide6\qml\QtCharts\designer\default\PolarAreaSeries.qml
   Compressing: E:\markdown_viewer\dist\consumer-upgrade-1.31.0\MarkdownViewer\_internal\PySide6\qml\QtCharts\designer\default\PolarLineSeries.qml
   Compressing: E:\markdown_viewer\dist\consumer-upgrade-1.31.0\MarkdownViewer\_internal\PySide6\qml\QtCharts\designer\default\PolarScatterSeries.qml
   Compressing: E:\markdown_viewer\dist\consumer-upgrade-1.31.0\MarkdownViewer\_internal\PySide6\qml\QtCharts\designer\default\PolarSplineSeries.qml
   Compressing: E:\markdown_viewer\dist\consumer-upgrade-1.31.0\MarkdownViewer\_internal\PySide6\qml\QtCharts\designer\default\ScatterSeries.qml
   Compressing: E:\markdown_viewer\dist\consumer-upgrade-1.31.0\MarkdownViewer\_internal\PySide6\qml\QtCharts\designer\default\SplineSeries.qml
   Compressing: E:\markdown_viewer\dist\consumer-upgrade-1.31.0\MarkdownViewer\_internal\PySide6\qml\QtCharts\designer\default\StackedBarSeries.qml
   Compressing: E:\markdown_viewer\dist\consumer-upgrade-1.31.0\MarkdownViewer\_internal\PySide6\qml\QtCharts\designer\images\areaseries-chart-icon.png
   Compressing: E:\markdown_viewer\dist\consumer-upgrade-1.31.0\MarkdownViewer\_internal\PySide6\qml\QtCharts\designer\images\areaseries-chart-icon16.png
   Compressing: E:\markdown_viewer\dist\consumer-upgrade-1.31.0\MarkdownViewer\_internal\PySide6\qml\QtCharts\designer\images\areaseries-polar-icon.png
   Compressing: E:\markdown_viewer\dist\consumer-upgrade-1.31.0\MarkdownViewer\_internal\PySide6\qml\QtCharts\designer\images\areaseries-polar-icon16.png
   Compressing: E:\markdown_viewer\dist\consumer-upgrade-1.31.0\MarkdownViewer\_internal\PySide6\qml\QtCharts\designer\images\barseries-icon.png
   Compressing: E:\markdown_viewer\dist\consumer-upgrade-1.31.0\MarkdownViewer\_internal\PySide6\qml\QtCharts\designer\images\barseries-icon16.png
   Compressing: E:\markdown_viewer\dist\consumer-upgrade-1.31.0\MarkdownViewer\_internal\PySide6\qml\QtCharts\designer\images\boxplotseries-chart-icon.png
   Compressing: E:\markdown_viewer\dist\consumer-upgrade-1.31.0\MarkdownViewer\_internal\PySide6\qml\QtCharts\designer\images\boxplotseries-chart-icon16.png
   Compressing: E:\markdown_viewer\dist\consumer-upgrade-1.31.0\MarkdownViewer\_internal\PySide6\qml\QtCharts\designer\images\horizontalbarseries-icon.png
   Compressing: E:\markdown_viewer\dist\consumer-upgrade-1.31.0\MarkdownViewer\_internal\PySide6\qml\QtCharts\designer\images\horizontalbarseries-icon16.png
   Compressing: E:\markdown_viewer\dist\consumer-upgrade-1.31.0\MarkdownViewer\_internal\PySide6\qml\QtCharts\designer\images\horizontalpercentbarseries-icon.png
   Compressing: E:\markdown_viewer\dist\consumer-upgrade-1.31.0\MarkdownViewer\_internal\PySide6\qml\QtCharts\designer\images\horizontalpercentbarseries-icon16.png
   Compressing: E:\markdown_viewer\dist\consumer-upgrade-1.31.0\MarkdownViewer\_internal\PySide6\qml\QtCharts\designer\images\horizontalstackedbarseries-icon.png
   Compressing: E:\markdown_viewer\dist\consumer-upgrade-1.31.0\MarkdownViewer\_internal\PySide6\qml\QtCharts\designer\images\horizontalstackedbarseries-icon16.png
   Compressing: E:\markdown_viewer\dist\consumer-upgrade-1.31.0\MarkdownViewer\_internal\PySide6\qml\QtCharts\designer\images\lineseries-chart-icon.png
   Compressing: E:\markdown_viewer\dist\consumer-upgrade-1.31.0\MarkdownViewer\_internal\PySide6\qml\QtCharts\designer\images\lineseries-chart-icon16.png
   Compressing: E:\markdown_viewer\dist\consumer-upgrade-1.31.0\MarkdownViewer\_internal\PySide6\qml\QtCharts\designer\images\lineseries-polar-icon.png
   Compressing: E:\markdown_viewer\dist\consumer-upgrade-1.31.0\MarkdownViewer\_internal\PySide6\qml\QtCharts\designer\images\lineseries-polar-icon16.png
   Compressing: E:\markdown_viewer\dist\consumer-upgrade-1.31.0\MarkdownViewer\_internal\PySide6\qml\QtCharts\designer\images\percentbarseries-icon.png
   Compressing: E:\markdown_viewer\dist\consumer-upgrade-1.31.0\MarkdownViewer\_internal\PySide6\qml\QtCharts\designer\images\percentbarseries-icon16.png
   Compressing: E:\markdown_viewer\dist\consumer-upgrade-1.31.0\MarkdownViewer\_internal\PySide6\qml\QtCharts\designer\images\pieseries-chart-icon.png
   Compressing: E:\markdown_viewer\dist\consumer-upgrade-1.31.0\MarkdownViewer\_internal\PySide6\qml\QtCharts\designer\images\pieseries-chart-icon16.png
   Compressing: E:\markdown_viewer\dist\consumer-upgrade-1.31.0\MarkdownViewer\_internal\PySide6\qml\QtCharts\designer\images\scatterseries-chart-icon.png
   Compressing: E:\markdown_viewer\dist\consumer-upgrade-1.31.0\MarkdownViewer\_internal\PySide6\qml\QtCharts\designer\images\scatterseries-chart-icon16.png
   Compressing: E:\markdown_viewer\dist\consumer-upgrade-1.31.0\MarkdownViewer\_internal\PySide6\qml\QtCharts\designer\images\scatterseries-polar-icon.png
   Compressing: E:\markdown_viewer\dist\consumer-upgrade-1.31.0\MarkdownViewer\_internal\PySide6\qml\QtCharts\designer\images\scatterseries-polar-icon16.png
   Compressing: E:\markdown_viewer\dist\consumer-upgrade-1.31.0\MarkdownViewer\_internal\PySide6\qml\QtCharts\designer\images\splineseries-chart-icon.png
   Compressing: E:\markdown_viewer\dist\consumer-upgrade-1.31.0\MarkdownViewer\_internal\PySide6\qml\QtCharts\designer\images\splineseries-chart-icon16.png
   Compressing: E:\markdown_viewer\dist\consumer-upgrade-1.31.0\MarkdownViewer\_internal\PySide6\qml\QtCharts\designer\images\splineseries-polar-icon.png
   Compressing: E:\markdown_viewer\dist\consumer-upgrade-1.31.0\MarkdownViewer\_internal\PySide6\qml\QtCharts\designer\images\splineseries-polar-icon16.png
   Compressing: E:\markdown_viewer\dist\consumer-upgrade-1.31.0\MarkdownViewer\_internal\PySide6\qml\QtCharts\designer\images\stackedbarseries-icon.png
   Compressing: E:\markdown_viewer\dist\consumer-upgrade-1.31.0\MarkdownViewer\_internal\PySide6\qml\QtCharts\designer\images\stackedbarseries-icon16.png
   Compressing: E:\markdown_viewer\dist\consumer-upgrade-1.31.0\MarkdownViewer\_internal\PySide6\qml\QtCore\plugins.qmltypes
   Compressing: E:\markdown_viewer\dist\consumer-upgrade-1.31.0\MarkdownViewer\_internal\PySide6\qml\QtCore\qmldir
   Compressing: E:\markdown_viewer\dist\consumer-upgrade-1.31.0\MarkdownViewer\_internal\PySide6\qml\QtCore\qtqmlcoreplugin.dll
   Compressing: E:\markdown_viewer\dist\consumer-upgrade-1.31.0\MarkdownViewer\_internal\PySide6\qml\QtDataVisualization\datavisualizationqmlplugin.dll
   Compressing: E:\markdown_viewer\dist\consumer-upgrade-1.31.0\MarkdownViewer\_internal\PySide6\qml\QtDataVisualization\plugins.qmltypes
   Compressing: E:\markdown_viewer\dist\consumer-upgrade-1.31.0\MarkdownViewer\_internal\PySide6\qml\QtDataVisualization\qmldir
   Compressing: E:\markdown_viewer\dist\consumer-upgrade-1.31.0\MarkdownViewer\_internal\PySide6\qml\QtDataVisualization\designer\Bars3DSpecifics.qml
   Compressing: E:\markdown_viewer\dist\consumer-upgrade-1.31.0\MarkdownViewer\_internal\PySide6\qml\QtDataVisualization\designer\qtdatavisualization.metainfo
   Compressing: E:\markdown_viewer\dist\consumer-upgrade-1.31.0\MarkdownViewer\_internal\PySide6\qml\QtDataVisualization\designer\Scatter3DSpecifics.qml
   Compressing: E:\markdown_viewer\dist\consumer-upgrade-1.31.0\MarkdownViewer\_internal\PySide6\qml\QtDataVisualization\designer\Surface3DSpecifics.qml
   Compressing: E:\markdown_viewer\dist\consumer-upgrade-1.31.0\MarkdownViewer\_internal\PySide6\qml\QtDataVisualization\designer\default\Bars3D.qml
   Compressing: E:\markdown_viewer\dist\consumer-upgrade-1.31.0\MarkdownViewer\_internal\PySide6\qml\QtDataVisualization\designer\default\Scatter3D.qml
   Compressing: E:\markdown_viewer\dist\consumer-upgrade-1.31.0\MarkdownViewer\_internal\PySide6\qml\QtDataVisualization\designer\default\Surface3D.qml
   Compressing: E:\markdown_viewer\dist\consumer-upgrade-1.31.0\MarkdownViewer\_internal\PySide6\qml\QtDataVisualization\designer\images\bars3d-icon.png
   Compressing: E:\markdown_viewer\dist\consumer-upgrade-1.31.0\MarkdownViewer\_internal\PySide6\qml\QtDataVisualization\designer\images\bars3d-icon16.png
   Compressing: E:\markdown_viewer\dist\consumer-upgrade-1.31.0\MarkdownViewer\_internal\PySide6\qml\QtDataVisualization\designer\images\scatter3d-icon.png
   Compressing: E:\markdown_viewer\dist\consumer-upgrade-1.31.0\MarkdownViewer\_internal\PySide6\qml\QtDataVisualization\designer\images\scatter3d-icon16.png
   Compressing: E:\markdown_viewer\dist\consumer-upgrade-1.31.0\MarkdownViewer\_internal\PySide6\qml\QtDataVisualization\designer\images\surface3d-icon.png
   Compressing: E:\markdown_viewer\dist\consumer-upgrade-1.31.0\MarkdownViewer\_internal\PySide6\qml\QtDataVisualization\designer\images\surface3d-icon16.png
   Compressing: E:\markdown_viewer\dist\consumer-upgrade-1.31.0\MarkdownViewer\_internal\PySide6\qml\QtGraphs\Graphs.qmltypes
   Compressing: E:\markdown_viewer\dist\consumer-upgrade-1.31.0\MarkdownViewer\_internal\PySide6\qml\QtGraphs\graphsplugin.dll
   Compressing: E:\markdown_viewer\dist\consumer-upgrade-1.31.0\MarkdownViewer\_internal\PySide6\qml\QtGraphs\qmldir
   Compressing: E:\markdown_viewer\dist\consumer-upgrade-1.31.0\MarkdownViewer\_internal\PySide6\qml\QtGraphs\designer\Bars3DSpecifics.qml
   Compressing: E:\markdown_viewer\dist\consumer-upgrade-1.31.0\MarkdownViewer\_internal\PySide6\qml\QtGraphs\designer\GraphsCameraSection.qml
   Compressing: E:\markdown_viewer\dist\consumer-upgrade-1.31.0\MarkdownViewer\_internal\PySide6\qml\QtGraphs\designer\GraphsSection.qml
   Compressing: E:\markdown_viewer\dist\consumer-upgrade-1.31.0\MarkdownViewer\_internal\PySide6\qml\QtGraphs\designer\GraphsViewSpecifics.qml
   Compressing: E:\markdown_viewer\dist\consumer-upgrade-1.31.0\MarkdownViewer\_internal\PySide6\qml\QtGraphs\designer\qtgraphs.metainfo
   Compressing: E:\markdown_viewer\dist\consumer-upgrade-1.31.0\MarkdownViewer\_internal\PySide6\qml\QtGraphs\designer\qtgraphs2d.metainfo
   Compressing: E:\markdown_viewer\dist\consumer-upgrade-1.31.0\MarkdownViewer\_internal\PySide6\qml\QtGraphs\designer\Scatter3DSpecifics.qml
   Compressing: E:\markdown_viewer\dist\consumer-upgrade-1.31.0\MarkdownViewer\_internal\PySide6\qml\QtGraphs\designer\Surface3DSpecifics.qml
   Compressing: E:\markdown_viewer\dist\consumer-upgrade-1.31.0\MarkdownViewer\_internal\PySide6\qml\QtGraphs\designer\default\AreaSeries.qml
   Compressing: E:\markdown_viewer\dist\consumer-upgrade-1.31.0\MarkdownViewer\_internal\PySide6\qml\QtGraphs\designer\default\Bars3D.qml
   Compressing: E:\markdown_viewer\dist\consumer-upgrade-1.31.0\MarkdownViewer\_internal\PySide6\qml\QtGraphs\designer\default\BarSeries.qml
   Compressing: E:\markdown_viewer\dist\consumer-upgrade-1.31.0\MarkdownViewer\_internal\PySide6\qml\QtGraphs\designer\default\LineSeries.qml
   Compressing: E:\markdown_viewer\dist\consumer-upgrade-1.31.0\MarkdownViewer\_internal\PySide6\qml\QtGraphs\designer\default\PieSeries.qml
   Compressing: E:\markdown_viewer\dist\consumer-upgrade-1.31.0\MarkdownViewer\_internal\PySide6\qml\QtGraphs\designer\default\Scatter3D.qml
   Compressing: E:\markdown_viewer\dist\consumer-upgrade-1.31.0\MarkdownViewer\_internal\PySide6\qml\QtGraphs\designer\default\ScatterSeries.qml
   Compressing: E:\markdown_viewer\dist\consumer-upgrade-1.31.0\MarkdownViewer\_internal\PySide6\qml\QtGraphs\designer\default\SplineSeries.qml
   Compressing: E:\markdown_viewer\dist\consumer-upgrade-1.31.0\MarkdownViewer\_internal\PySide6\qml\QtGraphs\designer\default\Surface3D.qml
   Compressing: E:\markdown_viewer\dist\consumer-upgrade-1.31.0\MarkdownViewer\_internal\PySide6\qml\QtGraphs\designer\images\areaseries-icon.png
   Compressing: E:\markdown_viewer\dist\consumer-upgrade-1.31.0\MarkdownViewer\_internal\PySide6\qml\QtGraphs\designer\images\areaseries-icon16.png
   Compressing: E:\markdown_viewer\dist\consumer-upgrade-1.31.0\MarkdownViewer\_internal\PySide6\qml\QtGraphs\designer\images\bars3d-icon.png
   Compressing: E:\markdown_viewer\dist\consumer-upgrade-1.31.0\MarkdownViewer\_internal\PySide6\qml\QtGraphs\designer\images\bars3d-icon16.png
   Compressing: E:\markdown_viewer\dist\consumer-upgrade-1.31.0\MarkdownViewer\_internal\PySide6\qml\QtGraphs\designer\images\barseries-icon.png
   Compressing: E:\markdown_viewer\dist\consumer-upgrade-1.31.0\MarkdownViewer\_internal\PySide6\qml\QtGraphs\designer\images\barseries-icon16.png
   Compressing: E:\markdown_viewer\dist\consumer-upgrade-1.31.0\MarkdownViewer\_internal\PySide6\qml\QtGraphs\designer\images\lineseries-icon.png
   Compressing: E:\markdown_viewer\dist\consumer-upgrade-1.31.0\MarkdownViewer\_internal\PySide6\qml\QtGraphs\designer\images\lineseries-icon16.png
   Compressing: E:\markdown_viewer\dist\consumer-upgrade-1.31.0\MarkdownViewer\_internal\PySide6\qml\QtGraphs\designer\images\pieseries-icon.png
   Compressing: E:\markdown_viewer\dist\consumer-upgrade-1.31.0\MarkdownViewer\_internal\PySide6\qml\QtGraphs\designer\images\pieseries-icon16.png
   Compressing: E:\markdown_viewer\dist\consumer-upgrade-1.31.0\MarkdownViewer\_internal\PySide6\qml\QtGraphs\designer\images\scatter3d-icon.png
   Compressing: E:\markdown_viewer\dist\consumer-upgrade-1.31.0\MarkdownViewer\_internal\PySide6\qml\QtGraphs\designer\images\scatter3d-icon16.png
   Compressing: E:\markdown_viewer\dist\consumer-upgrade-1.31.0\MarkdownViewer\_internal\PySide6\qml\QtGraphs\designer\images\scatterseries-icon.png
   Compressing: E:\markdown_viewer\dist\consumer-upgrade-1.31.0\MarkdownViewer\_internal\PySide6\qml\QtGraphs\designer\images\scatterseries-icon16.png
   Compressing: E:\markdown_viewer\dist\consumer-upgrade-1.31.0\MarkdownViewer\_internal\PySide6\qml\QtGraphs\designer\images\splineseries-icon.png
   Compressing: E:\markdown_viewer\dist\consumer-upgrade-1.31.0\MarkdownViewer\_internal\PySide6\qml\QtGraphs\designer\images\splineseries-icon16.png
   Compressing: E:\markdown_viewer\dist\consumer-upgrade-1.31.0\MarkdownViewer\_internal\PySide6\qml\QtGraphs\designer\images\surface3d-icon.png
   Compressing: E:\markdown_viewer\dist\consumer-upgrade-1.31.0\MarkdownViewer\_internal\PySide6\qml\QtGraphs\designer\images\surface3d-icon16.png
   Compressing: E:\markdown_viewer\dist\consumer-upgrade-1.31.0\MarkdownViewer\_internal\PySide6\qml\QtLocation\declarative_locationplugin.dll
   Compressing: E:\markdown_viewer\dist\consumer-upgrade-1.31.0\MarkdownViewer\_internal\PySide6\qml\QtLocation\MapView.qml
   Compressing: E:\markdown_viewer\dist\consumer-upgrade-1.31.0\MarkdownViewer\_internal\PySide6\qml\QtLocation\plugins.qmltypes
   Compressing: E:\markdown_viewer\dist\consumer-upgrade-1.31.0\MarkdownViewer\_internal\PySide6\qml\QtLocation\qmldir
   Compressing: E:\markdown_viewer\dist\consumer-upgrade-1.31.0\MarkdownViewer\_internal\PySide6\qml\QtMultimedia\plugins.qmltypes
   Compressing: E:\markdown_viewer\dist\consumer-upgrade-1.31.0\MarkdownViewer\_internal\PySide6\qml\QtMultimedia\qmldir
   Compressing: E:\markdown_viewer\dist\consumer-upgrade-1.31.0\MarkdownViewer\_internal\PySide6\qml\QtMultimedia\quickmultimediaplugin.dll
   Compressing: E:\markdown_viewer\dist\consumer-upgrade-1.31.0\MarkdownViewer\_internal\PySide6\qml\QtMultimedia\Video.qml
   Compressing: E:\markdown_viewer\dist\consumer-upgrade-1.31.0\MarkdownViewer\_internal\PySide6\qml\QtNetwork\plugins.qmltypes
   Compressing: E:\markdown_viewer\dist\consumer-upgrade-1.31.0\MarkdownViewer\_internal\PySide6\qml\QtNetwork\qmldir
   Compressing: E:\markdown_viewer\dist\consumer-upgrade-1.31.0\MarkdownViewer\_internal\PySide6\qml\QtNetwork\qmlnetworkplugin.dll
   Compressing: E:\markdown_viewer\dist\consumer-upgrade-1.31.0\MarkdownViewer\_internal\PySide6\qml\QtPositioning\plugins.qmltypes
   Compressing: E:\markdown_viewer\dist\consumer-upgrade-1.31.0\MarkdownViewer\_internal\PySide6\qml\QtPositioning\positioningquickplugin.dll
   Compressing: E:\markdown_viewer\dist\consumer-upgrade-1.31.0\MarkdownViewer\_internal\PySide6\qml\QtPositioning\qmldir
   Compressing: E:\markdown_viewer\dist\consumer-upgrade-1.31.0\MarkdownViewer\_internal\PySide6\qml\QtQml\plugins.qmltypes
   Compressing: E:\markdown_viewer\dist\consumer-upgrade-1.31.0\MarkdownViewer\_internal\PySide6\qml\QtQml\qmldir
   Compressing: E:\markdown_viewer\dist\consumer-upgrade-1.31.0\MarkdownViewer\_internal\PySide6\qml\QtQml\qmlplugin.dll
   Compressing: E:\markdown_viewer\dist\consumer-upgrade-1.31.0\MarkdownViewer\_internal\PySide6\qml\QtQml\Models\modelsplugin.dll
   Compressing: E:\markdown_viewer\dist\consumer-upgrade-1.31.0\MarkdownViewer\_internal\PySide6\qml\QtQml\Models\plugins.qmltypes
   Compressing: E:\markdown_viewer\dist\consumer-upgrade-1.31.0\MarkdownViewer\_internal\PySide6\qml\QtQml\Models\qmldir
   Compressing: E:\markdown_viewer\dist\consumer-upgrade-1.31.0\MarkdownViewer\_internal\PySide6\qml\QtQml\StateMachine\plugins.qmltypes
   Compressing: E:\markdown_viewer\dist\consumer-upgrade-1.31.0\MarkdownViewer\_internal\PySide6\qml\QtQml\StateMachine\qmldir
   Compressing: E:\markdown_viewer\dist\consumer-upgrade-1.31.0\MarkdownViewer\_internal\PySide6\qml\QtQml\StateMachine\qtqmlstatemachineplugin.dll
   Compressing: E:\markdown_viewer\dist\consumer-upgrade-1.31.0\MarkdownViewer\_internal\PySide6\qml\QtQml\WorkerScript\plugins.qmltypes
   Compressing: E:\markdown_viewer\dist\consumer-upgrade-1.31.0\MarkdownViewer\_internal\PySide6\qml\QtQml\WorkerScript\qmldir
   Compressing: E:\markdown_viewer\dist\consumer-upgrade-1.31.0\MarkdownViewer\_internal\PySide6\qml\QtQml\WorkerScript\workerscriptplugin.dll
   Compressing: E:\markdown_viewer\dist\consumer-upgrade-1.31.0\MarkdownViewer\_internal\PySide6\qml\QtQml\XmlListModel\plugins.qmltypes
   Compressing: E:\markdown_viewer\dist\consumer-upgrade-1.31.0\MarkdownViewer\_internal\PySide6\qml\QtQml\XmlListModel\qmldir
   Compressing: E:\markdown_viewer\dist\consumer-upgrade-1.31.0\MarkdownViewer\_internal\PySide6\qml\QtQml\XmlListModel\qmlxmllistmodelplugin.dll
   Compressing: E:\markdown_viewer\dist\consumer-upgrade-1.31.0\MarkdownViewer\_internal\PySide6\qml\QtQuick\plugins.qmltypes
   Compressing: E:\markdown_viewer\dist\consumer-upgrade-1.31.0\MarkdownViewer\_internal\PySide6\qml\QtQuick\qmldir
   Compressing: E:\markdown_viewer\dist\consumer-upgrade-1.31.0\MarkdownViewer\_internal\PySide6\qml\QtQuick\qtquick2plugin.dll
   Compressing: E:\markdown_viewer\dist\consumer-upgrade-1.31.0\MarkdownViewer\_internal\PySide6\qml\QtQuick\Controls\plugins.qmltypes
   Compressing: E:\markdown_viewer\dist\consumer-upgrade-1.31.0\MarkdownViewer\_internal\PySide6\qml\QtQuick\Controls\qmldir
   Compressing: E:\markdown_viewer\dist\consumer-upgrade-1.31.0\MarkdownViewer\_internal\PySide6\qml\QtQuick\Controls\qtquickcontrols2plugin.dll
   Compressing: E:\markdown_viewer\dist\consumer-upgrade-1.31.0\MarkdownViewer\_internal\PySide6\qml\QtQuick\Controls\Basic\AbstractButton.qml
   Compressing: E:\markdown_viewer\dist\consumer-upgrade-1.31.0\MarkdownViewer\_internal\PySide6\qml\QtQuick\Controls\Basic\Action.qml
   Compressing: E:\markdown_viewer\dist\consumer-upgrade-1.31.0\MarkdownViewer\_internal\PySide6\qml\QtQuick\Controls\Basic\ActionGroup.qml
   Compressing: E:\markdown_viewer\dist\consumer-upgrade-1.31.0\MarkdownViewer\_internal\PySide6\qml\QtQuick\Controls\Basic\ApplicationWindow.qml
   Compressing: E:\markdown_viewer\dist\consumer-upgrade-1.31.0\MarkdownViewer\_internal\PySide6\qml\QtQuick\Controls\Basic\BusyIndicator.qml
   Compressing: E:\markdown_viewer\dist\consumer-upgrade-1.31.0\MarkdownViewer\_internal\PySide6\qml\QtQuick\Controls\Basic\Button.qml
   Compressing: E:\markdown_viewer\dist\consumer-upgrade-1.31.0\MarkdownViewer\_internal\PySide6\qml\QtQuick\Controls\Basic\ButtonGroup.qml
   Compressing: E:\markdown_viewer\dist\consumer-upgrade-1.31.0\MarkdownViewer\_internal\PySide6\qml\QtQuick\Controls\Basic\Calendar.qml
   Compressing: E:\markdown_viewer\dist\consumer-upgrade-1.31.0\MarkdownViewer\_internal\PySide6\qml\QtQuick\Controls\Basic\CalendarModel.qml
   Compressing: E:\markdown_viewer\dist\consumer-upgrade-1.31.0\MarkdownViewer\_internal\PySide6\qml\QtQuick\Controls\Basic\CheckBox.qml
   Compressing: E:\markdown_viewer\dist\consumer-upgrade-1.31.0\MarkdownViewer\_internal\PySide6\qml\QtQuick\Controls\Basic\CheckDelegate.qml
   Compressing: E:\markdown_viewer\dist\consumer-upgrade-1.31.0\MarkdownViewer\_internal\PySide6\qml\QtQuick\Controls\Basic\ComboBox.qml
   Compressing: E:\markdown_viewer\dist\consumer-upgrade-1.31.0\MarkdownViewer\_internal\PySide6\qml\QtQuick\Controls\Basic\Container.qml
   Compressing: E:\markdown_viewer\dist\consumer-upgrade-1.31.0\MarkdownViewer\_internal\PySide6\qml\QtQuick\Controls\Basic\Control.qml
   Compressing: E:\markdown_viewer\dist\consumer-upgrade-1.31.0\MarkdownViewer\_internal\PySide6\qml\QtQuick\Controls\Basic\DayOfWeekRow.qml
   Compressing: E:\markdown_viewer\dist\consumer-upgrade-1.31.0\MarkdownViewer\_internal\PySide6\qml\QtQuick\Controls\Basic\DelayButton.qml
   Compressing: E:\markdown_viewer\dist\consumer-upgrade-1.31.0\MarkdownViewer\_internal\PySide6\qml\QtQuick\Controls\Basic\Dial.qml
   Compressing: E:\markdown_viewer\dist\consumer-upgrade-1.31.0\MarkdownViewer\_internal\PySide6\qml\QtQuick\Controls\Basic\Dialog.qml
   Compressing: E:\markdown_viewer\dist\consumer-upgrade-1.31.0\MarkdownViewer\_internal\PySide6\qml\QtQuick\Controls\Basic\DialogButtonBox.qml
   Compressing: E:\markdown_viewer\dist\consumer-upgrade-1.31.0\MarkdownViewer\_internal\PySide6\qml\QtQuick\Controls\Basic\DoubleSpinBox.qml
   Compressing: E:\markdown_viewer\dist\consumer-upgrade-1.31.0\MarkdownViewer\_internal\PySide6\qml\QtQuick\Controls\Basic\Drawer.qml
   Compressing: E:\markdown_viewer\dist\consumer-upgrade-1.31.0\MarkdownViewer\_internal\PySide6\qml\QtQuick\Controls\Basic\Frame.qml
   Compressing: E:\markdown_viewer\dist\consumer-upgrade-1.31.0\MarkdownViewer\_internal\PySide6\qml\QtQuick\Controls\Basic\GroupBox.qml
   Compressing: E:\markdown_viewer\dist\consumer-upgrade-1.31.0\MarkdownViewer\_internal\PySide6\qml\QtQuick\Controls\Basic\HorizontalHeaderView.qml
   Compressing: E:\markdown_viewer\dist\consumer-upgrade-1.31.0\MarkdownViewer\_internal\PySide6\qml\QtQuick\Controls\Basic\HorizontalHeaderViewDelegate.qml
   Compressing: E:\markdown_viewer\dist\consumer-upgrade-1.31.0\MarkdownViewer\_internal\PySide6\qml\QtQuick\Controls\Basic\ItemDelegate.qml
   Compressing: E:\markdown_viewer\dist\consumer-upgrade-1.31.0\MarkdownViewer\_internal\PySide6\qml\QtQuick\Controls\Basic\Label.qml
   Compressing: E:\markdown_viewer\dist\consumer-upgrade-1.31.0\MarkdownViewer\_internal\PySide6\qml\QtQuick\Controls\Basic\Menu.qml
   Compressing: E:\markdown_viewer\dist\consumer-upgrade-1.31.0\MarkdownViewer\_internal\PySide6\qml\QtQuick\Controls\Basic\MenuBar.qml
   Compressing: E:\markdown_viewer\dist\consumer-upgrade-1.31.0\MarkdownViewer\_internal\PySide6\qml\QtQuick\Controls\Basic\MenuBarItem.qml
   Compressing: E:\markdown_viewer\dist\consumer-upgrade-1.31.0\MarkdownViewer\_internal\PySide6\qml\QtQuick\Controls\Basic\MenuItem.qml
   Compressing: E:\markdown_viewer\dist\consumer-upgrade-1.31.0\MarkdownViewer\_internal\PySide6\qml\QtQuick\Controls\Basic\MenuSeparator.qml
   Compressing: E:\markdown_viewer\dist\consumer-upgrade-1.31.0\MarkdownViewer\_internal\PySide6\qml\QtQuick\Controls\Basic\MonthGrid.qml
   Compressing: E:\markdown_viewer\dist\consumer-upgrade-1.31.0\MarkdownViewer\_internal\PySide6\qml\QtQuick\Controls\Basic\Page.qml
   Compressing: E:\markdown_viewer\dist\consumer-upgrade-1.31.0\MarkdownViewer\_internal\PySide6\qml\QtQuick\Controls\Basic\PageIndicator.qml
   Compressing: E:\markdown_viewer\dist\consumer-upgrade-1.31.0\MarkdownViewer\_internal\PySide6\qml\QtQuick\Controls\Basic\Pane.qml
   Compressing: E:\markdown_viewer\dist\consumer-upgrade-1.31.0\MarkdownViewer\_internal\PySide6\qml\QtQuick\Controls\Basic\plugins.qmltypes
   Compressing: E:\markdown_viewer\dist\consumer-upgrade-1.31.0\MarkdownViewer\_internal\PySide6\qml\QtQuick\Controls\Basic\Popup.qml
   Compressing: E:\markdown_viewer\dist\consumer-upgrade-1.31.0\MarkdownViewer\_internal\PySide6\qml\QtQuick\Controls\Basic\ProgressBar.qml
   Compressing: E:\markdown_viewer\dist\consumer-upgrade-1.31.0\MarkdownViewer\_internal\PySide6\qml\QtQuick\Controls\Basic\qmldir
   Compressing: E:\markdown_viewer\dist\consumer-upgrade-1.31.0\MarkdownViewer\_internal\PySide6\qml\QtQuick\Controls\Basic\qtquickcontrols2basicstyleplugin.dll
   Compressing: E:\markdown_viewer\dist\consumer-upgrade-1.31.0\MarkdownViewer\_internal\PySide6\qml\QtQuick\Controls\Basic\RadioButton.qml
   Compressing: E:\markdown_viewer\dist\consumer-upgrade-1.31.0\MarkdownViewer\_internal\PySide6\qml\QtQuick\Controls\Basic\RadioDelegate.qml
   Compressing: E:\markdown_viewer\dist\consumer-upgrade-1.31.0\MarkdownViewer\_internal\PySide6\qml\QtQuick\Controls\Basic\RangeSlider.qml
   Compressing: E:\markdown_viewer\dist\consumer-upgrade-1.31.0\MarkdownViewer\_internal\PySide6\qml\QtQuick\Controls\Basic\RoundButton.qml
   Compressing: E:\markdown_viewer\dist\consumer-upgrade-1.31.0\MarkdownViewer\_internal\PySide6\qml\QtQuick\Controls\Basic\ScrollBar.qml
   Compressing: E:\markdown_viewer\dist\consumer-upgrade-1.31.0\MarkdownViewer\_internal\PySide6\qml\QtQuick\Controls\Basic\ScrollIndicator.qml
   Compressing: E:\markdown_viewer\dist\consumer-upgrade-1.31.0\MarkdownViewer\_internal\PySide6\qml\QtQuick\Controls\Basic\ScrollView.qml
   Compressing: E:\markdown_viewer\dist\consumer-upgrade-1.31.0\MarkdownViewer\_internal\PySide6\qml\QtQuick\Controls\Basic\SearchField.qml
   Compressing: E:\markdown_viewer\dist\consumer-upgrade-1.31.0\MarkdownViewer\_internal\PySide6\qml\QtQuick\Controls\Basic\SelectionRectangle.qml
   Compressing: E:\markdown_viewer\dist\consumer-upgrade-1.31.0\MarkdownViewer\_internal\PySide6\qml\QtQuick\Controls\Basic\Slider.qml
   Compressing: E:\markdown_viewer\dist\consumer-upgrade-1.31.0\MarkdownViewer\_internal\PySide6\qml\QtQuick\Controls\Basic\SpinBox.qml
   Compressing: E:\markdown_viewer\dist\consumer-upgrade-1.31.0\MarkdownViewer\_internal\PySide6\qml\QtQuick\Controls\Basic\SplitView.qml
   Compressing: E:\markdown_viewer\dist\consumer-upgrade-1.31.0\MarkdownViewer\_internal\PySide6\qml\QtQuick\Controls\Basic\StackView.qml
   Compressing: E:\markdown_viewer\dist\consumer-upgrade-1.31.0\MarkdownViewer\_internal\PySide6\qml\QtQuick\Controls\Basic\SwipeDelegate.qml
   Compressing: E:\markdown_viewer\dist\consumer-upgrade-1.31.0\MarkdownViewer\_internal\PySide6\qml\QtQuick\Controls\Basic\SwipeView.qml
   Compressing: E:\markdown_viewer\dist\consumer-upgrade-1.31.0\MarkdownViewer\_internal\PySide6\qml\QtQuick\Controls\Basic\Switch.qml
   Compressing: E:\markdown_viewer\dist\consumer-upgrade-1.31.0\MarkdownViewer\_internal\PySide6\qml\QtQuick\Controls\Basic\SwitchDelegate.qml
   Compressing: E:\markdown_viewer\dist\consumer-upgrade-1.31.0\MarkdownViewer\_internal\PySide6\qml\QtQuick\Controls\Basic\TabBar.qml
   Compressing: E:\markdown_viewer\dist\consumer-upgrade-1.31.0\MarkdownViewer\_internal\PySide6\qml\QtQuick\Controls\Basic\TabButton.qml
   Compressing: E:\markdown_viewer\dist\consumer-upgrade-1.31.0\MarkdownViewer\_internal\PySide6\qml\QtQuick\Controls\Basic\TableViewDelegate.qml
   Compressing: E:\markdown_viewer\dist\consumer-upgrade-1.31.0\MarkdownViewer\_internal\PySide6\qml\QtQuick\Controls\Basic\TextArea.qml
   Compressing: E:\markdown_viewer\dist\consumer-upgrade-1.31.0\MarkdownViewer\_internal\PySide6\qml\QtQuick\Controls\Basic\TextField.qml
   Compressing: E:\markdown_viewer\dist\consumer-upgrade-1.31.0\MarkdownViewer\_internal\PySide6\qml\QtQuick\Controls\Basic\ToolBar.qml
   Compressing: E:\markdown_viewer\dist\consumer-upgrade-1.31.0\MarkdownViewer\_internal\PySide6\qml\QtQuick\Controls\Basic\ToolButton.qml
   Compressing: E:\markdown_viewer\dist\consumer-upgrade-1.31.0\MarkdownViewer\_internal\PySide6\qml\QtQuick\Controls\Basic\ToolSeparator.qml
   Compressing: E:\markdown_viewer\dist\consumer-upgrade-1.31.0\MarkdownViewer\_internal\PySide6\qml\QtQuick\Controls\Basic\ToolTip.qml
   Compressing: E:\markdown_viewer\dist\consumer-upgrade-1.31.0\MarkdownViewer\_internal\PySide6\qml\QtQuick\Controls\Basic\TreeViewDelegate.qml
   Compressing: E:\markdown_viewer\dist\consumer-upgrade-1.31.0\MarkdownViewer\_internal\PySide6\qml\QtQuick\Controls\Basic\Tumbler.qml
   Compressing: E:\markdown_viewer\dist\consumer-upgrade-1.31.0\MarkdownViewer\_internal\PySide6\qml\QtQuick\Controls\Basic\VerticalHeaderView.qml
   Compressing: E:\markdown_viewer\dist\consumer-upgrade-1.31.0\MarkdownViewer\_internal\PySide6\qml\QtQuick\Controls\Basic\VerticalHeaderViewDelegate.qml
   Compressing: E:\markdown_viewer\dist\consumer-upgrade-1.31.0\MarkdownViewer\_internal\PySide6\qml\QtQuick\Controls\Basic\WeekNumberColumn.qml
   Compressing: E:\markdown_viewer\dist\consumer-upgrade-1.31.0\MarkdownViewer\_internal\PySide6\qml\QtQuick\Controls\Basic\impl\plugins.qmltypes
   Compressing: E:\markdown_viewer\dist\consumer-upgrade-1.31.0\MarkdownViewer\_internal\PySide6\qml\QtQuick\Controls\Basic\impl\qmldir
   Compressing: E:\markdown_viewer\dist\consumer-upgrade-1.31.0\MarkdownViewer\_internal\PySide6\qml\QtQuick\Controls\Basic\impl\qtquickcontrols2basicstyleimplplugin.dll
   Compressing: E:\markdown_viewer\dist\consumer-upgrade-1.31.0\MarkdownViewer\_internal\PySide6\qml\QtQuick\Controls\Basic\impl\TextEditingContextMenu.qml
   Compressing: E:\markdown_viewer\dist\consumer-upgrade-1.31.0\MarkdownViewer\_internal\PySide6\qml\QtQuick\Controls\designer\AbstractButtonSection.qml
   Compressing: E:\markdown_viewer\dist\consumer-upgrade-1.31.0\MarkdownViewer\_internal\PySide6\qml\QtQuick\Controls\designer\BusyIndicatorSpecifics.qml
   Compressing: E:\markdown_viewer\dist\consumer-upgrade-1.31.0\MarkdownViewer\_internal\PySide6\qml\QtQuick\Controls\designer\ButtonSection.qml
   Compressing: E:\markdown_viewer\dist\consumer-upgrade-1.31.0\MarkdownViewer\_internal\PySide6\qml\QtQuick\Controls\designer\ButtonSpecifics.qml
   Compressing: E:\markdown_viewer\dist\consumer-upgrade-1.31.0\MarkdownViewer\_internal\PySide6\qml\QtQuick\Controls\designer\CheckBoxSpecifics.qml
   Compressing: E:\markdown_viewer\dist\consumer-upgrade-1.31.0\MarkdownViewer\_internal\PySide6\qml\QtQuick\Controls\designer\CheckDelegateSpecifics.qml
   Compressing: E:\markdown_viewer\dist\consumer-upgrade-1.31.0\MarkdownViewer\_internal\PySide6\qml\QtQuick\Controls\designer\CheckSection.qml
   Compressing: E:\markdown_viewer\dist\consumer-upgrade-1.31.0\MarkdownViewer\_internal\PySide6\qml\QtQuick\Controls\designer\ComboBoxSpecifics.qml
   Compressing: E:\markdown_viewer\dist\consumer-upgrade-1.31.0\MarkdownViewer\_internal\PySide6\qml\QtQuick\Controls\designer\ContainerSection.qml
   Compressing: E:\markdown_viewer\dist\consumer-upgrade-1.31.0\MarkdownViewer\_internal\PySide6\qml\QtQuick\Controls\designer\ControlSection.qml
   Compressing: E:\markdown_viewer\dist\consumer-upgrade-1.31.0\MarkdownViewer\_internal\PySide6\qml\QtQuick\Controls\designer\ControlSpecifics.qml
   Compressing: E:\markdown_viewer\dist\consumer-upgrade-1.31.0\MarkdownViewer\_internal\PySide6\qml\QtQuick\Controls\designer\DelayButtonSpecifics.qml
   Compressing: E:\markdown_viewer\dist\consumer-upgrade-1.31.0\MarkdownViewer\_internal\PySide6\qml\QtQuick\Controls\designer\DialSpecifics.qml
   Compressing: E:\markdown_viewer\dist\consumer-upgrade-1.31.0\MarkdownViewer\_internal\PySide6\qml\QtQuick\Controls\designer\FrameSpecifics.qml
   Compressing: E:\markdown_viewer\dist\consumer-upgrade-1.31.0\MarkdownViewer\_internal\PySide6\qml\QtQuick\Controls\designer\GroupBoxSpecifics.qml
   Compressing: E:\markdown_viewer\dist\consumer-upgrade-1.31.0\MarkdownViewer\_internal\PySide6\qml\QtQuick\Controls\designer\InsetSection.qml
   Compressing: E:\markdown_viewer\dist\consumer-upgrade-1.31.0\MarkdownViewer\_internal\PySide6\qml\QtQuick\Controls\designer\ItemDelegateSection.qml
   Compressing: E:\markdown_viewer\dist\consumer-upgrade-1.31.0\MarkdownViewer\_internal\PySide6\qml\QtQuick\Controls\designer\ItemDelegateSpecifics.qml
   Compressing: E:\markdown_viewer\dist\consumer-upgrade-1.31.0\MarkdownViewer\_internal\PySide6\qml\QtQuick\Controls\designer\LabelSpecifics.qml
   Compressing: E:\markdown_viewer\dist\consumer-upgrade-1.31.0\MarkdownViewer\_internal\PySide6\qml\QtQuick\Controls\designer\PaddingSection.qml
   Compressing: E:\markdown_viewer\dist\consumer-upgrade-1.31.0\MarkdownViewer\_internal\PySide6\qml\QtQuick\Controls\designer\PageIndicatorSpecifics.qml
   Compressing: E:\markdown_viewer\dist\consumer-upgrade-1.31.0\MarkdownViewer\_internal\PySide6\qml\QtQuick\Controls\designer\PageSpecifics.qml
   Compressing: E:\markdown_viewer\dist\consumer-upgrade-1.31.0\MarkdownViewer\_internal\PySide6\qml\QtQuick\Controls\designer\PaneSection.qml
   Compressing: E:\markdown_viewer\dist\consumer-upgrade-1.31.0\MarkdownViewer\_internal\PySide6\qml\QtQuick\Controls\designer\PaneSpecifics.qml
   Compressing: E:\markdown_viewer\dist\consumer-upgrade-1.31.0\MarkdownViewer\_internal\PySide6\qml\QtQuick\Controls\designer\ProgressBarSpecifics.qml
   Compressing: E:\markdown_viewer\dist\consumer-upgrade-1.31.0\MarkdownViewer\_internal\PySide6\qml\QtQuick\Controls\designer\qtquickcontrols2.metainfo
   Compressing: E:\markdown_viewer\dist\consumer-upgrade-1.31.0\MarkdownViewer\_internal\PySide6\qml\QtQuick\Controls\designer\RadioButtonSpecifics.qml
   Compressing: E:\markdown_viewer\dist\consumer-upgrade-1.31.0\MarkdownViewer\_internal\PySide6\qml\QtQuick\Controls\designer\RadioDelegateSpecifics.qml
   Compressing: E:\markdown_viewer\dist\consumer-upgrade-1.31.0\MarkdownViewer\_internal\PySide6\qml\QtQuick\Controls\designer\RangeSliderSpecifics.qml
   Compressing: E:\markdown_viewer\dist\consumer-upgrade-1.31.0\MarkdownViewer\_internal\PySide6\qml\QtQuick\Controls\designer\RoundButtonSpecifics.qml
   Compressing: E:\markdown_viewer\dist\consumer-upgrade-1.31.0\MarkdownViewer\_internal\PySide6\qml\QtQuick\Controls\designer\ScrollViewSpecifics.qml
   Compressing: E:\markdown_viewer\dist\consumer-upgrade-1.31.0\MarkdownViewer\_internal\PySide6\qml\QtQuick\Controls\designer\SliderSpecifics.qml
   Compressing: E:\markdown_viewer\dist\consumer-upgrade-1.31.0\MarkdownViewer\_internal\PySide6\qml\QtQuick\Controls\designer\SpinBoxSpecifics.qml
   Compressing: E:\markdown_viewer\dist\consumer-upgrade-1.31.0\MarkdownViewer\_internal\PySide6\qml\QtQuick\Controls\designer\StackViewSpecifics.qml
   Compressing: E:\markdown_viewer\dist\consumer-upgrade-1.31.0\MarkdownViewer\_internal\PySide6\qml\QtQuick\Controls\designer\SwipeDelegateSpecifics.qml
   Compressing: E:\markdown_viewer\dist\consumer-upgrade-1.31.0\MarkdownViewer\_internal\PySide6\qml\QtQuick\Controls\designer\SwipeViewSpecifics.qml
   Compressing: E:\markdown_viewer\dist\consumer-upgrade-1.31.0\MarkdownViewer\_internal\PySide6\qml\QtQuick\Controls\designer\SwitchDelegateSpecifics.qml
   Compressing: E:\markdown_viewer\dist\consumer-upgrade-1.31.0\MarkdownViewer\_internal\PySide6\qml\QtQuick\Controls\designer\SwitchSpecifics.qml
   Compressing: E:\markdown_viewer\dist\consumer-upgrade-1.31.0\MarkdownViewer\_internal\PySide6\qml\QtQuick\Controls\designer\TabBarSpecifics.qml
   Compressing: E:\markdown_viewer\dist\consumer-upgrade-1.31.0\MarkdownViewer\_internal\PySide6\qml\QtQuick\Controls\designer\TabButtonSpecifics.qml
   Compressing: E:\markdown_viewer\dist\consumer-upgrade-1.31.0\MarkdownViewer\_internal\PySide6\qml\QtQuick\Controls\designer\TextAreaSpecifics.qml
   Compressing: E:\markdown_viewer\dist\consumer-upgrade-1.31.0\MarkdownViewer\_internal\PySide6\qml\QtQuick\Controls\designer\TextFieldSpecifics.qml
   Compressing: E:\markdown_viewer\dist\consumer-upgrade-1.31.0\MarkdownViewer\_internal\PySide6\qml\QtQuick\Controls\designer\ToolBarSpecifics.qml
   Compressing: E:\markdown_viewer\dist\consumer-upgrade-1.31.0\MarkdownViewer\_internal\PySide6\qml\QtQuick\Controls\designer\ToolButtonSpecifics.qml
   Compressing: E:\markdown_viewer\dist\consumer-upgrade-1.31.0\MarkdownViewer\_internal\PySide6\qml\QtQuick\Controls\designer\ToolSeparatorSpecifics.qml
   Compressing: E:\markdown_viewer\dist\consumer-upgrade-1.31.0\MarkdownViewer\_internal\PySide6\qml\QtQuick\Controls\designer\TumblerSpecifics.qml
   Compressing: E:\markdown_viewer\dist\consumer-upgrade-1.31.0\MarkdownViewer\_internal\PySide6\qml\QtQuick\Controls\designer\images\busyindicator-icon.png
   Compressing: E:\markdown_viewer\dist\consumer-upgrade-1.31.0\MarkdownViewer\_internal\PySide6\qml\QtQuick\Controls\designer\images\busyindicator-icon16.png
   Compressing: E:\markdown_viewer\dist\consumer-upgrade-1.31.0\MarkdownViewer\_internal\PySide6\qml\QtQuick\Controls\designer\images\busyindicator-icon@2x.png
   Compressing: E:\markdown_viewer\dist\consumer-upgrade-1.31.0\MarkdownViewer\_internal\PySide6\qml\QtQuick\Controls\designer\images\button-icon.png
   Compressing: E:\markdown_viewer\dist\consumer-upgrade-1.31.0\MarkdownViewer\_internal\PySide6\qml\QtQuick\Controls\designer\images\button-icon16.png
   Compressing: E:\markdown_viewer\dist\consumer-upgrade-1.31.0\MarkdownViewer\_internal\PySide6\qml\QtQuick\Controls\designer\images\button-icon@2x.png
   Compressing: E:\markdown_viewer\dist\consumer-upgrade-1.31.0\MarkdownViewer\_internal\PySide6\qml\QtQuick\Controls\designer\images\checkbox-icon.png
   Compressing: E:\markdown_viewer\dist\consumer-upgrade-1.31.0\MarkdownViewer\_internal\PySide6\qml\QtQuick\Controls\designer\images\checkbox-icon16.png
   Compressing: E:\markdown_viewer\dist\consumer-upgrade-1.31.0\MarkdownViewer\_internal\PySide6\qml\QtQuick\Controls\designer\images\checkbox-icon@2x.png
   Compressing: E:\markdown_viewer\dist\consumer-upgrade-1.31.0\MarkdownViewer\_internal\PySide6\qml\QtQuick\Controls\designer\images\combobox-icon.png
   Compressing: E:\markdown_viewer\dist\consumer-upgrade-1.31.0\MarkdownViewer\_internal\PySide6\qml\QtQuick\Controls\designer\images\combobox-icon16.png
   Compressing: E:\markdown_viewer\dist\consumer-upgrade-1.31.0\MarkdownViewer\_internal\PySide6\qml\QtQuick\Controls\designer\images\combobox-icon@2x.png
   Compressing: E:\markdown_viewer\dist\consumer-upgrade-1.31.0\MarkdownViewer\_internal\PySide6\qml\QtQuick\Controls\designer\images\control-icon.png
   Compressing: E:\markdown_viewer\dist\consumer-upgrade-1.31.0\MarkdownViewer\_internal\PySide6\qml\QtQuick\Controls\designer\images\control-icon16.png
   Compressing: E:\markdown_viewer\dist\consumer-upgrade-1.31.0\MarkdownViewer\_internal\PySide6\qml\QtQuick\Controls\designer\images\control-icon@2x.png
   Compressing: E:\markdown_viewer\dist\consumer-upgrade-1.31.0\MarkdownViewer\_internal\PySide6\qml\QtQuick\Controls\designer\images\delaybutton-icon.png
   Compressing: E:\markdown_viewer\dist\consumer-upgrade-1.31.0\MarkdownViewer\_internal\PySide6\qml\QtQuick\Controls\designer\images\delaybutton-icon16.png
   Compressing: E:\markdown_viewer\dist\consumer-upgrade-1.31.0\MarkdownViewer\_internal\PySide6\qml\QtQuick\Controls\designer\images\delaybutton-icon@2x.png
   Compressing: E:\markdown_viewer\dist\consumer-upgrade-1.31.0\MarkdownViewer\_internal\PySide6\qml\QtQuick\Controls\designer\images\dial-icon.png
   Compressing: E:\markdown_viewer\dist\consumer-upgrade-1.31.0\MarkdownViewer\_internal\PySide6\qml\QtQuick\Controls\designer\images\dial-icon16.png
   Compressing: E:\markdown_viewer\dist\consumer-upgrade-1.31.0\MarkdownViewer\_internal\PySide6\qml\QtQuick\Controls\designer\images\dial-icon@2x.png
   Compressing: E:\markdown_viewer\dist\consumer-upgrade-1.31.0\MarkdownViewer\_internal\PySide6\qml\QtQuick\Controls\designer\images\frame-icon.png
   Compressing: E:\markdown_viewer\dist\consumer-upgrade-1.31.0\MarkdownViewer\_internal\PySide6\qml\QtQuick\Controls\designer\images\frame-icon16.png
   Compressing: E:\markdown_viewer\dist\consumer-upgrade-1.31.0\MarkdownViewer\_internal\PySide6\qml\QtQuick\Controls\designer\images\frame-icon@2x.png
   Compressing: E:\markdown_viewer\dist\consumer-upgrade-1.31.0\MarkdownViewer\_internal\PySide6\qml\QtQuick\Controls\designer\images\groupbox-icon.png
   Compressing: E:\markdown_viewer\dist\consumer-upgrade-1.31.0\MarkdownViewer\_internal\PySide6\qml\QtQuick\Controls\designer\images\groupbox-icon16.png
   Compressing: E:\markdown_viewer\dist\consumer-upgrade-1.31.0\MarkdownViewer\_internal\PySide6\qml\QtQuick\Controls\designer\images\groupbox-icon@2x.png
   Compressing: E:\markdown_viewer\dist\consumer-upgrade-1.31.0\MarkdownViewer\_internal\PySide6\qml\QtQuick\Controls\designer\images\itemdelegate-icon.png
   Compressing: E:\markdown_viewer\dist\consumer-upgrade-1.31.0\MarkdownViewer\_internal\PySide6\qml\QtQuick\Controls\designer\images\itemdelegate-icon16.png
   Compressing: E:\markdown_viewer\dist\consumer-upgrade-1.31.0\MarkdownViewer\_internal\PySide6\qml\QtQuick\Controls\designer\images\itemdelegate-icon@2x.png
   Compressing: E:\markdown_viewer\dist\consumer-upgrade-1.31.0\MarkdownViewer\_internal\PySide6\qml\QtQuick\Controls\designer\images\label-icon.png
   Compressing: E:\markdown_viewer\dist\consumer-upgrade-1.31.0\MarkdownViewer\_internal\PySide6\qml\QtQuick\Controls\designer\images\label-icon16.png
   Compressing: E:\markdown_viewer\dist\consumer-upgrade-1.31.0\MarkdownViewer\_internal\PySide6\qml\QtQuick\Controls\designer\images\label-icon@2x.png
   Compressing: E:\markdown_viewer\dist\consumer-upgrade-1.31.0\MarkdownViewer\_internal\PySide6\qml\QtQuick\Controls\designer\images\page-icon.png
   Compressing: E:\markdown_viewer\dist\consumer-upgrade-1.31.0\MarkdownViewer\_internal\PySide6\qml\QtQuick\Controls\designer\images\page-icon16.png
   Compressing: E:\markdown_viewer\dist\consumer-upgrade-1.31.0\MarkdownViewer\_internal\PySide6\qml\QtQuick\Controls\designer\images\page-icon@2x.png
   Compressing: E:\markdown_viewer\dist\consumer-upgrade-1.31.0\MarkdownViewer\_internal\PySide6\qml\QtQuick\Controls\designer\images\pageindicator-icon.png
   Compressing: E:\markdown_viewer\dist\consumer-upgrade-1.31.0\MarkdownViewer\_internal\PySide6\qml\QtQuick\Controls\designer\images\pageindicator-icon16.png
   Compressing: E:\markdown_viewer\dist\consumer-upgrade-1.31.0\MarkdownViewer\_internal\PySide6\qml\QtQuick\Controls\designer\images\pageindicator-icon@2x.png
   Compressing: E:\markdown_viewer\dist\consumer-upgrade-1.31.0\MarkdownViewer\_internal\PySide6\qml\QtQuick\Controls\designer\images\pane-icon.png
   Compressing: E:\markdown_viewer\dist\consumer-upgrade-1.31.0\MarkdownViewer\_internal\PySide6\qml\QtQuick\Controls\designer\images\pane-icon16.png
   Compressing: E:\markdown_viewer\dist\consumer-upgrade-1.31.0\MarkdownViewer\_internal\PySide6\qml\QtQuick\Controls\designer\images\pane-icon@2x.png
   Compressing: E:\markdown_viewer\dist\consumer-upgrade-1.31.0\MarkdownViewer\_internal\PySide6\qml\QtQuick\Controls\designer\images\progressbar-icon.png
   Compressing: E:\markdown_viewer\dist\consumer-upgrade-1.31.0\MarkdownViewer\_internal\PySide6\qml\QtQuick\Controls\designer\images\progressbar-icon16.png
   Compressing: E:\markdown_viewer\dist\consumer-upgrade-1.31.0\MarkdownViewer\_internal\PySide6\qml\QtQuick\Controls\designer\images\progressbar-icon@2x.png
   Compressing: E:\markdown_viewer\dist\consumer-upgrade-1.31.0\MarkdownViewer\_internal\PySide6\qml\QtQuick\Controls\designer\images\radiobutton-icon.png
   Compressing: E:\markdown_viewer\dist\consumer-upgrade-1.31.0\MarkdownViewer\_internal\PySide6\qml\QtQuick\Controls\designer\images\radiobutton-icon16.png
   Compressing: E:\markdown_viewer\dist\consumer-upgrade-1.31.0\MarkdownViewer\_internal\PySide6\qml\QtQuick\Controls\designer\images\radiobutton-icon@2x.png
   Compressing: E:\markdown_viewer\dist\consumer-upgrade-1.31.0\MarkdownViewer\_internal\PySide6\qml\QtQuick\Controls\designer\images\rangeslider-icon.png
   Compressing: E:\markdown_viewer\dist\consumer-upgrade-1.31.0\MarkdownViewer\_internal\PySide6\qml\QtQuick\Controls\designer\images\rangeslider-icon16.png
   Compressing: E:\markdown_viewer\dist\consumer-upgrade-1.31.0\MarkdownViewer\_internal\PySide6\qml\QtQuick\Controls\designer\images\rangeslider-icon@2x.png
   Compressing: E:\markdown_viewer\dist\consumer-upgrade-1.31.0\MarkdownViewer\_internal\PySide6\qml\QtQuick\Controls\designer\images\roundbutton-icon.png
   Compressing: E:\markdown_viewer\dist\consumer-upgrade-1.31.0\MarkdownViewer\_internal\PySide6\qml\QtQuick\Controls\designer\images\roundbutton-icon16.png
   Compressing: E:\markdown_viewer\dist\consumer-upgrade-1.31.0\MarkdownViewer\_internal\PySide6\qml\QtQuick\Controls\designer\images\roundbutton-icon@2x.png
   Compressing: E:\markdown_viewer\dist\consumer-upgrade-1.31.0\MarkdownViewer\_internal\PySide6\qml\QtQuick\Controls\designer\images\scrollview-icon.png
   Compressing: E:\markdown_viewer\dist\consumer-upgrade-1.31.0\MarkdownViewer\_internal\PySide6\qml\QtQuick\Controls\designer\images\scrollview-icon16.png
   Compressing: E:\markdown_viewer\dist\consumer-upgrade-1.31.0\MarkdownViewer\_internal\PySide6\qml\QtQuick\Controls\designer\images\scrollview-icon@2x.png
   Compressing: E:\markdown_viewer\dist\consumer-upgrade-1.31.0\MarkdownViewer\_internal\PySide6\qml\QtQuick\Controls\designer\images\slider-icon.png
   Compressing: E:\markdown_viewer\dist\consumer-upgrade-1.31.0\MarkdownViewer\_internal\PySide6\qml\QtQuick\Controls\designer\images\slider-icon16.png
   Compressing: E:\markdown_viewer\dist\consumer-upgrade-1.31.0\MarkdownViewer\_internal\PySide6\qml\QtQuick\Controls\designer\images\slider-icon@2x.png
   Compressing: E:\markdown_viewer\dist\consumer-upgrade-1.31.0\MarkdownViewer\_internal\PySide6\qml\QtQuick\Controls\designer\images\spinbox-icon.png
   Compressing: E:\markdown_viewer\dist\consumer-upgrade-1.31.0\MarkdownViewer\_internal\PySide6\qml\QtQuick\Controls\designer\images\spinbox-icon16.png
   Compressing: E:\markdown_viewer\dist\consumer-upgrade-1.31.0\MarkdownViewer\_internal\PySide6\qml\QtQuick\Controls\designer\images\spinbox-icon@2x.png
   Compressing: E:\markdown_viewer\dist\consumer-upgrade-1.31.0\MarkdownViewer\_internal\PySide6\qml\QtQuick\Controls\designer\images\stackview-icon.png
   Compressing: E:\markdown_viewer\dist\consumer-upgrade-1.31.0\MarkdownViewer\_internal\PySide6\qml\QtQuick\Controls\designer\images\stackview-icon16.png
   Compressing: E:\markdown_viewer\dist\consumer-upgrade-1.31.0\MarkdownViewer\_internal\PySide6\qml\QtQuick\Controls\designer\images\stackview-icon@2x.png
   Compressing: E:\markdown_viewer\dist\consumer-upgrade-1.31.0\MarkdownViewer\_internal\PySide6\qml\QtQuick\Controls\designer\images\swipeview-icon.png
   Compressing: E:\markdown_viewer\dist\consumer-upgrade-1.31.0\MarkdownViewer\_internal\PySide6\qml\QtQuick\Controls\designer\images\swipeview-icon16.png
   Compressing: E:\markdown_viewer\dist\consumer-upgrade-1.31.0\MarkdownViewer\_internal\PySide6\qml\QtQuick\Controls\designer\images\swipeview-icon@2x.png
   Compressing: E:\markdown_viewer\dist\consumer-upgrade-1.31.0\MarkdownViewer\_internal\PySide6\qml\QtQuick\Controls\designer\images\switch-icon.png
   Compressing: E:\markdown_viewer\dist\consumer-upgrade-1.31.0\MarkdownViewer\_internal\PySide6\qml\QtQuick\Controls\designer\images\switch-icon16.png
   Compressing: E:\markdown_viewer\dist\consumer-upgrade-1.31.0\MarkdownViewer\_internal\PySide6\qml\QtQuick\Controls\designer\images\switch-icon@2x.png
   Compressing: E:\markdown_viewer\dist\consumer-upgrade-1.31.0\MarkdownViewer\_internal\PySide6\qml\QtQuick\Controls\designer\images\textarea-icon.png
   Compressing: E:\markdown_viewer\dist\consumer-upgrade-1.31.0\MarkdownViewer\_internal\PySide6\qml\QtQuick\Controls\designer\images\textarea-icon16.png
   Compressing: E:\markdown_viewer\dist\consumer-upgrade-1.31.0\MarkdownViewer\_internal\PySide6\qml\QtQuick\Controls\designer\images\textarea-icon@2x.png
   Compressing: E:\markdown_viewer\dist\consumer-upgrade-1.31.0\MarkdownViewer\_internal\PySide6\qml\QtQuick\Controls\designer\images\textfield-icon.png
   Compressing: E:\markdown_viewer\dist\consumer-upgrade-1.31.0\MarkdownViewer\_internal\PySide6\qml\QtQuick\Controls\designer\images\textfield-icon16.png
   Compressing: E:\markdown_viewer\dist\consumer-upgrade-1.31.0\MarkdownViewer\_internal\PySide6\qml\QtQuick\Controls\designer\images\textfield-icon@2x.png
   Compressing: E:\markdown_viewer\dist\consumer-upgrade-1.31.0\MarkdownViewer\_internal\PySide6\qml\QtQuick\Controls\designer\images\toolbar-icon.png
   Compressing: E:\markdown_viewer\dist\consumer-upgrade-1.31.0\MarkdownViewer\_internal\PySide6\qml\QtQuick\Controls\designer\images\toolbar-icon16.png
   Compressing: E:\markdown_viewer\dist\consumer-upgrade-1.31.0\MarkdownViewer\_internal\PySide6\qml\QtQuick\Controls\designer\images\toolbar-icon@2x.png
   Compressing: E:\markdown_viewer\dist\consumer-upgrade-1.31.0\MarkdownViewer\_internal\PySide6\qml\QtQuick\Controls\designer\images\toolbutton-icon.png
   Compressing: E:\markdown_viewer\dist\consumer-upgrade-1.31.0\MarkdownViewer\_internal\PySide6\qml\QtQuick\Controls\designer\images\toolbutton-icon16.png
   Compressing: E:\markdown_viewer\dist\consumer-upgrade-1.31.0\MarkdownViewer\_internal\PySide6\qml\QtQuick\Controls\designer\images\toolbutton-icon@2x.png
   Compressing: E:\markdown_viewer\dist\consumer-upgrade-1.31.0\MarkdownViewer\_internal\PySide6\qml\QtQuick\Controls\designer\images\toolseparator-icon.png
   Compressing: E:\markdown_viewer\dist\consumer-upgrade-1.31.0\MarkdownViewer\_internal\PySide6\qml\QtQuick\Controls\designer\images\toolseparator-icon16.png
   Compressing: E:\markdown_viewer\dist\consumer-upgrade-1.31.0\MarkdownViewer\_internal\PySide6\qml\QtQuick\Controls\designer\images\toolseparator-icon@2x.png
   Compressing: E:\markdown_viewer\dist\consumer-upgrade-1.31.0\MarkdownViewer\_internal\PySide6\qml\QtQuick\Controls\designer\images\tumbler-icon.png
   Compressing: E:\markdown_viewer\dist\consumer-upgrade-1.31.0\MarkdownViewer\_internal\PySide6\qml\QtQuick\Controls\designer\images\tumbler-icon16.png
   Compressing: E:\markdown_viewer\dist\consumer-upgrade-1.31.0\MarkdownViewer\_internal\PySide6\qml\QtQuick\Controls\designer\images\tumbler-icon@2x.png
   Compressing: E:\markdown_viewer\dist\consumer-upgrade-1.31.0\MarkdownViewer\_internal\PySide6\qml\QtQuick\Controls\FluentWinUI3\ApplicationWindow.qml
   Compressing: E:\markdown_viewer\dist\consumer-upgrade-1.31.0\MarkdownViewer\_internal\PySide6\qml\QtQuick\Controls\FluentWinUI3\BusyIndicator.qml
   Compressing: E:\markdown_viewer\dist\consumer-upgrade-1.31.0\MarkdownViewer\_internal\PySide6\qml\QtQuick\Controls\FluentWinUI3\Button.qml
   Compressing: E:\markdown_viewer\dist\consumer-upgrade-1.31.0\MarkdownViewer\_internal\PySide6\qml\QtQuick\Controls\FluentWinUI3\CheckBox.qml
   Compressing: E:\markdown_viewer\dist\consumer-upgrade-1.31.0\MarkdownViewer\_internal\PySide6\qml\QtQuick\Controls\FluentWinUI3\CheckDelegate.qml
   Compressing: E:\markdown_viewer\dist\consumer-upgrade-1.31.0\MarkdownViewer\_internal\PySide6\qml\QtQuick\Controls\FluentWinUI3\ComboBox.qml
   Compressing: E:\markdown_viewer\dist\consumer-upgrade-1.31.0\MarkdownViewer\_internal\PySide6\qml\QtQuick\Controls\FluentWinUI3\Config.qml
   Compressing: E:\markdown_viewer\dist\consumer-upgrade-1.31.0\MarkdownViewer\_internal\PySide6\qml\QtQuick\Controls\FluentWinUI3\DelayButton.qml
   Compressing: E:\markdown_viewer\dist\consumer-upgrade-1.31.0\MarkdownViewer\_internal\PySide6\qml\QtQuick\Controls\FluentWinUI3\Dialog.qml
   Compressing: E:\markdown_viewer\dist\consumer-upgrade-1.31.0\MarkdownViewer\_internal\PySide6\qml\QtQuick\Controls\FluentWinUI3\DialogButtonBox.qml
   Compressing: E:\markdown_viewer\dist\consumer-upgrade-1.31.0\MarkdownViewer\_internal\PySide6\qml\QtQuick\Controls\FluentWinUI3\DoubleSpinBox.qml
   Compressing: E:\markdown_viewer\dist\consumer-upgrade-1.31.0\MarkdownViewer\_internal\PySide6\qml\QtQuick\Controls\FluentWinUI3\FocusFrame.qml
   Compressing: E:\markdown_viewer\dist\consumer-upgrade-1.31.0\MarkdownViewer\_internal\PySide6\qml\QtQuick\Controls\FluentWinUI3\Frame.qml
   Compressing: E:\markdown_viewer\dist\consumer-upgrade-1.31.0\MarkdownViewer\_internal\PySide6\qml\QtQuick\Controls\FluentWinUI3\GroupBox.qml
   Compressing: E:\markdown_viewer\dist\consumer-upgrade-1.31.0\MarkdownViewer\_internal\PySide6\qml\QtQuick\Controls\FluentWinUI3\ItemDelegate.qml
   Compressing: E:\markdown_viewer\dist\consumer-upgrade-1.31.0\MarkdownViewer\_internal\PySide6\qml\QtQuick\Controls\FluentWinUI3\Menu.qml
   Compressing: E:\markdown_viewer\dist\consumer-upgrade-1.31.0\MarkdownViewer\_internal\PySide6\qml\QtQuick\Controls\FluentWinUI3\MenuBar.qml
   Compressing: E:\markdown_viewer\dist\consumer-upgrade-1.31.0\MarkdownViewer\_internal\PySide6\qml\QtQuick\Controls\FluentWinUI3\MenuBarItem.qml
   Compressing: E:\markdown_viewer\dist\consumer-upgrade-1.31.0\MarkdownViewer\_internal\PySide6\qml\QtQuick\Controls\FluentWinUI3\MenuItem.qml
   Compressing: E:\markdown_viewer\dist\consumer-upgrade-1.31.0\MarkdownViewer\_internal\PySide6\qml\QtQuick\Controls\FluentWinUI3\MenuSeparator.qml
   Compressing: E:\markdown_viewer\dist\consumer-upgrade-1.31.0\MarkdownViewer\_internal\PySide6\qml\QtQuick\Controls\FluentWinUI3\PageIndicator.qml
   Compressing: E:\markdown_viewer\dist\consumer-upgrade-1.31.0\MarkdownViewer\_internal\PySide6\qml\QtQuick\Controls\FluentWinUI3\plugins.qmltypes
   Compressing: E:\markdown_viewer\dist\consumer-upgrade-1.31.0\MarkdownViewer\_internal\PySide6\qml\QtQuick\Controls\FluentWinUI3\Popup.qml
   Compressing: E:\markdown_viewer\dist\consumer-upgrade-1.31.0\MarkdownViewer\_internal\PySide6\qml\QtQuick\Controls\FluentWinUI3\ProgressBar.qml
   Compressing: E:\markdown_viewer\dist\consumer-upgrade-1.31.0\MarkdownViewer\_internal\PySide6\qml\QtQuick\Controls\FluentWinUI3\qmldir
   Compressing: E:\markdown_viewer\dist\consumer-upgrade-1.31.0\MarkdownViewer\_internal\PySide6\qml\QtQuick\Controls\FluentWinUI3\qtquickcontrols2fluentwinui3styleplugin.dll
   Compressing: E:\markdown_viewer\dist\consumer-upgrade-1.31.0\MarkdownViewer\_internal\PySide6\qml\QtQuick\Controls\FluentWinUI3\RadioButton.qml
   Compressing: E:\markdown_viewer\dist\consumer-upgrade-1.31.0\MarkdownViewer\_internal\PySide6\qml\QtQuick\Controls\FluentWinUI3\RadioDelegate.qml
   Compressing: E:\markdown_viewer\dist\consumer-upgrade-1.31.0\MarkdownViewer\_internal\PySide6\qml\QtQuick\Controls\FluentWinUI3\RangeSlider.qml
   Compressing: E:\markdown_viewer\dist\consumer-upgrade-1.31.0\MarkdownViewer\_internal\PySide6\qml\QtQuick\Controls\FluentWinUI3\RoundButton.qml
   Compressing: E:\markdown_viewer\dist\consumer-upgrade-1.31.0\MarkdownViewer\_internal\PySide6\qml\QtQuick\Controls\FluentWinUI3\SearchField.qml
   Compressing: E:\markdown_viewer\dist\consumer-upgrade-1.31.0\MarkdownViewer\_internal\PySide6\qml\QtQuick\Controls\FluentWinUI3\Slider.qml
   Compressing: E:\markdown_viewer\dist\consumer-upgrade-1.31.0\MarkdownViewer\_internal\PySide6\qml\QtQuick\Controls\FluentWinUI3\SpinBox.qml
   Compressing: E:\markdown_viewer\dist\consumer-upgrade-1.31.0\MarkdownViewer\_internal\PySide6\qml\QtQuick\Controls\FluentWinUI3\StyleImage.qml
   Compressing: E:\markdown_viewer\dist\consumer-upgrade-1.31.0\MarkdownViewer\_internal\PySide6\qml\QtQuick\Controls\FluentWinUI3\SwipeDelegate.qml
   Compressing: E:\markdown_viewer\dist\consumer-upgrade-1.31.0\MarkdownViewer\_internal\PySide6\qml\QtQuick\Controls\FluentWinUI3\Switch.qml
   Compressing: E:\markdown_viewer\dist\consumer-upgrade-1.31.0\MarkdownViewer\_internal\PySide6\qml\QtQuick\Controls\FluentWinUI3\SwitchDelegate.qml
   Compressing: E:\markdown_viewer\dist\consumer-upgrade-1.31.0\MarkdownViewer\_internal\PySide6\qml\QtQuick\Controls\FluentWinUI3\TabBar.qml
   Compressing: E:\markdown_viewer\dist\consumer-upgrade-1.31.0\MarkdownViewer\_internal\PySide6\qml\QtQuick\Controls\FluentWinUI3\TabButton.qml
   Compressing: E:\markdown_viewer\dist\consumer-upgrade-1.31.0\MarkdownViewer\_internal\PySide6\qml\QtQuick\Controls\FluentWinUI3\TextArea.qml
   Compressing: E:\markdown_viewer\dist\consumer-upgrade-1.31.0\MarkdownViewer\_internal\PySide6\qml\QtQuick\Controls\FluentWinUI3\TextField.qml
   Compressing: E:\markdown_viewer\dist\consumer-upgrade-1.31.0\MarkdownViewer\_internal\PySide6\qml\QtQuick\Controls\FluentWinUI3\ToolBar.qml
   Compressing: E:\markdown_viewer\dist\consumer-upgrade-1.31.0\MarkdownViewer\_internal\PySide6\qml\QtQuick\Controls\FluentWinUI3\ToolButton.qml
   Compressing: E:\markdown_viewer\dist\consumer-upgrade-1.31.0\MarkdownViewer\_internal\PySide6\qml\QtQuick\Controls\FluentWinUI3\ToolSeparator.qml
   Compressing: E:\markdown_viewer\dist\consumer-upgrade-1.31.0\MarkdownViewer\_internal\PySide6\qml\QtQuick\Controls\FluentWinUI3\ToolTip.qml
   Compressing: E:\markdown_viewer\dist\consumer-upgrade-1.31.0\MarkdownViewer\_internal\PySide6\qml\QtQuick\Controls\FluentWinUI3\dark\images\checkbox-indicator-checked-disabled.png
   Compressing: E:\markdown_viewer\dist\consumer-upgrade-1.31.0\MarkdownViewer\_internal\PySide6\qml\QtQuick\Controls\FluentWinUI3\dark\images\checkbox-indicator-checked-disabled@2x.png
   Compressing: E:\markdown_viewer\dist\consumer-upgrade-1.31.0\MarkdownViewer\_internal\PySide6\qml\QtQuick\Controls\FluentWinUI3\dark\images\checkbox-indicator-checked-disabled@3x.png
   Compressing: E:\markdown_viewer\dist\consumer-upgrade-1.31.0\MarkdownViewer\_internal\PySide6\qml\QtQuick\Controls\FluentWinUI3\dark\images\checkbox-indicator-checked-hovered.png
   Compressing: E:\markdown_viewer\dist\consumer-upgrade-1.31.0\MarkdownViewer\_internal\PySide6\qml\QtQuick\Controls\FluentWinUI3\dark\images\checkbox-indicator-checked-hovered@2x.png
   Compressing: E:\markdown_viewer\dist\consumer-upgrade-1.31.0\MarkdownViewer\_internal\PySide6\qml\QtQuick\Controls\FluentWinUI3\dark\images\checkbox-indicator-checked-hovered@3x.png
   Compressing: E:\markdown_viewer\dist\consumer-upgrade-1.31.0\MarkdownViewer\_internal\PySide6\qml\QtQuick\Controls\FluentWinUI3\dark\images\checkbox-indicator-checked-pressed.png
   Compressing: E:\markdown_viewer\dist\consumer-upgrade-1.31.0\MarkdownViewer\_internal\PySide6\qml\QtQuick\Controls\FluentWinUI3\dark\images\checkbox-indicator-checked-pressed@2x.png
   Compressing: E:\markdown_viewer\dist\consumer-upgrade-1.31.0\MarkdownViewer\_internal\PySide6\qml\QtQuick\Controls\FluentWinUI3\dark\images\checkbox-indicator-checked-pressed@3x.png
   Compressing: E:\markdown_viewer\dist\consumer-upgrade-1.31.0\MarkdownViewer\_internal\PySide6\qml\QtQuick\Controls\FluentWinUI3\dark\images\checkbox-indicator-checked.png
   Compressing: E:\markdown_viewer\dist\consumer-upgrade-1.31.0\MarkdownViewer\_internal\PySide6\qml\QtQuick\Controls\FluentWinUI3\dark\images\checkbox-indicator-checked@2x.png
   Compressing: E:\markdown_viewer\dist\consumer-upgrade-1.31.0\MarkdownViewer\_internal\PySide6\qml\QtQuick\Controls\FluentWinUI3\dark\images\checkbox-indicator-checked@3x.png
   Compressing: E:\markdown_viewer\dist\consumer-upgrade-1.31.0\MarkdownViewer\_internal\PySide6\qml\QtQuick\Controls\FluentWinUI3\dark\images\checkbox-indicator-disabled-partiallyChecked.png
   Compressing: E:\markdown_viewer\dist\consumer-upgrade-1.31.0\MarkdownViewer\_internal\PySide6\qml\QtQuick\Controls\FluentWinUI3\dark\images\checkbox-indicator-disabled-partiallyChecked@2x.png
   Compressing: E:\markdown_viewer\dist\consumer-upgrade-1.31.0\MarkdownViewer\_internal\PySide6\qml\QtQuick\Controls\FluentWinUI3\dark\images\checkbox-indicator-disabled-partiallyChecked@3x.png
   Compressing: E:\markdown_viewer\dist\consumer-upgrade-1.31.0\MarkdownViewer\_internal\PySide6\qml\QtQuick\Controls\FluentWinUI3\dark\images\checkbox-indicator-disabled.png
   Compressing: E:\markdown_viewer\dist\consumer-upgrade-1.31.0\MarkdownViewer\_internal\PySide6\qml\QtQuick\Controls\FluentWinUI3\dark\images\checkbox-indicator-disabled@2x.png
   Compressing: E:\markdown_viewer\dist\consumer-upgrade-1.31.0\MarkdownViewer\_internal\PySide6\qml\QtQuick\Controls\FluentWinUI3\dark\images\checkbox-indicator-disabled@3x.png
   Compressing: E:\markdown_viewer\dist\consumer-upgrade-1.31.0\MarkdownViewer\_internal\PySide6\qml\QtQuick\Controls\FluentWinUI3\dark\images\checkbox-indicator-hovered-partiallyChecked.png
   Compressing: E:\markdown_viewer\dist\consumer-upgrade-1.31.0\MarkdownViewer\_internal\PySide6\qml\QtQuick\Controls\FluentWinUI3\dark\images\checkbox-indicator-hovered-partiallyChecked@2x.png
   Compressing: E:\markdown_viewer\dist\consumer-upgrade-1.31.0\MarkdownViewer\_internal\PySide6\qml\QtQuick\Controls\FluentWinUI3\dark\images\checkbox-indicator-hovered-partiallyChecked@3x.png
   Compressing: E:\markdown_viewer\dist\consumer-upgrade-1.31.0\MarkdownViewer\_internal\PySide6\qml\QtQuick\Controls\FluentWinUI3\dark\images\checkbox-indicator-hovered.png
   Compressing: E:\markdown_viewer\dist\consumer-upgrade-1.31.0\MarkdownViewer\_internal\PySide6\qml\QtQuick\Controls\FluentWinUI3\dark\images\checkbox-indicator-hovered@2x.png
   Compressing: E:\markdown_viewer\dist\consumer-upgrade-1.31.0\MarkdownViewer\_internal\PySide6\qml\QtQuick\Controls\FluentWinUI3\dark\images\checkbox-indicator-hovered@3x.png
   Compressing: E:\markdown_viewer\dist\consumer-upgrade-1.31.0\MarkdownViewer\_internal\PySide6\qml\QtQuick\Controls\FluentWinUI3\dark\images\checkbox-indicator-partiallyChecked-pressed.png
   Compressing: E:\markdown_viewer\dist\consumer-upgrade-1.31.0\MarkdownViewer\_internal\PySide6\qml\QtQuick\Controls\FluentWinUI3\dark\images\checkbox-indicator-partiallyChecked-pressed@2x.png
   Compressing: E:\markdown_viewer\dist\consumer-upgrade-1.31.0\MarkdownViewer\_internal\PySide6\qml\QtQuick\Controls\FluentWinUI3\dark\images\checkbox-indicator-partiallyChecked-pressed@3x.png
   Compressing: E:\markdown_viewer\dist\consumer-upgrade-1.31.0\MarkdownViewer\_internal\PySide6\qml\QtQuick\Controls\FluentWinUI3\dark\images\checkbox-indicator-partiallyChecked.png
   Compressing: E:\markdown_viewer\dist\consumer-upgrade-1.31.0\MarkdownViewer\_internal\PySide6\qml\QtQuick\Controls\FluentWinUI3\dark\images\checkbox-indicator-partiallyChecked@2x.png
   Compressing: E:\markdown_viewer\dist\consumer-upgrade-1.31.0\MarkdownViewer\_internal\PySide6\qml\QtQuick\Controls\FluentWinUI3\dark\images\checkbox-indicator-partiallyChecked@3x.png
   Compressing: E:\markdown_viewer\dist\consumer-upgrade-1.31.0\MarkdownViewer\_internal\PySide6\qml\QtQuick\Controls\FluentWinUI3\dark\images\checkbox-indicator-pressed.png
   Compressing: E:\markdown_viewer\dist\consumer-upgrade-1.31.0\MarkdownViewer\_internal\PySide6\qml\QtQuick\Controls\FluentWinUI3\dark\images\checkbox-indicator-pressed@2x.png
   Compressing: E:\markdown_viewer\dist\consumer-upgrade-1.31.0\MarkdownViewer\_internal\PySide6\qml\QtQuick\Controls\FluentWinUI3\dark\images\checkbox-indicator-pressed@3x.png
   Compressing: E:\markdown_viewer\dist\consumer-upgrade-1.31.0\MarkdownViewer\_internal\PySide6\qml\QtQuick\Controls\FluentWinUI3\dark\images\checkbox-indicator.png
   Compressing: E:\markdown_viewer\dist\consumer-upgrade-1.31.0\MarkdownViewer\_internal\PySide6\qml\QtQuick\Controls\FluentWinUI3\dark\images\checkbox-indicator@2x.png
   Compressing: E:\markdown_viewer\dist\consumer-upgrade-1.31.0\MarkdownViewer\_internal\PySide6\qml\QtQuick\Controls\FluentWinUI3\dark\images\checkbox-indicator@3x.png
   Compressing: E:\markdown_viewer\dist\consumer-upgrade-1.31.0\MarkdownViewer\_internal\PySide6\qml\QtQuick\Controls\FluentWinUI3\dark\images\combobox-background-disabled.png
   Compressing: E:\markdown_viewer\dist\consumer-upgrade-1.31.0\MarkdownViewer\_internal\PySide6\qml\QtQuick\Controls\FluentWinUI3\dark\images\combobox-background-disabled@2x.png
   Compressing: E:\markdown_viewer\dist\consumer-upgrade-1.31.0\MarkdownViewer\_internal\PySide6\qml\QtQuick\Controls\FluentWinUI3\dark\images\combobox-background-disabled@3x.png
   Compressing: E:\markdown_viewer\dist\consumer-upgrade-1.31.0\MarkdownViewer\_internal\PySide6\qml\QtQuick\Controls\FluentWinUI3\dark\images\combobox-background-focused.png
   Compressing: E:\markdown_viewer\dist\consumer-upgrade-1.31.0\MarkdownViewer\_internal\PySide6\qml\QtQuick\Controls\FluentWinUI3\dark\images\combobox-background-focused@2x.png
   Compressing: E:\markdown_viewer\dist\consumer-upgrade-1.31.0\MarkdownViewer\_internal\PySide6\qml\QtQuick\Controls\FluentWinUI3\dark\images\combobox-background-focused@3x.png
   Compressing: E:\markdown_viewer\dist\consumer-upgrade-1.31.0\MarkdownViewer\_internal\PySide6\qml\QtQuick\Controls\FluentWinUI3\dark\images\combobox-background-hovered-open.png
   Compressing: E:\markdown_viewer\dist\consumer-upgrade-1.31.0\MarkdownViewer\_internal\PySide6\qml\QtQuick\Controls\FluentWinUI3\dark\images\combobox-background-hovered-open@2x.png
   Compressing: E:\markdown_viewer\dist\consumer-upgrade-1.31.0\MarkdownViewer\_internal\PySide6\qml\QtQuick\Controls\FluentWinUI3\dark\images\combobox-background-hovered-open@3x.png
   Compressing: E:\markdown_viewer\dist\consumer-upgrade-1.31.0\MarkdownViewer\_internal\PySide6\qml\QtQuick\Controls\FluentWinUI3\dark\images\combobox-background-hovered.png
   Compressing: E:\markdown_viewer\dist\consumer-upgrade-1.31.0\MarkdownViewer\_internal\PySide6\qml\QtQuick\Controls\FluentWinUI3\dark\images\combobox-background-hovered@2x.png
   Compressing: E:\markdown_viewer\dist\consumer-upgrade-1.31.0\MarkdownViewer\_internal\PySide6\qml\QtQuick\Controls\FluentWinUI3\dark\images\combobox-background-hovered@3x.png
   Compressing: E:\markdown_viewer\dist\consumer-upgrade-1.31.0\MarkdownViewer\_internal\PySide6\qml\QtQuick\Controls\FluentWinUI3\dark\images\combobox-background-open-pressed.png
   Compressing: E:\markdown_viewer\dist\consumer-upgrade-1.31.0\MarkdownViewer\_internal\PySide6\qml\QtQuick\Controls\FluentWinUI3\dark\images\combobox-background-open-pressed@2x.png
   Compressing: E:\markdown_viewer\dist\consumer-upgrade-1.31.0\MarkdownViewer\_internal\PySide6\qml\QtQuick\Controls\FluentWinUI3\dark\images\combobox-background-open-pressed@3x.png
   Compressing: E:\markdown_viewer\dist\consumer-upgrade-1.31.0\MarkdownViewer\_internal\PySide6\qml\QtQuick\Controls\FluentWinUI3\dark\images\combobox-background-open.png
   Compressing: E:\markdown_viewer\dist\consumer-upgrade-1.31.0\MarkdownViewer\_internal\PySide6\qml\QtQuick\Controls\FluentWinUI3\dark\images\combobox-background-open@2x.png
   Compressing: E:\markdown_viewer\dist\consumer-upgrade-1.31.0\MarkdownViewer\_internal\PySide6\qml\QtQuick\Controls\FluentWinUI3\dark\images\combobox-background-open@3x.png
   Compressing: E:\markdown_viewer\dist\consumer-upgrade-1.31.0\MarkdownViewer\_internal\PySide6\qml\QtQuick\Controls\FluentWinUI3\dark\images\combobox-background-pressed.png
   Compressing: E:\markdown_viewer\dist\consumer-upgrade-1.31.0\MarkdownViewer\_internal\PySide6\qml\QtQuick\Controls\FluentWinUI3\dark\images\combobox-background-pressed@2x.png
   Compressing: E:\markdown_viewer\dist\consumer-upgrade-1.31.0\MarkdownViewer\_internal\PySide6\qml\QtQuick\Controls\FluentWinUI3\dark\images\combobox-background-pressed@3x.png
   Compressing: E:\markdown_viewer\dist\consumer-upgrade-1.31.0\MarkdownViewer\_internal\PySide6\qml\QtQuick\Controls\FluentWinUI3\dark\images\combobox-background.png
   Compressing: E:\markdown_viewer\dist\consumer-upgrade-1.31.0\MarkdownViewer\_internal\PySide6\qml\QtQuick\Controls\FluentWinUI3\dark\images\combobox-background@2x.png
   Compressing: E:\markdown_viewer\dist\consumer-upgrade-1.31.0\MarkdownViewer\_internal\PySide6\qml\QtQuick\Controls\FluentWinUI3\dark\images\combobox-background@3x.png
   Compressing: E:\markdown_viewer\dist\consumer-upgrade-1.31.0\MarkdownViewer\_internal\PySide6\qml\QtQuick\Controls\FluentWinUI3\dark\images\combobox-indicator-disabled.png
   Compressing: E:\markdown_viewer\dist\consumer-upgrade-1.31.0\MarkdownViewer\_internal\PySide6\qml\QtQuick\Controls\FluentWinUI3\dark\images\combobox-indicator-disabled@2x.png
   Compressing: E:\markdown_viewer\dist\consumer-upgrade-1.31.0\MarkdownViewer\_internal\PySide6\qml\QtQuick\Controls\FluentWinUI3\dark\images\combobox-indicator-disabled@3x.png
   Compressing: E:\markdown_viewer\dist\consumer-upgrade-1.31.0\MarkdownViewer\_internal\PySide6\qml\QtQuick\Controls\FluentWinUI3\dark\images\combobox-indicator-focused.png
   Compressing: E:\markdown_viewer\dist\consumer-upgrade-1.31.0\MarkdownViewer\_internal\PySide6\qml\QtQuick\Controls\FluentWinUI3\dark\images\combobox-indicator-focused@2x.png
   Compressing: E:\markdown_viewer\dist\consumer-upgrade-1.31.0\MarkdownViewer\_internal\PySide6\qml\QtQuick\Controls\FluentWinUI3\dark\images\combobox-indicator-focused@3x.png
   Compressing: E:\markdown_viewer\dist\consumer-upgrade-1.31.0\MarkdownViewer\_internal\PySide6\qml\QtQuick\Controls\FluentWinUI3\dark\images\combobox-indicator-hovered-open.png
   Compressing: E:\markdown_viewer\dist\consumer-upgrade-1.31.0\MarkdownViewer\_internal\PySide6\qml\QtQuick\Controls\FluentWinUI3\dark\images\combobox-indicator-hovered-open@2x.png
   Compressing: E:\markdown_viewer\dist\consumer-upgrade-1.31.0\MarkdownViewer\_internal\PySide6\qml\QtQuick\Controls\FluentWinUI3\dark\images\combobox-indicator-hovered-open@3x.png
   Compressing: E:\markdown_viewer\dist\consumer-upgrade-1.31.0\MarkdownViewer\_internal\PySide6\qml\QtQuick\Controls\FluentWinUI3\dark\images\combobox-indicator-hovered.png
   Compressing: E:\markdown_viewer\dist\consumer-upgrade-1.31.0\MarkdownViewer\_internal\PySide6\qml\QtQuick\Controls\FluentWinUI3\dark\images\combobox-indicator-hovered@2x.png
   Compressing: E:\markdown_viewer\dist\consumer-upgrade-1.31.0\MarkdownViewer\_internal\PySide6\qml\QtQuick\Controls\FluentWinUI3\dark\images\combobox-indicator-hovered@3x.png
   Compressing: E:\markdown_viewer\dist\consumer-upgrade-1.31.0\MarkdownViewer\_internal\PySide6\qml\QtQuick\Controls\FluentWinUI3\dark\images\combobox-indicator-open-pressed.png
   Compressing: E:\markdown_viewer\dist\consumer-upgrade-1.31.0\MarkdownViewer\_internal\PySide6\qml\QtQuick\Controls\FluentWinUI3\dark\images\combobox-indicator-open-pressed@2x.png
   Compressing: E:\markdown_viewer\dist\consumer-upgrade-1.31.0\MarkdownViewer\_internal\PySide6\qml\QtQuick\Controls\FluentWinUI3\dark\images\combobox-indicator-open-pressed@3x.png
   Compressing: E:\markdown_viewer\dist\consumer-upgrade-1.31.0\MarkdownViewer\_internal\PySide6\qml\QtQuick\Controls\FluentWinUI3\dark\images\combobox-indicator-open.png
   Compressing: E:\markdown_viewer\dist\consumer-upgrade-1.31.0\MarkdownViewer\_internal\PySide6\qml\QtQuick\Controls\FluentWinUI3\dark\images\combobox-indicator-open@2x.png
   Compressing: E:\markdown_viewer\dist\consumer-upgrade-1.31.0\MarkdownViewer\_internal\PySide6\qml\QtQuick\Controls\FluentWinUI3\dark\images\combobox-indicator-open@3x.png
   Compressing: E:\markdown_viewer\dist\consumer-upgrade-1.31.0\MarkdownViewer\_internal\PySide6\qml\QtQuick\Controls\FluentWinUI3\dark\images\combobox-indicator-pressed.png
   Compressing: E:\markdown_viewer\dist\consumer-upgrade-1.31.0\MarkdownViewer\_internal\PySide6\qml\QtQuick\Controls\FluentWinUI3\dark\images\combobox-indicator-pressed@2x.png
   Compressing: E:\markdown_viewer\dist\consumer-upgrade-1.31.0\MarkdownViewer\_internal\PySide6\qml\QtQuick\Controls\FluentWinUI3\dark\images\combobox-indicator-pressed@3x.png
   Compressing: E:\markdown_viewer\dist\consumer-upgrade-1.31.0\MarkdownViewer\_internal\PySide6\qml\QtQuick\Controls\FluentWinUI3\dark\images\combobox-indicator.png
   Compressing: E:\markdown_viewer\dist\consumer-upgrade-1.31.0\MarkdownViewer\_internal\PySide6\qml\QtQuick\Controls\FluentWinUI3\dark\images\combobox-indicator@2x.png
   Compressing: E:\markdown_viewer\dist\consumer-upgrade-1.31.0\MarkdownViewer\_internal\PySide6\qml\QtQuick\Controls\FluentWinUI3\dark\images\combobox-indicator@3x.png
   Compressing: E:\markdown_viewer\dist\consumer-upgrade-1.31.0\MarkdownViewer\_internal\PySide6\qml\QtQuick\Controls\FluentWinUI3\dark\images\editablecombobox-background-hovered-open.png
   Compressing: E:\markdown_viewer\dist\consumer-upgrade-1.31.0\MarkdownViewer\_internal\PySide6\qml\QtQuick\Controls\FluentWinUI3\dark\images\editablecombobox-background-hovered-open@2x.png
   Compressing: E:\markdown_viewer\dist\consumer-upgrade-1.31.0\MarkdownViewer\_internal\PySide6\qml\QtQuick\Controls\FluentWinUI3\dark\images\editablecombobox-background-hovered-open@3x.png
   Compressing: E:\markdown_viewer\dist\consumer-upgrade-1.31.0\MarkdownViewer\_internal\PySide6\qml\QtQuick\Controls\FluentWinUI3\dark\images\editablecombobox-background-open-pressed.png
   Compressing: E:\markdown_viewer\dist\consumer-upgrade-1.31.0\MarkdownViewer\_internal\PySide6\qml\QtQuick\Controls\FluentWinUI3\dark\images\editablecombobox-background-open-pressed@2x.png
   Compressing: E:\markdown_viewer\dist\consumer-upgrade-1.31.0\MarkdownViewer\_internal\PySide6\qml\QtQuick\Controls\FluentWinUI3\dark\images\editablecombobox-background-open-pressed@3x.png
   Compressing: E:\markdown_viewer\dist\consumer-upgrade-1.31.0\MarkdownViewer\_internal\PySide6\qml\QtQuick\Controls\FluentWinUI3\dark\images\editablecombobox-background-open.png
   Compressing: E:\markdown_viewer\dist\consumer-upgrade-1.31.0\MarkdownViewer\_internal\PySide6\qml\QtQuick\Controls\FluentWinUI3\dark\images\editablecombobox-background-open@2x.png
   Compressing: E:\markdown_viewer\dist\consumer-upgrade-1.31.0\MarkdownViewer\_internal\PySide6\qml\QtQuick\Controls\FluentWinUI3\dark\images\editablecombobox-background-open@3x.png
   Compressing: E:\markdown_viewer\dist\consumer-upgrade-1.31.0\MarkdownViewer\_internal\PySide6\qml\QtQuick\Controls\FluentWinUI3\dark\images\editablecombobox-indicator-hovered-open.png
   Compressing: E:\markdown_viewer\dist\consumer-upgrade-1.31.0\MarkdownViewer\_internal\PySide6\qml\QtQuick\Controls\FluentWinUI3\dark\images\editablecombobox-indicator-hovered-open@2x.png
   Compressing: E:\markdown_viewer\dist\consumer-upgrade-1.31.0\MarkdownViewer\_internal\PySide6\qml\QtQuick\Controls\FluentWinUI3\dark\images\editablecombobox-indicator-hovered-open@3x.png
   Compressing: E:\markdown_viewer\dist\consumer-upgrade-1.31.0\MarkdownViewer\_internal\PySide6\qml\QtQuick\Controls\FluentWinUI3\dark\images\editablecombobox-indicator-open-pressed.png
   Compressing: E:\markdown_viewer\dist\consumer-upgrade-1.31.0\MarkdownViewer\_internal\PySide6\qml\QtQuick\Controls\FluentWinUI3\dark\images\editablecombobox-indicator-open-pressed@2x.png
   Compressing: E:\markdown_viewer\dist\consumer-upgrade-1.31.0\MarkdownViewer\_internal\PySide6\qml\QtQuick\Controls\FluentWinUI3\dark\images\editablecombobox-indicator-open-pressed@3x.png
   Compressing: E:\markdown_viewer\dist\consumer-upgrade-1.31.0\MarkdownViewer\_internal\PySide6\qml\QtQuick\Controls\FluentWinUI3\dark\images\editablecombobox-indicator-open.png
   Compressing: E:\markdown_viewer\dist\consumer-upgrade-1.31.0\MarkdownViewer\_internal\PySide6\qml\QtQuick\Controls\FluentWinUI3\dark\images\editablecombobox-indicator-open@2x.png
   Compressing: E:\markdown_viewer\dist\consumer-upgrade-1.31.0\MarkdownViewer\_internal\PySide6\qml\QtQuick\Controls\FluentWinUI3\dark\images\editablecombobox-indicator-open@3x.png
   Compressing: E:\markdown_viewer\dist\consumer-upgrade-1.31.0\MarkdownViewer\_internal\PySide6\qml\QtQuick\Controls\FluentWinUI3\dark\images\editablecombobox-popup-background-hovered-open.png
   Compressing: E:\markdown_viewer\dist\consumer-upgrade-1.31.0\MarkdownViewer\_internal\PySide6\qml\QtQuick\Controls\FluentWinUI3\dark\images\editablecombobox-popup-background-hovered-open@2x.png
   Compressing: E:\markdown_viewer\dist\consumer-upgrade-1.31.0\MarkdownViewer\_internal\PySide6\qml\QtQuick\Controls\FluentWinUI3\dark\images\editablecombobox-popup-background-hovered-open@3x.png
   Compressing: E:\markdown_viewer\dist\consumer-upgrade-1.31.0\MarkdownViewer\_internal\PySide6\qml\QtQuick\Controls\FluentWinUI3\dark\images\editablecombobox-popup-background-open-pressed.png
   Compressing: E:\markdown_viewer\dist\consumer-upgrade-1.31.0\MarkdownViewer\_internal\PySide6\qml\QtQuick\Controls\FluentWinUI3\dark\images\editablecombobox-popup-background-open-pressed@2x.png
   Compressing: E:\markdown_viewer\dist\consumer-upgrade-1.31.0\MarkdownViewer\_internal\PySide6\qml\QtQuick\Controls\FluentWinUI3\dark\images\editablecombobox-popup-background-open-pressed@3x.png
   Compressing: E:\markdown_viewer\dist\consumer-upgrade-1.31.0\MarkdownViewer\_internal\PySide6\qml\QtQuick\Controls\FluentWinUI3\dark\images\editablecombobox-popup-background-open.png
   Compressing: E:\markdown_viewer\dist\consumer-upgrade-1.31.0\MarkdownViewer\_internal\PySide6\qml\QtQuick\Controls\FluentWinUI3\dark\images\editablecombobox-popup-background-open@2x.png
   Compressing: E:\markdown_viewer\dist\consumer-upgrade-1.31.0\MarkdownViewer\_internal\PySide6\qml\QtQuick\Controls\FluentWinUI3\dark\images\editablecombobox-popup-background-open@3x.png
   Compressing: E:\markdown_viewer\dist\consumer-upgrade-1.31.0\MarkdownViewer\_internal\PySide6\qml\QtQuick\Controls\FluentWinUI3\dark\images\frame-background-disabled.png
   Compressing: E:\markdown_viewer\dist\consumer-upgrade-1.31.0\MarkdownViewer\_internal\PySide6\qml\QtQuick\Controls\FluentWinUI3\dark\images\frame-background-disabled@2x.png
   Compressing: E:\markdown_viewer\dist\consumer-upgrade-1.31.0\MarkdownViewer\_internal\PySide6\qml\QtQuick\Controls\FluentWinUI3\dark\images\frame-background-disabled@3x.png
   Compressing: E:\markdown_viewer\dist\consumer-upgrade-1.31.0\MarkdownViewer\_internal\PySide6\qml\QtQuick\Controls\FluentWinUI3\dark\images\frame-background.png
   Compressing: E:\markdown_viewer\dist\consumer-upgrade-1.31.0\MarkdownViewer\_internal\PySide6\qml\QtQuick\Controls\FluentWinUI3\dark\images\frame-background@2x.png
   Compressing: E:\markdown_viewer\dist\consumer-upgrade-1.31.0\MarkdownViewer\_internal\PySide6\qml\QtQuick\Controls\FluentWinUI3\dark\images\frame-background@3x.png
   Compressing: E:\markdown_viewer\dist\consumer-upgrade-1.31.0\MarkdownViewer\_internal\PySide6\qml\QtQuick\Controls\FluentWinUI3\dark\images\itemdelegate-background-highlighted-hovered.png
   Compressing: E:\markdown_viewer\dist\consumer-upgrade-1.31.0\MarkdownViewer\_internal\PySide6\qml\QtQuick\Controls\FluentWinUI3\dark\images\itemdelegate-background-highlighted-hovered@2x.png
   Compressing: E:\markdown_viewer\dist\consumer-upgrade-1.31.0\MarkdownViewer\_internal\PySide6\qml\QtQuick\Controls\FluentWinUI3\dark\images\itemdelegate-background-highlighted-hovered@3x.png
   Compressing: E:\markdown_viewer\dist\consumer-upgrade-1.31.0\MarkdownViewer\_internal\PySide6\qml\QtQuick\Controls\FluentWinUI3\dark\images\itemdelegate-background-highlighted-pressed.png
   Compressing: E:\markdown_viewer\dist\consumer-upgrade-1.31.0\MarkdownViewer\_internal\PySide6\qml\QtQuick\Controls\FluentWinUI3\dark\images\itemdelegate-background-highlighted-pressed@2x.png
   Compressing: E:\markdown_viewer\dist\consumer-upgrade-1.31.0\MarkdownViewer\_internal\PySide6\qml\QtQuick\Controls\FluentWinUI3\dark\images\itemdelegate-background-highlighted-pressed@3x.png
   Compressing: E:\markdown_viewer\dist\consumer-upgrade-1.31.0\MarkdownViewer\_internal\PySide6\qml\QtQuick\Controls\FluentWinUI3\dark\images\itemdelegate-background-highlighted.png
   Compressing: E:\markdown_viewer\dist\consumer-upgrade-1.31.0\MarkdownViewer\_internal\PySide6\qml\QtQuick\Controls\FluentWinUI3\dark\images\itemdelegate-background-highlighted@2x.png
   Compressing: E:\markdown_viewer\dist\consumer-upgrade-1.31.0\MarkdownViewer\_internal\PySide6\qml\QtQuick\Controls\FluentWinUI3\dark\images\itemdelegate-background-highlighted@3x.png
   Compressing: E:\markdown_viewer\dist\consumer-upgrade-1.31.0\MarkdownViewer\_internal\PySide6\qml\QtQuick\Controls\FluentWinUI3\dark\images\itemdelegate-background-hovered.png
   Compressing: E:\markdown_viewer\dist\consumer-upgrade-1.31.0\MarkdownViewer\_internal\PySide6\qml\QtQuick\Controls\FluentWinUI3\dark\images\itemdelegate-background-hovered@2x.png
   Compressing: E:\markdown_viewer\dist\consumer-upgrade-1.31.0\MarkdownViewer\_internal\PySide6\qml\QtQuick\Controls\FluentWinUI3\dark\images\itemdelegate-background-hovered@3x.png
   Compressing: E:\markdown_viewer\dist\consumer-upgrade-1.31.0\MarkdownViewer\_internal\PySide6\qml\QtQuick\Controls\FluentWinUI3\dark\images\itemdelegate-background-pressed.png
   Compressing: E:\markdown_viewer\dist\consumer-upgrade-1.31.0\MarkdownViewer\_internal\PySide6\qml\QtQuick\Controls\FluentWinUI3\dark\images\itemdelegate-background-pressed@2x.png
   Compressing: E:\markdown_viewer\dist\consumer-upgrade-1.31.0\MarkdownViewer\_internal\PySide6\qml\QtQuick\Controls\FluentWinUI3\dark\images\itemdelegate-background-pressed@3x.png
   Compressing: E:\markdown_viewer\dist\consumer-upgrade-1.31.0\MarkdownViewer\_internal\PySide6\qml\QtQuick\Controls\FluentWinUI3\dark\images\pageindicatordelegate-indicator-delegate-current-hovered.png
   Compressing: E:\markdown_viewer\dist\consumer-upgrade-1.31.0\MarkdownViewer\_internal\PySide6\qml\QtQuick\Controls\FluentWinUI3\dark\images\pageindicatordelegate-indicator-delegate-current-hovered@2x.png
   Compressing: E:\markdown_viewer\dist\consumer-upgrade-1.31.0\MarkdownViewer\_internal\PySide6\qml\QtQuick\Controls\FluentWinUI3\dark\images\pageindicatordelegate-indicator-delegate-current-hovered@3x.png
   Compressing: E:\markdown_viewer\dist\consumer-upgrade-1.31.0\MarkdownViewer\_internal\PySide6\qml\QtQuick\Controls\FluentWinUI3\dark\images\pageindicatordelegate-indicator-delegate-current-pressed.png
   Compressing: E:\markdown_viewer\dist\consumer-upgrade-1.31.0\MarkdownViewer\_internal\PySide6\qml\QtQuick\Controls\FluentWinUI3\dark\images\pageindicatordelegate-indicator-delegate-current-pressed@2x.png
   Compressing: E:\markdown_viewer\dist\consumer-upgrade-1.31.0\MarkdownViewer\_internal\PySide6\qml\QtQuick\Controls\FluentWinUI3\dark\images\pageindicatordelegate-indicator-delegate-current-pressed@3x.png
   Compressing: E:\markdown_viewer\dist\consumer-upgrade-1.31.0\MarkdownViewer\_internal\PySide6\qml\QtQuick\Controls\FluentWinUI3\dark\images\pageindicatordelegate-indicator-delegate-current.png
   Compressing: E:\markdown_viewer\dist\consumer-upgrade-1.31.0\MarkdownViewer\_internal\PySide6\qml\QtQuick\Controls\FluentWinUI3\dark\images\pageindicatordelegate-indicator-delegate-current@2x.png
   Compressing: E:\markdown_viewer\dist\consumer-upgrade-1.31.0\MarkdownViewer\_internal\PySide6\qml\QtQuick\Controls\FluentWinUI3\dark\images\pageindicatordelegate-indicator-delegate-current@3x.png
   Compressing: E:\markdown_viewer\dist\consumer-upgrade-1.31.0\MarkdownViewer\_internal\PySide6\qml\QtQuick\Controls\FluentWinUI3\dark\images\pageindicatordelegate-indicator-delegate-pressed.png
   Compressing: E:\markdown_viewer\dist\consumer-upgrade-1.31.0\MarkdownViewer\_internal\PySide6\qml\QtQuick\Controls\FluentWinUI3\dark\images\pageindicatordelegate-indicator-delegate-pressed@2x.png
   Compressing: E:\markdown_viewer\dist\consumer-upgrade-1.31.0\MarkdownViewer\_internal\PySide6\qml\QtQuick\Controls\FluentWinUI3\dark\images\pageindicatordelegate-indicator-delegate-pressed@3x.png
   Compressing: E:\markdown_viewer\dist\consumer-upgrade-1.31.0\MarkdownViewer\_internal\PySide6\qml\QtQuick\Controls\FluentWinUI3\dark\images\pageindicatordelegate-indicator-disabled.png
   Compressing: E:\markdown_viewer\dist\consumer-upgrade-1.31.0\MarkdownViewer\_internal\PySide6\qml\QtQuick\Controls\FluentWinUI3\dark\images\pageindicatordelegate-indicator-disabled@2x.png
   Compressing: E:\markdown_viewer\dist\consumer-upgrade-1.31.0\MarkdownViewer\_internal\PySide6\qml\QtQuick\Controls\FluentWinUI3\dark\images\pageindicatordelegate-indicator-disabled@3x.png
   Compressing: E:\markdown_viewer\dist\consumer-upgrade-1.31.0\MarkdownViewer\_internal\PySide6\qml\QtQuick\Controls\FluentWinUI3\dark\images\pageindicatordelegate-indicator-hovered.png
   Compressing: E:\markdown_viewer\dist\consumer-upgrade-1.31.0\MarkdownViewer\_internal\PySide6\qml\QtQuick\Controls\FluentWinUI3\dark\images\pageindicatordelegate-indicator-hovered@2x.png
   Compressing: E:\markdown_viewer\dist\consumer-upgrade-1.31.0\MarkdownViewer\_internal\PySide6\qml\QtQuick\Controls\FluentWinUI3\dark\images\pageindicatordelegate-indicator-hovered@3x.png
   Compressing: E:\markdown_viewer\dist\consumer-upgrade-1.31.0\MarkdownViewer\_internal\PySide6\qml\QtQuick\Controls\FluentWinUI3\dark\images\pageindicatordelegate-indicator.png
   Compressing: E:\markdown_viewer\dist\consumer-upgrade-1.31.0\MarkdownViewer\_internal\PySide6\qml\QtQuick\Controls\FluentWinUI3\dark\images\pageindicatordelegate-indicator@2x.png
   Compressing: E:\markdown_viewer\dist\consumer-upgrade-1.31.0\MarkdownViewer\_internal\PySide6\qml\QtQuick\Controls\FluentWinUI3\dark\images\pageindicatordelegate-indicator@3x.png
   Compressing: E:\markdown_viewer\dist\consumer-upgrade-1.31.0\MarkdownViewer\_internal\PySide6\qml\QtQuick\Controls\FluentWinUI3\dark\images\popup-background.png
   Compressing: E:\markdown_viewer\dist\consumer-upgrade-1.31.0\MarkdownViewer\_internal\PySide6\qml\QtQuick\Controls\FluentWinUI3\dark\images\popup-background@2x.png
   Compressing: E:\markdown_viewer\dist\consumer-upgrade-1.31.0\MarkdownViewer\_internal\PySide6\qml\QtQuick\Controls\FluentWinUI3\dark\images\popup-background@3x.png
   Compressing: E:\markdown_viewer\dist\consumer-upgrade-1.31.0\MarkdownViewer\_internal\PySide6\qml\QtQuick\Controls\FluentWinUI3\dark\images\progressbar-groove-disabled.png
   Compressing: E:\markdown_viewer\dist\consumer-upgrade-1.31.0\MarkdownViewer\_internal\PySide6\qml\QtQuick\Controls\FluentWinUI3\dark\images\progressbar-groove-disabled@2x.png
   Compressing: E:\markdown_viewer\dist\consumer-upgrade-1.31.0\MarkdownViewer\_internal\PySide6\qml\QtQuick\Controls\FluentWinUI3\dark\images\progressbar-groove-disabled@3x.png
   Compressing: E:\markdown_viewer\dist\consumer-upgrade-1.31.0\MarkdownViewer\_internal\PySide6\qml\QtQuick\Controls\FluentWinUI3\dark\images\progressbar-groove.png
   Compressing: E:\markdown_viewer\dist\consumer-upgrade-1.31.0\MarkdownViewer\_internal\PySide6\qml\QtQuick\Controls\FluentWinUI3\dark\images\progressbar-groove@2x.png
   Compressing: E:\markdown_viewer\dist\consumer-upgrade-1.31.0\MarkdownViewer\_internal\PySide6\qml\QtQuick\Controls\FluentWinUI3\dark\images\progressbar-groove@3x.png
   Compressing: E:\markdown_viewer\dist\consumer-upgrade-1.31.0\MarkdownViewer\_internal\PySide6\qml\QtQuick\Controls\FluentWinUI3\dark\images\radiobutton-indicator-checked-disabled.png
   Compressing: E:\markdown_viewer\dist\consumer-upgrade-1.31.0\MarkdownViewer\_internal\PySide6\qml\QtQuick\Controls\FluentWinUI3\dark\images\radiobutton-indicator-checked-disabled@2x.png
   Compressing: E:\markdown_viewer\dist\consumer-upgrade-1.31.0\MarkdownViewer\_internal\PySide6\qml\QtQuick\Controls\FluentWinUI3\dark\images\radiobutton-indicator-checked-disabled@3x.png
   Compressing: E:\markdown_viewer\dist\consumer-upgrade-1.31.0\MarkdownViewer\_internal\PySide6\qml\QtQuick\Controls\FluentWinUI3\dark\images\radiobutton-indicator-checked-hovered.png
   Compressing: E:\markdown_viewer\dist\consumer-upgrade-1.31.0\MarkdownViewer\_internal\PySide6\qml\QtQuick\Controls\FluentWinUI3\dark\images\radiobutton-indicator-checked-hovered@2x.png
   Compressing: E:\markdown_viewer\dist\consumer-upgrade-1.31.0\MarkdownViewer\_internal\PySide6\qml\QtQuick\Controls\FluentWinUI3\dark\images\radiobutton-indicator-checked-hovered@3x.png
   Compressing: E:\markdown_viewer\dist\consumer-upgrade-1.31.0\MarkdownViewer\_internal\PySide6\qml\QtQuick\Controls\FluentWinUI3\dark\images\radiobutton-indicator-checked-pressed.png
   Compressing: E:\markdown_viewer\dist\consumer-upgrade-1.31.0\MarkdownViewer\_internal\PySide6\qml\QtQuick\Controls\FluentWinUI3\dark\images\radiobutton-indicator-checked-pressed@2x.png
   Compressing: E:\markdown_viewer\dist\consumer-upgrade-1.31.0\MarkdownViewer\_internal\PySide6\qml\QtQuick\Controls\FluentWinUI3\dark\images\radiobutton-indicator-checked-pressed@3x.png
   Compressing: E:\markdown_viewer\dist\consumer-upgrade-1.31.0\MarkdownViewer\_internal\PySide6\qml\QtQuick\Controls\FluentWinUI3\dark\images\radiobutton-indicator-checked.png
   Compressing: E:\markdown_viewer\dist\consumer-upgrade-1.31.0\MarkdownViewer\_internal\PySide6\qml\QtQuick\Controls\FluentWinUI3\dark\images\radiobutton-indicator-checked@2x.png
   Compressing: E:\markdown_viewer\dist\consumer-upgrade-1.31.0\MarkdownViewer\_internal\PySide6\qml\QtQuick\Controls\FluentWinUI3\dark\images\radiobutton-indicator-checked@3x.png
   Compressing: E:\markdown_viewer\dist\consumer-upgrade-1.31.0\MarkdownViewer\_internal\PySide6\qml\QtQuick\Controls\FluentWinUI3\dark\images\radiobutton-indicator-disabled.png
   Compressing: E:\markdown_viewer\dist\consumer-upgrade-1.31.0\MarkdownViewer\_internal\PySide6\qml\QtQuick\Controls\FluentWinUI3\dark\images\radiobutton-indicator-disabled@2x.png
   Compressing: E:\markdown_viewer\dist\consumer-upgrade-1.31.0\MarkdownViewer\_internal\PySide6\qml\QtQuick\Controls\FluentWinUI3\dark\images\radiobutton-indicator-disabled@3x.png
   Compressing: E:\markdown_viewer\dist\consumer-upgrade-1.31.0\MarkdownViewer\_internal\PySide6\qml\QtQuick\Controls\FluentWinUI3\dark\images\radiobutton-indicator-hovered.png
   Compressing: E:\markdown_viewer\dist\consumer-upgrade-1.31.0\MarkdownViewer\_internal\PySide6\qml\QtQuick\Controls\FluentWinUI3\dark\images\radiobutton-indicator-hovered@2x.png
   Compressing: E:\markdown_viewer\dist\consumer-upgrade-1.31.0\MarkdownViewer\_internal\PySide6\qml\QtQuick\Controls\FluentWinUI3\dark\images\radiobutton-indicator-hovered@3x.png
   Compressing: E:\markdown_viewer\dist\consumer-upgrade-1.31.0\MarkdownViewer\_internal\PySide6\qml\QtQuick\Controls\FluentWinUI3\dark\images\radiobutton-indicator-pressed.png
   Compressing: E:\markdown_viewer\dist\consumer-upgrade-1.31.0\MarkdownViewer\_internal\PySide6\qml\QtQuick\Controls\FluentWinUI3\dark\images\radiobutton-indicator-pressed@2x.png
   Compressing: E:\markdown_viewer\dist\consumer-upgrade-1.31.0\MarkdownViewer\_internal\PySide6\qml\QtQuick\Controls\FluentWinUI3\dark\images\radiobutton-indicator-pressed@3x.png
   Compressing: E:\markdown_viewer\dist\consumer-upgrade-1.31.0\MarkdownViewer\_internal\PySide6\qml\QtQuick\Controls\FluentWinUI3\dark\images\radiobutton-indicator.png
   Compressing: E:\markdown_viewer\dist\consumer-upgrade-1.31.0\MarkdownViewer\_internal\PySide6\qml\QtQuick\Controls\FluentWinUI3\dark\images\radiobutton-indicator@2x.png
   Compressing: E:\markdown_viewer\dist\consumer-upgrade-1.31.0\MarkdownViewer\_internal\PySide6\qml\QtQuick\Controls\FluentWinUI3\dark\images\radiobutton-indicator@3x.png
   Compressing: E:\markdown_viewer\dist\consumer-upgrade-1.31.0\MarkdownViewer\_internal\PySide6\qml\QtQuick\Controls\FluentWinUI3\dark\images\rangeslider-first-handle-disabled.png
   Compressing: E:\markdown_viewer\dist\consumer-upgrade-1.31.0\MarkdownViewer\_internal\PySide6\qml\QtQuick\Controls\FluentWinUI3\dark\images\rangeslider-first-handle-disabled@2x.png
   Compressing: E:\markdown_viewer\dist\consumer-upgrade-1.31.0\MarkdownViewer\_internal\PySide6\qml\QtQuick\Controls\FluentWinUI3\dark\images\rangeslider-first-handle-disabled@3x.png
   Compressing: E:\markdown_viewer\dist\consumer-upgrade-1.31.0\MarkdownViewer\_internal\PySide6\qml\QtQuick\Controls\FluentWinUI3\dark\images\rangeslider-first-handle-handle-pressed.png
   Compressing: E:\markdown_viewer\dist\consumer-upgrade-1.31.0\MarkdownViewer\_internal\PySide6\qml\QtQuick\Controls\FluentWinUI3\dark\images\rangeslider-first-handle-handle-pressed@2x.png
   Compressing: E:\markdown_viewer\dist\consumer-upgrade-1.31.0\MarkdownViewer\_internal\PySide6\qml\QtQuick\Controls\FluentWinUI3\dark\images\rangeslider-first-handle-handle-pressed@3x.png
   Compressing: E:\markdown_viewer\dist\consumer-upgrade-1.31.0\MarkdownViewer\_internal\PySide6\qml\QtQuick\Controls\FluentWinUI3\dark\images\rangeslider-first-handle-hovered.png
   Compressing: E:\markdown_viewer\dist\consumer-upgrade-1.31.0\MarkdownViewer\_internal\PySide6\qml\QtQuick\Controls\FluentWinUI3\dark\images\rangeslider-first-handle-hovered@2x.png
   Compressing: E:\markdown_viewer\dist\consumer-upgrade-1.31.0\MarkdownViewer\_internal\PySide6\qml\QtQuick\Controls\FluentWinUI3\dark\images\rangeslider-first-handle-hovered@3x.png
   Compressing: E:\markdown_viewer\dist\consumer-upgrade-1.31.0\MarkdownViewer\_internal\PySide6\qml\QtQuick\Controls\FluentWinUI3\dark\images\rangeslider-first-handle.png
   Compressing: E:\markdown_viewer\dist\consumer-upgrade-1.31.0\MarkdownViewer\_internal\PySide6\qml\QtQuick\Controls\FluentWinUI3\dark\images\rangeslider-first-handle@2x.png
   Compressing: E:\markdown_viewer\dist\consumer-upgrade-1.31.0\MarkdownViewer\_internal\PySide6\qml\QtQuick\Controls\FluentWinUI3\dark\images\rangeslider-first-handle@3x.png
   Compressing: E:\markdown_viewer\dist\consumer-upgrade-1.31.0\MarkdownViewer\_internal\PySide6\qml\QtQuick\Controls\FluentWinUI3\dark\images\rangeslider-groove-disabled.png
   Compressing: E:\markdown_viewer\dist\consumer-upgrade-1.31.0\MarkdownViewer\_internal\PySide6\qml\QtQuick\Controls\FluentWinUI3\dark\images\rangeslider-groove-disabled@2x.png
   Compressing: E:\markdown_viewer\dist\consumer-upgrade-1.31.0\MarkdownViewer\_internal\PySide6\qml\QtQuick\Controls\FluentWinUI3\dark\images\rangeslider-groove-disabled@3x.png
   Compressing: E:\markdown_viewer\dist\consumer-upgrade-1.31.0\MarkdownViewer\_internal\PySide6\qml\QtQuick\Controls\FluentWinUI3\dark\images\rangeslider-groove-handle-pressed.png
   Compressing: E:\markdown_viewer\dist\consumer-upgrade-1.31.0\MarkdownViewer\_internal\PySide6\qml\QtQuick\Controls\FluentWinUI3\dark\images\rangeslider-groove-handle-pressed@2x.png
   Compressing: E:\markdown_viewer\dist\consumer-upgrade-1.31.0\MarkdownViewer\_internal\PySide6\qml\QtQuick\Controls\FluentWinUI3\dark\images\rangeslider-groove-handle-pressed@3x.png
   Compressing: E:\markdown_viewer\dist\consumer-upgrade-1.31.0\MarkdownViewer\_internal\PySide6\qml\QtQuick\Controls\FluentWinUI3\dark\images\rangeslider-groove-hovered.png
   Compressing: E:\markdown_viewer\dist\consumer-upgrade-1.31.0\MarkdownViewer\_internal\PySide6\qml\QtQuick\Controls\FluentWinUI3\dark\images\rangeslider-groove-hovered@2x.png
   Compressing: E:\markdown_viewer\dist\consumer-upgrade-1.31.0\MarkdownViewer\_internal\PySide6\qml\QtQuick\Controls\FluentWinUI3\dark\images\rangeslider-groove-hovered@3x.png
   Compressing: E:\markdown_viewer\dist\consumer-upgrade-1.31.0\MarkdownViewer\_internal\PySide6\qml\QtQuick\Controls\FluentWinUI3\dark\images\rangeslider-groove.png
   Compressing: E:\markdown_viewer\dist\consumer-upgrade-1.31.0\MarkdownViewer\_internal\PySide6\qml\QtQuick\Controls\FluentWinUI3\dark\images\rangeslider-groove@2x.png
   Compressing: E:\markdown_viewer\dist\consumer-upgrade-1.31.0\MarkdownViewer\_internal\PySide6\qml\QtQuick\Controls\FluentWinUI3\dark\images\rangeslider-groove@3x.png
   Compressing: E:\markdown_viewer\dist\consumer-upgrade-1.31.0\MarkdownViewer\_internal\PySide6\qml\QtQuick\Controls\FluentWinUI3\dark\images\rangeslider-second-handle-disabled.png
   Compressing: E:\markdown_viewer\dist\consumer-upgrade-1.31.0\MarkdownViewer\_internal\PySide6\qml\QtQuick\Controls\FluentWinUI3\dark\images\rangeslider-second-handle-disabled@2x.png
   Compressing: E:\markdown_viewer\dist\consumer-upgrade-1.31.0\MarkdownViewer\_internal\PySide6\qml\QtQuick\Controls\FluentWinUI3\dark\images\rangeslider-second-handle-disabled@3x.png
   Compressing: E:\markdown_viewer\dist\consumer-upgrade-1.31.0\MarkdownViewer\_internal\PySide6\qml\QtQuick\Controls\FluentWinUI3\dark\images\rangeslider-second-handle-handle-pressed.png
   Compressing: E:\markdown_viewer\dist\consumer-upgrade-1.31.0\MarkdownViewer\_internal\PySide6\qml\QtQuick\Controls\FluentWinUI3\dark\images\rangeslider-second-handle-handle-pressed@2x.png
   Compressing: E:\markdown_viewer\dist\consumer-upgrade-1.31.0\MarkdownViewer\_internal\PySide6\qml\QtQuick\Controls\FluentWinUI3\dark\images\rangeslider-second-handle-handle-pressed@3x.png
   Compressing: E:\markdown_viewer\dist\consumer-upgrade-1.31.0\MarkdownViewer\_internal\PySide6\qml\QtQuick\Controls\FluentWinUI3\dark\images\rangeslider-second-handle-hovered.png
   Compressing: E:\markdown_viewer\dist\consumer-upgrade-1.31.0\MarkdownViewer\_internal\PySide6\qml\QtQuick\Controls\FluentWinUI3\dark\images\rangeslider-second-handle-hovered@2x.png
   Compressing: E:\markdown_viewer\dist\consumer-upgrade-1.31.0\MarkdownViewer\_internal\PySide6\qml\QtQuick\Controls\FluentWinUI3\dark\images\rangeslider-second-handle-hovered@3x.png
   Compressing: E:\markdown_viewer\dist\consumer-upgrade-1.31.0\MarkdownViewer\_internal\PySide6\qml\QtQuick\Controls\FluentWinUI3\dark\images\rangeslider-second-handle.png
   Compressing: E:\markdown_viewer\dist\consumer-upgrade-1.31.0\MarkdownViewer\_internal\PySide6\qml\QtQuick\Controls\FluentWinUI3\dark\images\rangeslider-second-handle@2x.png
   Compressing: E:\markdown_viewer\dist\consumer-upgrade-1.31.0\MarkdownViewer\_internal\PySide6\qml\QtQuick\Controls\FluentWinUI3\dark\images\rangeslider-second-handle@3x.png
   Compressing: E:\markdown_viewer\dist\consumer-upgrade-1.31.0\MarkdownViewer\_internal\PySide6\qml\QtQuick\Controls\FluentWinUI3\dark\images\slider-groove-disabled.png
   Compressing: E:\markdown_viewer\dist\consumer-upgrade-1.31.0\MarkdownViewer\_internal\PySide6\qml\QtQuick\Controls\FluentWinUI3\dark\images\slider-groove-disabled@2x.png
   Compressing: E:\markdown_viewer\dist\consumer-upgrade-1.31.0\MarkdownViewer\_internal\PySide6\qml\QtQuick\Controls\FluentWinUI3\dark\images\slider-groove-disabled@3x.png
   Compressing: E:\markdown_viewer\dist\consumer-upgrade-1.31.0\MarkdownViewer\_internal\PySide6\qml\QtQuick\Controls\FluentWinUI3\dark\images\slider-groove-hovered.png
   Compressing: E:\markdown_viewer\dist\consumer-upgrade-1.31.0\MarkdownViewer\_internal\PySide6\qml\QtQuick\Controls\FluentWinUI3\dark\images\slider-groove-hovered@2x.png
   Compressing: E:\markdown_viewer\dist\consumer-upgrade-1.31.0\MarkdownViewer\_internal\PySide6\qml\QtQuick\Controls\FluentWinUI3\dark\images\slider-groove-hovered@3x.png
   Compressing: E:\markdown_viewer\dist\consumer-upgrade-1.31.0\MarkdownViewer\_internal\PySide6\qml\QtQuick\Controls\FluentWinUI3\dark\images\slider-groove-pressed.png
   Compressing: E:\markdown_viewer\dist\consumer-upgrade-1.31.0\MarkdownViewer\_internal\PySide6\qml\QtQuick\Controls\FluentWinUI3\dark\images\slider-groove-pressed@2x.png
   Compressing: E:\markdown_viewer\dist\consumer-upgrade-1.31.0\MarkdownViewer\_internal\PySide6\qml\QtQuick\Controls\FluentWinUI3\dark\images\slider-groove-pressed@3x.png
   Compressing: E:\markdown_viewer\dist\consumer-upgrade-1.31.0\MarkdownViewer\_internal\PySide6\qml\QtQuick\Controls\FluentWinUI3\dark\images\slider-groove.png
   Compressing: E:\markdown_viewer\dist\consumer-upgrade-1.31.0\MarkdownViewer\_internal\PySide6\qml\QtQuick\Controls\FluentWinUI3\dark\images\slider-groove@2x.png
   Compressing: E:\markdown_viewer\dist\consumer-upgrade-1.31.0\MarkdownViewer\_internal\PySide6\qml\QtQuick\Controls\FluentWinUI3\dark\images\slider-groove@3x.png
   Compressing: E:\markdown_viewer\dist\consumer-upgrade-1.31.0\MarkdownViewer\_internal\PySide6\qml\QtQuick\Controls\FluentWinUI3\dark\images\slider-handle-disabled.png
   Compressing: E:\markdown_viewer\dist\consumer-upgrade-1.31.0\MarkdownViewer\_internal\PySide6\qml\QtQuick\Controls\FluentWinUI3\dark\images\slider-handle-disabled@2x.png
   Compressing: E:\markdown_viewer\dist\consumer-upgrade-1.31.0\MarkdownViewer\_internal\PySide6\qml\QtQuick\Controls\FluentWinUI3\dark\images\slider-handle-disabled@3x.png
   Compressing: E:\markdown_viewer\dist\consumer-upgrade-1.31.0\MarkdownViewer\_internal\PySide6\qml\QtQuick\Controls\FluentWinUI3\dark\images\slider-handle-hovered.png
   Compressing: E:\markdown_viewer\dist\consumer-upgrade-1.31.0\MarkdownViewer\_internal\PySide6\qml\QtQuick\Controls\FluentWinUI3\dark\images\slider-handle-hovered@2x.png
   Compressing: E:\markdown_viewer\dist\consumer-upgrade-1.31.0\MarkdownViewer\_internal\PySide6\qml\QtQuick\Controls\FluentWinUI3\dark\images\slider-handle-hovered@3x.png
   Compressing: E:\markdown_viewer\dist\consumer-upgrade-1.31.0\MarkdownViewer\_internal\PySide6\qml\QtQuick\Controls\FluentWinUI3\dark\images\slider-handle-pressed.png
   Compressing: E:\markdown_viewer\dist\consumer-upgrade-1.31.0\MarkdownViewer\_internal\PySide6\qml\QtQuick\Controls\FluentWinUI3\dark\images\slider-handle-pressed@2x.png
   Compressing: E:\markdown_viewer\dist\consumer-upgrade-1.31.0\MarkdownViewer\_internal\PySide6\qml\QtQuick\Controls\FluentWinUI3\dark\images\slider-handle-pressed@3x.png
   Compressing: E:\markdown_viewer\dist\consumer-upgrade-1.31.0\MarkdownViewer\_internal\PySide6\qml\QtQuick\Controls\FluentWinUI3\dark\images\slider-handle.png
   Compressing: E:\markdown_viewer\dist\consumer-upgrade-1.31.0\MarkdownViewer\_internal\PySide6\qml\QtQuick\Controls\FluentWinUI3\dark\images\slider-handle@2x.png
   Compressing: E:\markdown_viewer\dist\consumer-upgrade-1.31.0\MarkdownViewer\_internal\PySide6\qml\QtQuick\Controls\FluentWinUI3\dark\images\slider-handle@3x.png
   Compressing: E:\markdown_viewer\dist\consumer-upgrade-1.31.0\MarkdownViewer\_internal\PySide6\qml\QtQuick\Controls\FluentWinUI3\dark\images\spinbox-background-atlimit.png
   Compressing: E:\markdown_viewer\dist\consumer-upgrade-1.31.0\MarkdownViewer\_internal\PySide6\qml\QtQuick\Controls\FluentWinUI3\dark\images\spinbox-background-atlimit@2x.png
   Compressing: E:\markdown_viewer\dist\consumer-upgrade-1.31.0\MarkdownViewer\_internal\PySide6\qml\QtQuick\Controls\FluentWinUI3\dark\images\spinbox-background-atlimit@3x.png
   Compressing: E:\markdown_viewer\dist\consumer-upgrade-1.31.0\MarkdownViewer\_internal\PySide6\qml\QtQuick\Controls\FluentWinUI3\dark\images\spinbox-background-disabled.png
   Compressing: E:\markdown_viewer\dist\consumer-upgrade-1.31.0\MarkdownViewer\_internal\PySide6\qml\QtQuick\Controls\FluentWinUI3\dark\images\spinbox-background-disabled@2x.png
   Compressing: E:\markdown_viewer\dist\consumer-upgrade-1.31.0\MarkdownViewer\_internal\PySide6\qml\QtQuick\Controls\FluentWinUI3\dark\images\spinbox-background-disabled@3x.png
   Compressing: E:\markdown_viewer\dist\consumer-upgrade-1.31.0\MarkdownViewer\_internal\PySide6\qml\QtQuick\Controls\FluentWinUI3\dark\images\spinbox-background-down-hovered.png
   Compressing: E:\markdown_viewer\dist\consumer-upgrade-1.31.0\MarkdownViewer\_internal\PySide6\qml\QtQuick\Controls\FluentWinUI3\dark\images\spinbox-background-down-hovered@2x.png
   Compressing: E:\markdown_viewer\dist\consumer-upgrade-1.31.0\MarkdownViewer\_internal\PySide6\qml\QtQuick\Controls\FluentWinUI3\dark\images\spinbox-background-down-hovered@3x.png
   Compressing: E:\markdown_viewer\dist\consumer-upgrade-1.31.0\MarkdownViewer\_internal\PySide6\qml\QtQuick\Controls\FluentWinUI3\dark\images\spinbox-background-down-pressed.png
   Compressing: E:\markdown_viewer\dist\consumer-upgrade-1.31.0\MarkdownViewer\_internal\PySide6\qml\QtQuick\Controls\FluentWinUI3\dark\images\spinbox-background-down-pressed@2x.png
   Compressing: E:\markdown_viewer\dist\consumer-upgrade-1.31.0\MarkdownViewer\_internal\PySide6\qml\QtQuick\Controls\FluentWinUI3\dark\images\spinbox-background-down-pressed@3x.png
   Compressing: E:\markdown_viewer\dist\consumer-upgrade-1.31.0\MarkdownViewer\_internal\PySide6\qml\QtQuick\Controls\FluentWinUI3\dark\images\spinbox-background-hovered.png
   Compressing: E:\markdown_viewer\dist\consumer-upgrade-1.31.0\MarkdownViewer\_internal\PySide6\qml\QtQuick\Controls\FluentWinUI3\dark\images\spinbox-background-hovered@2x.png
   Compressing: E:\markdown_viewer\dist\consumer-upgrade-1.31.0\MarkdownViewer\_internal\PySide6\qml\QtQuick\Controls\FluentWinUI3\dark\images\spinbox-background-hovered@3x.png
   Compressing: E:\markdown_viewer\dist\consumer-upgrade-1.31.0\MarkdownViewer\_internal\PySide6\qml\QtQuick\Controls\FluentWinUI3\dark\images\spinbox-background-up-hovered.png
   Compressing: E:\markdown_viewer\dist\consumer-upgrade-1.31.0\MarkdownViewer\_internal\PySide6\qml\QtQuick\Controls\FluentWinUI3\dark\images\spinbox-background-up-hovered@2x.png
   Compressing: E:\markdown_viewer\dist\consumer-upgrade-1.31.0\MarkdownViewer\_internal\PySide6\qml\QtQuick\Controls\FluentWinUI3\dark\images\spinbox-background-up-hovered@3x.png
   Compressing: E:\markdown_viewer\dist\consumer-upgrade-1.31.0\MarkdownViewer\_internal\PySide6\qml\QtQuick\Controls\FluentWinUI3\dark\images\spinbox-background-up-pressed.png
   Compressing: E:\markdown_viewer\dist\consumer-upgrade-1.31.0\MarkdownViewer\_internal\PySide6\qml\QtQuick\Controls\FluentWinUI3\dark\images\spinbox-background-up-pressed@2x.png
   Compressing: E:\markdown_viewer\dist\consumer-upgrade-1.31.0\MarkdownViewer\_internal\PySide6\qml\QtQuick\Controls\FluentWinUI3\dark\images\spinbox-background-up-pressed@3x.png
   Compressing: E:\markdown_viewer\dist\consumer-upgrade-1.31.0\MarkdownViewer\_internal\PySide6\qml\QtQuick\Controls\FluentWinUI3\dark\images\spinbox-background.png
   Compressing: E:\markdown_viewer\dist\consumer-upgrade-1.31.0\MarkdownViewer\_internal\PySide6\qml\QtQuick\Controls\FluentWinUI3\dark\images\spinbox-background@2x.png
   Compressing: E:\markdown_viewer\dist\consumer-upgrade-1.31.0\MarkdownViewer\_internal\PySide6\qml\QtQuick\Controls\FluentWinUI3\dark\images\spinbox-background@3x.png
   Compressing: E:\markdown_viewer\dist\consumer-upgrade-1.31.0\MarkdownViewer\_internal\PySide6\qml\QtQuick\Controls\FluentWinUI3\dark\images\spinbox-indicator-down-background-atlimit.png
   Compressing: E:\markdown_viewer\dist\consumer-upgrade-1.31.0\MarkdownViewer\_internal\PySide6\qml\QtQuick\Controls\FluentWinUI3\dark\images\spinbox-indicator-down-background-atlimit@2x.png
   Compressing: E:\markdown_viewer\dist\consumer-upgrade-1.31.0\MarkdownViewer\_internal\PySide6\qml\QtQuick\Controls\FluentWinUI3\dark\images\spinbox-indicator-down-background-atlimit@3x.png
   Compressing: E:\markdown_viewer\dist\consumer-upgrade-1.31.0\MarkdownViewer\_internal\PySide6\qml\QtQuick\Controls\FluentWinUI3\dark\images\spinbox-indicator-down-background-disabled.png
   Compressing: E:\markdown_viewer\dist\consumer-upgrade-1.31.0\MarkdownViewer\_internal\PySide6\qml\QtQuick\Controls\FluentWinUI3\dark\images\spinbox-indicator-down-background-disabled@2x.png
   Compressing: E:\markdown_viewer\dist\consumer-upgrade-1.31.0\MarkdownViewer\_internal\PySide6\qml\QtQuick\Controls\FluentWinUI3\dark\images\spinbox-indicator-down-background-disabled@3x.png
   Compressing: E:\markdown_viewer\dist\consumer-upgrade-1.31.0\MarkdownViewer\_internal\PySide6\qml\QtQuick\Controls\FluentWinUI3\dark\images\spinbox-indicator-down-background-down-hovered.png
   Compressing: E:\markdown_viewer\dist\consumer-upgrade-1.31.0\MarkdownViewer\_internal\PySide6\qml\QtQuick\Controls\FluentWinUI3\dark\images\spinbox-indicator-down-background-down-hovered@2x.png
   Compressing: E:\markdown_viewer\dist\consumer-upgrade-1.31.0\MarkdownViewer\_internal\PySide6\qml\QtQuick\Controls\FluentWinUI3\dark\images\spinbox-indicator-down-background-down-hovered@3x.png
   Compressing: E:\markdown_viewer\dist\consumer-upgrade-1.31.0\MarkdownViewer\_internal\PySide6\qml\QtQuick\Controls\FluentWinUI3\dark\images\spinbox-indicator-down-background-down-pressed.png
   Compressing: E:\markdown_viewer\dist\consumer-upgrade-1.31.0\MarkdownViewer\_internal\PySide6\qml\QtQuick\Controls\FluentWinUI3\dark\images\spinbox-indicator-down-background-down-pressed@2x.png
   Compressing: E:\markdown_viewer\dist\consumer-upgrade-1.31.0\MarkdownViewer\_internal\PySide6\qml\QtQuick\Controls\FluentWinUI3\dark\images\spinbox-indicator-down-background-down-pressed@3x.png
   Compressing: E:\markdown_viewer\dist\consumer-upgrade-1.31.0\MarkdownViewer\_internal\PySide6\qml\QtQuick\Controls\FluentWinUI3\dark\images\spinbox-indicator-down-background-hovered.png
   Compressing: E:\markdown_viewer\dist\consumer-upgrade-1.31.0\MarkdownViewer\_internal\PySide6\qml\QtQuick\Controls\FluentWinUI3\dark\images\spinbox-indicator-down-background-hovered@2x.png
   Compressing: E:\markdown_viewer\dist\consumer-upgrade-1.31.0\MarkdownViewer\_internal\PySide6\qml\QtQuick\Controls\FluentWinUI3\dark\images\spinbox-indicator-down-background-hovered@3x.png
   Compressing: E:\markdown_viewer\dist\consumer-upgrade-1.31.0\MarkdownViewer\_internal\PySide6\qml\QtQuick\Controls\FluentWinUI3\dark\images\spinbox-indicator-down-background-up-hovered.png
   Compressing: E:\markdown_viewer\dist\consumer-upgrade-1.31.0\MarkdownViewer\_internal\PySide6\qml\QtQuick\Controls\FluentWinUI3\dark\images\spinbox-indicator-down-background-up-hovered@2x.png
   Compressing: E:\markdown_viewer\dist\consumer-upgrade-1.31.0\MarkdownViewer\_internal\PySide6\qml\QtQuick\Controls\FluentWinUI3\dark\images\spinbox-indicator-down-background-up-hovered@3x.png
   Compressing: E:\markdown_viewer\dist\consumer-upgrade-1.31.0\MarkdownViewer\_internal\PySide6\qml\QtQuick\Controls\FluentWinUI3\dark\images\spinbox-indicator-down-background-up-pressed.png
   Compressing: E:\markdown_viewer\dist\consumer-upgrade-1.31.0\MarkdownViewer\_internal\PySide6\qml\QtQuick\Controls\FluentWinUI3\dark\images\spinbox-indicator-down-background-up-pressed@2x.png
   Compressing: E:\markdown_viewer\dist\consumer-upgrade-1.31.0\MarkdownViewer\_internal\PySide6\qml\QtQuick\Controls\FluentWinUI3\dark\images\spinbox-indicator-down-background-up-pressed@3x.png
   Compressing: E:\markdown_viewer\dist\consumer-upgrade-1.31.0\MarkdownViewer\_internal\PySide6\qml\QtQuick\Controls\FluentWinUI3\dark\images\spinbox-indicator-down-background.png
   Compressing: E:\markdown_viewer\dist\consumer-upgrade-1.31.0\MarkdownViewer\_internal\PySide6\qml\QtQuick\Controls\FluentWinUI3\dark\images\spinbox-indicator-down-background@2x.png
   Compressing: E:\markdown_viewer\dist\consumer-upgrade-1.31.0\MarkdownViewer\_internal\PySide6\qml\QtQuick\Controls\FluentWinUI3\dark\images\spinbox-indicator-down-background@3x.png
   Compressing: E:\markdown_viewer\dist\consumer-upgrade-1.31.0\MarkdownViewer\_internal\PySide6\qml\QtQuick\Controls\FluentWinUI3\dark\images\spinbox-indicator-down-icon-atlimit.png
   Compressing: E:\markdown_viewer\dist\consumer-upgrade-1.31.0\MarkdownViewer\_internal\PySide6\qml\QtQuick\Controls\FluentWinUI3\dark\images\spinbox-indicator-down-icon-atlimit@2x.png
   Compressing: E:\markdown_viewer\dist\consumer-upgrade-1.31.0\MarkdownViewer\_internal\PySide6\qml\QtQuick\Controls\FluentWinUI3\dark\images\spinbox-indicator-down-icon-atlimit@3x.png
   Compressing: E:\markdown_viewer\dist\consumer-upgrade-1.31.0\MarkdownViewer\_internal\PySide6\qml\QtQuick\Controls\FluentWinUI3\dark\images\spinbox-indicator-down-icon-disabled.png
   Compressing: E:\markdown_viewer\dist\consumer-upgrade-1.31.0\MarkdownViewer\_internal\PySide6\qml\QtQuick\Controls\FluentWinUI3\dark\images\spinbox-indicator-down-icon-disabled@2x.png
   Compressing: E:\markdown_viewer\dist\consumer-upgrade-1.31.0\MarkdownViewer\_internal\PySide6\qml\QtQuick\Controls\FluentWinUI3\dark\images\spinbox-indicator-down-icon-disabled@3x.png
   Compressing: E:\markdown_viewer\dist\consumer-upgrade-1.31.0\MarkdownViewer\_internal\PySide6\qml\QtQuick\Controls\FluentWinUI3\dark\images\spinbox-indicator-down-icon-down-hovered.png
   Compressing: E:\markdown_viewer\dist\consumer-upgrade-1.31.0\MarkdownViewer\_internal\PySide6\qml\QtQuick\Controls\FluentWinUI3\dark\images\spinbox-indicator-down-icon-down-hovered@2x.png
   Compressing: E:\markdown_viewer\dist\consumer-upgrade-1.31.0\MarkdownViewer\_internal\PySide6\qml\QtQuick\Controls\FluentWinUI3\dark\images\spinbox-indicator-down-icon-down-hovered@3x.png
   Compressing: E:\markdown_viewer\dist\consumer-upgrade-1.31.0\MarkdownViewer\_internal\PySide6\qml\QtQuick\Controls\FluentWinUI3\dark\images\spinbox-indicator-down-icon-down-pressed.png
   Compressing: E:\markdown_viewer\dist\consumer-upgrade-1.31.0\MarkdownViewer\_internal\PySide6\qml\QtQuick\Controls\FluentWinUI3\dark\images\spinbox-indicator-down-icon-down-pressed@2x.png
   Compressing: E:\markdown_viewer\dist\consumer-upgrade-1.31.0\MarkdownViewer\_internal\PySide6\qml\QtQuick\Controls\FluentWinUI3\dark\images\spinbox-indicator-down-icon-down-pressed@3x.png
   Compressing: E:\markdown_viewer\dist\consumer-upgrade-1.31.0\MarkdownViewer\_internal\PySide6\qml\QtQuick\Controls\FluentWinUI3\dark\images\spinbox-indicator-down-icon-hovered.png
   Compressing: E:\markdown_viewer\dist\consumer-upgrade-1.31.0\MarkdownViewer\_internal\PySide6\qml\QtQuick\Controls\FluentWinUI3\dark\images\spinbox-indicator-down-icon-hovered@2x.png
   Compressing: E:\markdown_viewer\dist\consumer-upgrade-1.31.0\MarkdownViewer\_internal\PySide6\qml\QtQuick\Controls\FluentWinUI3\dark\images\spinbox-indicator-down-icon-hovered@3x.png
   Compressing: E:\markdown_viewer\dist\consumer-upgrade-1.31.0\MarkdownViewer\_internal\PySide6\qml\QtQuick\Controls\FluentWinUI3\dark\images\spinbox-indicator-down-icon-up-hovered.png
   Compressing: E:\markdown_viewer\dist\consumer-upgrade-1.31.0\MarkdownViewer\_internal\PySide6\qml\QtQuick\Controls\FluentWinUI3\dark\images\spinbox-indicator-down-icon-up-hovered@2x.png
   Compressing: E:\markdown_viewer\dist\consumer-upgrade-1.31.0\MarkdownViewer\_internal\PySide6\qml\QtQuick\Controls\FluentWinUI3\dark\images\spinbox-indicator-down-icon-up-hovered@3x.png
   Compressing: E:\markdown_viewer\dist\consumer-upgrade-1.31.0\MarkdownViewer\_internal\PySide6\qml\QtQuick\Controls\FluentWinUI3\dark\images\spinbox-indicator-down-icon-up-pressed.png
   Compressing: E:\markdown_viewer\dist\consumer-upgrade-1.31.0\MarkdownViewer\_internal\PySide6\qml\QtQuick\Controls\FluentWinUI3\dark\images\spinbox-indicator-down-icon-up-pressed@2x.png
   Compressing: E:\markdown_viewer\dist\consumer-upgrade-1.31.0\MarkdownViewer\_internal\PySide6\qml\QtQuick\Controls\FluentWinUI3\dark\images\spinbox-indicator-down-icon-up-pressed@3x.png
   Compressing: E:\markdown_viewer\dist\consumer-upgrade-1.31.0\MarkdownViewer\_internal\PySide6\qml\QtQuick\Controls\FluentWinUI3\dark\images\spinbox-indicator-down-icon.png
   Compressing: E:\markdown_viewer\dist\consumer-upgrade-1.31.0\MarkdownViewer\_internal\PySide6\qml\QtQuick\Controls\FluentWinUI3\dark\images\spinbox-indicator-down-icon@2x.png
   Compressing: E:\markdown_viewer\dist\consumer-upgrade-1.31.0\MarkdownViewer\_internal\PySide6\qml\QtQuick\Controls\FluentWinUI3\dark\images\spinbox-indicator-down-icon@3x.png
   Compressing: E:\markdown_viewer\dist\consumer-upgrade-1.31.0\MarkdownViewer\_internal\PySide6\qml\QtQuick\Controls\FluentWinUI3\dark\images\spinbox-indicator-up-background-atlimit.png
   Compressing: E:\markdown_viewer\dist\consumer-upgrade-1.31.0\MarkdownViewer\_internal\PySide6\qml\QtQuick\Controls\FluentWinUI3\dark\images\spinbox-indicator-up-background-atlimit@2x.png
   Compressing: E:\markdown_viewer\dist\consumer-upgrade-1.31.0\MarkdownViewer\_internal\PySide6\qml\QtQuick\Controls\FluentWinUI3\dark\images\spinbox-indicator-up-background-atlimit@3x.png
   Compressing: E:\markdown_viewer\dist\consumer-upgrade-1.31.0\MarkdownViewer\_internal\PySide6\qml\QtQuick\Controls\FluentWinUI3\dark\images\spinbox-indicator-up-background-disabled.png
   Compressing: E:\markdown_viewer\dist\consumer-upgrade-1.31.0\MarkdownViewer\_internal\PySide6\qml\QtQuick\Controls\FluentWinUI3\dark\images\spinbox-indicator-up-background-disabled@2x.png
   Compressing: E:\markdown_viewer\dist\consumer-upgrade-1.31.0\MarkdownViewer\_internal\PySide6\qml\QtQuick\Controls\FluentWinUI3\dark\images\spinbox-indicator-up-background-disabled@3x.png
   Compressing: E:\markdown_viewer\dist\consumer-upgrade-1.31.0\MarkdownViewer\_internal\PySide6\qml\QtQuick\Controls\FluentWinUI3\dark\images\spinbox-indicator-up-background-down-hovered.png
   Compressing: E:\markdown_viewer\dist\consumer-upgrade-1.31.0\MarkdownViewer\_internal\PySide6\qml\QtQuick\Controls\FluentWinUI3\dark\images\spinbox-indicator-up-background-down-hovered@2x.png
   Compressing: E:\markdown_viewer\dist\consumer-upgrade-1.31.0\MarkdownViewer\_internal\PySide6\qml\QtQuick\Controls\FluentWinUI3\dark\images\spinbox-indicator-up-background-down-hovered@3x.png
   Compressing: E:\markdown_viewer\dist\consumer-upgrade-1.31.0\MarkdownViewer\_internal\PySide6\qml\QtQuick\Controls\FluentWinUI3\dark\images\spinbox-indicator-up-background-down-pressed.png
   Compressing: E:\markdown_viewer\dist\consumer-upgrade-1.31.0\MarkdownViewer\_internal\PySide6\qml\QtQuick\Controls\FluentWinUI3\dark\images\spinbox-indicator-up-background-down-pressed@2x.png
   Compressing: E:\markdown_viewer\dist\consumer-upgrade-1.31.0\MarkdownViewer\_internal\PySide6\qml\QtQuick\Controls\FluentWinUI3\dark\images\spinbox-indicator-up-background-down-pressed@3x.png
   Compressing: E:\markdown_viewer\dist\consumer-upgrade-1.31.0\MarkdownViewer\_internal\PySide6\qml\QtQuick\Controls\FluentWinUI3\dark\images\spinbox-indicator-up-background-hovered.png
   Compressing: E:\markdown_viewer\dist\consumer-upgrade-1.31.0\MarkdownViewer\_internal\PySide6\qml\QtQuick\Controls\FluentWinUI3\dark\images\spinbox-indicator-up-background-hovered@2x.png
   Compressing: E:\markdown_viewer\dist\consumer-upgrade-1.31.0\MarkdownViewer\_internal\PySide6\qml\QtQuick\Controls\FluentWinUI3\dark\images\spinbox-indicator-up-background-hovered@3x.png
   Compressing: E:\markdown_viewer\dist\consumer-upgrade-1.31.0\MarkdownViewer\_internal\PySide6\qml\QtQuick\Controls\FluentWinUI3\dark\images\spinbox-indicator-up-background-up-hovered.png
   Compressing: E:\markdown_viewer\dist\consumer-upgrade-1.31.0\MarkdownViewer\_internal\PySide6\qml\QtQuick\Controls\FluentWinUI3\dark\images\spinbox-indicator-up-background-up-hovered@2x.png
   Compressing: E:\markdown_viewer\dist\consumer-upgrade-1.31.0\MarkdownViewer\_internal\PySide6\qml\QtQuick\Controls\FluentWinUI3\dark\images\spinbox-indicator-up-background-up-hovered@3x.png
   Compressing: E:\markdown_viewer\dist\consumer-upgrade-1.31.0\MarkdownViewer\_internal\PySide6\qml\QtQuick\Controls\FluentWinUI3\dark\images\spinbox-indicator-up-background-up-pressed.png
   Compressing: E:\markdown_viewer\dist\consumer-upgrade-1.31.0\MarkdownViewer\_internal\PySide6\qml\QtQuick\Controls\FluentWinUI3\dark\images\spinbox-indicator-up-background-up-pressed@2x.png
   Compressing: E:\markdown_viewer\dist\consumer-upgrade-1.31.0\MarkdownViewer\_internal\PySide6\qml\QtQuick\Controls\FluentWinUI3\dark\images\spinbox-indicator-up-background-up-pressed@3x.png
   Compressing: E:\markdown_viewer\dist\consumer-upgrade-1.31.0\MarkdownViewer\_internal\PySide6\qml\QtQuick\Controls\FluentWinUI3\dark\images\spinbox-indicator-up-background.png
   Compressing: E:\markdown_viewer\dist\consumer-upgrade-1.31.0\MarkdownViewer\_internal\PySide6\qml\QtQuick\Controls\FluentWinUI3\dark\images\spinbox-indicator-up-background@2x.png
   Compressing: E:\markdown_viewer\dist\consumer-upgrade-1.31.0\MarkdownViewer\_internal\PySide6\qml\QtQuick\Controls\FluentWinUI3\dark\images\spinbox-indicator-up-background@3x.png
   Compressing: E:\markdown_viewer\dist\consumer-upgrade-1.31.0\MarkdownViewer\_internal\PySide6\qml\QtQuick\Controls\FluentWinUI3\dark\images\spinbox-indicator-up-icon-atlimit.png
   Compressing: E:\markdown_viewer\dist\consumer-upgrade-1.31.0\MarkdownViewer\_internal\PySide6\qml\QtQuick\Controls\FluentWinUI3\dark\images\spinbox-indicator-up-icon-atlimit@2x.png
   Compressing: E:\markdown_viewer\dist\consumer-upgrade-1.31.0\MarkdownViewer\_internal\PySide6\qml\QtQuick\Controls\FluentWinUI3\dark\images\spinbox-indicator-up-icon-atlimit@3x.png
   Compressing: E:\markdown_viewer\dist\consumer-upgrade-1.31.0\MarkdownViewer\_internal\PySide6\qml\QtQuick\Controls\FluentWinUI3\dark\images\spinbox-indicator-up-icon-disabled.png
   Compressing: E:\markdown_viewer\dist\consumer-upgrade-1.31.0\MarkdownViewer\_internal\PySide6\qml\QtQuick\Controls\FluentWinUI3\dark\images\spinbox-indicator-up-icon-disabled@2x.png
   Compressing: E:\markdown_viewer\dist\consumer-upgrade-1.31.0\MarkdownViewer\_internal\PySide6\qml\QtQuick\Controls\FluentWinUI3\dark\images\spinbox-indicator-up-icon-disabled@3x.png
   Compressing: E:\markdown_viewer\dist\consumer-upgrade-1.31.0\MarkdownViewer\_internal\PySide6\qml\QtQuick\Controls\FluentWinUI3\dark\images\spinbox-indicator-up-icon-down-hovered.png
   Compressing: E:\markdown_viewer\dist\consumer-upgrade-1.31.0\MarkdownViewer\_internal\PySide6\qml\QtQuick\Controls\FluentWinUI3\dark\images\spinbox-indicator-up-icon-down-hovered@2x.png
   Compressing: E:\markdown_viewer\dist\consumer-upgrade-1.31.0\MarkdownViewer\_internal\PySide6\qml\QtQuick\Controls\FluentWinUI3\dark\images\spinbox-indicator-up-icon-down-hovered@3x.png
   Compressing: E:\markdown_viewer\dist\consumer-upgrade-1.31.0\MarkdownViewer\_internal\PySide6\qml\QtQuick\Controls\FluentWinUI3\dark\images\spinbox-indicator-up-icon-down-pressed.png
   Compressing: E:\markdown_viewer\dist\consumer-upgrade-1.31.0\MarkdownViewer\_internal\PySide6\qml\QtQuick\Controls\FluentWinUI3\dark\images\spinbox-indicator-up-icon-down-pressed@2x.png
   Compressing: E:\markdown_viewer\dist\consumer-upgrade-1.31.0\MarkdownViewer\_internal\PySide6\qml\QtQuick\Controls\FluentWinUI3\dark\images\spinbox-indicator-up-icon-down-pressed@3x.png
   Compressing: E:\markdown_viewer\dist\consumer-upgrade-1.31.0\MarkdownViewer\_internal\PySide6\qml\QtQuick\Controls\FluentWinUI3\dark\images\spinbox-indicator-up-icon-hovered.png
   Compressing: E:\markdown_viewer\dist\consumer-upgrade-1.31.0\MarkdownViewer\_internal\PySide6\qml\QtQuick\Controls\FluentWinUI3\dark\images\spinbox-indicator-up-icon-hovered@2x.png
   Compressing: E:\markdown_viewer\dist\consumer-upgrade-1.31.0\MarkdownViewer\_internal\PySide6\qml\QtQuick\Controls\FluentWinUI3\dark\images\spinbox-indicator-up-icon-hovered@3x.png
   Compressing: E:\markdown_viewer\dist\consumer-upgrade-1.31.0\MarkdownViewer\_internal\PySide6\qml\QtQuick\Controls\FluentWinUI3\dark\images\spinbox-indicator-up-icon-up-hovered.png
   Compressing: E:\markdown_viewer\dist\consumer-upgrade-1.31.0\MarkdownViewer\_internal\PySide6\qml\QtQuick\Controls\FluentWinUI3\dark\images\spinbox-indicator-up-icon-up-hovered@2x.png
   Compressing: E:\markdown_viewer\dist\consumer-upgrade-1.31.0\MarkdownViewer\_internal\PySide6\qml\QtQuick\Controls\FluentWinUI3\dark\images\spinbox-indicator-up-icon-up-hovered@3x.png
   Compressing: E:\markdown_viewer\dist\consumer-upgrade-1.31.0\MarkdownViewer\_internal\PySide6\qml\QtQuick\Controls\FluentWinUI3\dark\images\spinbox-indicator-up-icon-up-pressed.png
   Compressing: E:\markdown_viewer\dist\consumer-upgrade-1.31.0\MarkdownViewer\_internal\PySide6\qml\QtQuick\Controls\FluentWinUI3\dark\images\spinbox-indicator-up-icon-up-pressed@2x.png
   Compressing: E:\markdown_viewer\dist\consumer-upgrade-1.31.0\MarkdownViewer\_internal\PySide6\qml\QtQuick\Controls\FluentWinUI3\dark\images\spinbox-indicator-up-icon-up-pressed@3x.png
   Compressing: E:\markdown_viewer\dist\consumer-upgrade-1.31.0\MarkdownViewer\_internal\PySide6\qml\QtQuick\Controls\FluentWinUI3\dark\images\spinbox-indicator-up-icon.png
   Compressing: E:\markdown_viewer\dist\consumer-upgrade-1.31.0\MarkdownViewer\_internal\PySide6\qml\QtQuick\Controls\FluentWinUI3\dark\images\spinbox-indicator-up-icon@2x.png
   Compressing: E:\markdown_viewer\dist\consumer-upgrade-1.31.0\MarkdownViewer\_internal\PySide6\qml\QtQuick\Controls\FluentWinUI3\dark\images\spinbox-indicator-up-icon@3x.png
   Compressing: E:\markdown_viewer\dist\consumer-upgrade-1.31.0\MarkdownViewer\_internal\PySide6\qml\QtQuick\Controls\FluentWinUI3\dark\images\textarea-background-disabled.png
   Compressing: E:\markdown_viewer\dist\consumer-upgrade-1.31.0\MarkdownViewer\_internal\PySide6\qml\QtQuick\Controls\FluentWinUI3\dark\images\textarea-background-disabled@2x.png
   Compressing: E:\markdown_viewer\dist\consumer-upgrade-1.31.0\MarkdownViewer\_internal\PySide6\qml\QtQuick\Controls\FluentWinUI3\dark\images\textarea-background-disabled@3x.png
   Compressing: E:\markdown_viewer\dist\consumer-upgrade-1.31.0\MarkdownViewer\_internal\PySide6\qml\QtQuick\Controls\FluentWinUI3\dark\images\textarea-background-focused.png
   Compressing: E:\markdown_viewer\dist\consumer-upgrade-1.31.0\MarkdownViewer\_internal\PySide6\qml\QtQuick\Controls\FluentWinUI3\dark\images\textarea-background-focused@2x.png
   Compressing: E:\markdown_viewer\dist\consumer-upgrade-1.31.0\MarkdownViewer\_internal\PySide6\qml\QtQuick\Controls\FluentWinUI3\dark\images\textarea-background-focused@3x.png
   Compressing: E:\markdown_viewer\dist\consumer-upgrade-1.31.0\MarkdownViewer\_internal\PySide6\qml\QtQuick\Controls\FluentWinUI3\dark\images\textarea-background-hovered.png
   Compressing: E:\markdown_viewer\dist\consumer-upgrade-1.31.0\MarkdownViewer\_internal\PySide6\qml\QtQuick\Controls\FluentWinUI3\dark\images\textarea-background-hovered@2x.png
   Compressing: E:\markdown_viewer\dist\consumer-upgrade-1.31.0\MarkdownViewer\_internal\PySide6\qml\QtQuick\Controls\FluentWinUI3\dark\images\textarea-background-hovered@3x.png
   Compressing: E:\markdown_viewer\dist\consumer-upgrade-1.31.0\MarkdownViewer\_internal\PySide6\qml\QtQuick\Controls\FluentWinUI3\dark\images\textarea-background.png
   Compressing: E:\markdown_viewer\dist\consumer-upgrade-1.31.0\MarkdownViewer\_internal\PySide6\qml\QtQuick\Controls\FluentWinUI3\dark\images\textarea-background@2x.png
   Compressing: E:\markdown_viewer\dist\consumer-upgrade-1.31.0\MarkdownViewer\_internal\PySide6\qml\QtQuick\Controls\FluentWinUI3\dark\images\textarea-background@3x.png
   Compressing: E:\markdown_viewer\dist\consumer-upgrade-1.31.0\MarkdownViewer\_internal\PySide6\qml\QtQuick\Controls\FluentWinUI3\dark\images\textfield-background-disabled.png
   Compressing: E:\markdown_viewer\dist\consumer-upgrade-1.31.0\MarkdownViewer\_internal\PySide6\qml\QtQuick\Controls\FluentWinUI3\dark\images\textfield-background-disabled@2x.png
   Compressing: E:\markdown_viewer\dist\consumer-upgrade-1.31.0\MarkdownViewer\_internal\PySide6\qml\QtQuick\Controls\FluentWinUI3\dark\images\textfield-background-disabled@3x.png
   Compressing: E:\markdown_viewer\dist\consumer-upgrade-1.31.0\MarkdownViewer\_internal\PySide6\qml\QtQuick\Controls\FluentWinUI3\dark\images\textfield-background-focused.png
   Compressing: E:\markdown_viewer\dist\consumer-upgrade-1.31.0\MarkdownViewer\_internal\PySide6\qml\QtQuick\Controls\FluentWinUI3\dark\images\textfield-background-focused@2x.png
   Compressing: E:\markdown_viewer\dist\consumer-upgrade-1.31.0\MarkdownViewer\_internal\PySide6\qml\QtQuick\Controls\FluentWinUI3\dark\images\textfield-background-focused@3x.png
   Compressing: E:\markdown_viewer\dist\consumer-upgrade-1.31.0\MarkdownViewer\_internal\PySide6\qml\QtQuick\Controls\FluentWinUI3\dark\images\textfield-background-hovered.png
   Compressing: E:\markdown_viewer\dist\consumer-upgrade-1.31.0\MarkdownViewer\_internal\PySide6\qml\QtQuick\Controls\FluentWinUI3\dark\images\textfield-background-hovered@2x.png
   Compressing: E:\markdown_viewer\dist\consumer-upgrade-1.31.0\MarkdownViewer\_internal\PySide6\qml\QtQuick\Controls\FluentWinUI3\dark\images\textfield-background-hovered@3x.png
   Compressing: E:\markdown_viewer\dist\consumer-upgrade-1.31.0\MarkdownViewer\_internal\PySide6\qml\QtQuick\Controls\FluentWinUI3\dark\images\textfield-background.png
   Compressing: E:\markdown_viewer\dist\consumer-upgrade-1.31.0\MarkdownViewer\_internal\PySide6\qml\QtQuick\Controls\FluentWinUI3\dark\images\textfield-background@2x.png
   Compressing: E:\markdown_viewer\dist\consumer-upgrade-1.31.0\MarkdownViewer\_internal\PySide6\qml\QtQuick\Controls\FluentWinUI3\dark\images\textfield-background@3x.png
   Compressing: E:\markdown_viewer\dist\consumer-upgrade-1.31.0\MarkdownViewer\_internal\PySide6\qml\QtQuick\Controls\FluentWinUI3\icons\checkmark.png
   Compressing: E:\markdown_viewer\dist\consumer-upgrade-1.31.0\MarkdownViewer\_internal\PySide6\qml\QtQuick\Controls\FluentWinUI3\icons\checkmark@2x.png
   Compressing: E:\markdown_viewer\dist\consumer-upgrade-1.31.0\MarkdownViewer\_internal\PySide6\qml\QtQuick\Controls\FluentWinUI3\icons\checkmark@3x.png
   Compressing: E:\markdown_viewer\dist\consumer-upgrade-1.31.0\MarkdownViewer\_internal\PySide6\qml\QtQuick\Controls\FluentWinUI3\icons\close_big.png
   Compressing: E:\markdown_viewer\dist\consumer-upgrade-1.31.0\MarkdownViewer\_internal\PySide6\qml\QtQuick\Controls\FluentWinUI3\icons\close_big@2x.png
   Compressing: E:\markdown_viewer\dist\consumer-upgrade-1.31.0\MarkdownViewer\_internal\PySide6\qml\QtQuick\Controls\FluentWinUI3\icons\close_big@3x.png
   Compressing: E:\markdown_viewer\dist\consumer-upgrade-1.31.0\MarkdownViewer\_internal\PySide6\qml\QtQuick\Controls\FluentWinUI3\icons\menuarrow.png
   Compressing: E:\markdown_viewer\dist\consumer-upgrade-1.31.0\MarkdownViewer\_internal\PySide6\qml\QtQuick\Controls\FluentWinUI3\icons\menuarrow@2x.png
   Compressing: E:\markdown_viewer\dist\consumer-upgrade-1.31.0\MarkdownViewer\_internal\PySide6\qml\QtQuick\Controls\FluentWinUI3\icons\menuarrow@3x.png
   Compressing: E:\markdown_viewer\dist\consumer-upgrade-1.31.0\MarkdownViewer\_internal\PySide6\qml\QtQuick\Controls\FluentWinUI3\icons\search-magnifier.png
   Compressing: E:\markdown_viewer\dist\consumer-upgrade-1.31.0\MarkdownViewer\_internal\PySide6\qml\QtQuick\Controls\FluentWinUI3\icons\search-magnifier@2x.png
   Compressing: E:\markdown_viewer\dist\consumer-upgrade-1.31.0\MarkdownViewer\_internal\PySide6\qml\QtQuick\Controls\FluentWinUI3\icons\search-magnifier@3x.png
   Compressing: E:\markdown_viewer\dist\consumer-upgrade-1.31.0\MarkdownViewer\_internal\PySide6\qml\QtQuick\Controls\FluentWinUI3\impl\ButtonBackground.qml
   Compressing: E:\markdown_viewer\dist\consumer-upgrade-1.31.0\MarkdownViewer\_internal\PySide6\qml\QtQuick\Controls\FluentWinUI3\impl\CheckIndicator.qml
   Compressing: E:\markdown_viewer\dist\consumer-upgrade-1.31.0\MarkdownViewer\_internal\PySide6\qml\QtQuick\Controls\FluentWinUI3\impl\CopyAction.qml
   Compressing: E:\markdown_viewer\dist\consumer-upgrade-1.31.0\MarkdownViewer\_internal\PySide6\qml\QtQuick\Controls\FluentWinUI3\impl\CutAction.qml
   Compressing: E:\markdown_viewer\dist\consumer-upgrade-1.31.0\MarkdownViewer\_internal\PySide6\qml\QtQuick\Controls\FluentWinUI3\impl\DeleteAction.qml
   Compressing: E:\markdown_viewer\dist\consumer-upgrade-1.31.0\MarkdownViewer\_internal\PySide6\qml\QtQuick\Controls\FluentWinUI3\impl\FocusFrame.qml
   Compressing: E:\markdown_viewer\dist\consumer-upgrade-1.31.0\MarkdownViewer\_internal\PySide6\qml\QtQuick\Controls\FluentWinUI3\impl\PasteAction.qml
   Compressing: E:\markdown_viewer\dist\consumer-upgrade-1.31.0\MarkdownViewer\_internal\PySide6\qml\QtQuick\Controls\FluentWinUI3\impl\plugins.qmltypes
   Compressing: E:\markdown_viewer\dist\consumer-upgrade-1.31.0\MarkdownViewer\_internal\PySide6\qml\QtQuick\Controls\FluentWinUI3\impl\qmldir
   Compressing: E:\markdown_viewer\dist\consumer-upgrade-1.31.0\MarkdownViewer\_internal\PySide6\qml\QtQuick\Controls\FluentWinUI3\impl\qtquickcontrols2fluentwinui3styleimplplugin.dll
   Compressing: E:\markdown_viewer\dist\consumer-upgrade-1.31.0\MarkdownViewer\_internal\PySide6\qml\QtQuick\Controls\FluentWinUI3\impl\RadioIndicator.qml
   Compressing: E:\markdown_viewer\dist\consumer-upgrade-1.31.0\MarkdownViewer\_internal\PySide6\qml\QtQuick\Controls\FluentWinUI3\impl\RedoAction.qml
   Compressing: E:\markdown_viewer\dist\consumer-upgrade-1.31.0\MarkdownViewer\_internal\PySide6\qml\QtQuick\Controls\FluentWinUI3\impl\SelectAllAction.qml
   Compressing: E:\markdown_viewer\dist\consumer-upgrade-1.31.0\MarkdownViewer\_internal\PySide6\qml\QtQuick\Controls\FluentWinUI3\impl\StyleImage.qml
   Compressing: E:\markdown_viewer\dist\consumer-upgrade-1.31.0\MarkdownViewer\_internal\PySide6\qml\QtQuick\Controls\FluentWinUI3\impl\SwitchIndicator.qml
   Compressing: E:\markdown_viewer\dist\consumer-upgrade-1.31.0\MarkdownViewer\_internal\PySide6\qml\QtQuick\Controls\FluentWinUI3\impl\TextEditingContextMenu.qml
   Compressing: E:\markdown_viewer\dist\consumer-upgrade-1.31.0\MarkdownViewer\_internal\PySide6\qml\QtQuick\Controls\FluentWinUI3\impl\UndoAction.qml
   Compressing: E:\markdown_viewer\dist\consumer-upgrade-1.31.0\MarkdownViewer\_internal\PySide6\qml\QtQuick\Controls\FluentWinUI3\light\images\checkbox-indicator-checked-disabled.png
   Compressing: E:\markdown_viewer\dist\consumer-upgrade-1.31.0\MarkdownViewer\_internal\PySide6\qml\QtQuick\Controls\FluentWinUI3\light\images\checkbox-indicator-checked-disabled@2x.png
   Compressing: E:\markdown_viewer\dist\consumer-upgrade-1.31.0\MarkdownViewer\_internal\PySide6\qml\QtQuick\Controls\FluentWinUI3\light\images\checkbox-indicator-checked-disabled@3x.png
   Compressing: E:\markdown_viewer\dist\consumer-upgrade-1.31.0\MarkdownViewer\_internal\PySide6\qml\QtQuick\Controls\FluentWinUI3\light\images\checkbox-indicator-checked-hovered.png
   Compressing: E:\markdown_viewer\dist\consumer-upgrade-1.31.0\MarkdownViewer\_internal\PySide6\qml\QtQuick\Controls\FluentWinUI3\light\images\checkbox-indicator-checked-hovered@2x.png
   Compressing: E:\markdown_viewer\dist\consumer-upgrade-1.31.0\MarkdownViewer\_internal\PySide6\qml\QtQuick\Controls\FluentWinUI3\light\images\checkbox-indicator-checked-hovered@3x.png
   Compressing: E:\markdown_viewer\dist\consumer-upgrade-1.31.0\MarkdownViewer\_internal\PySide6\qml\QtQuick\Controls\FluentWinUI3\light\images\checkbox-indicator-checked-pressed.png
   Compressing: E:\markdown_viewer\dist\consumer-upgrade-1.31.0\MarkdownViewer\_internal\PySide6\qml\QtQuick\Controls\FluentWinUI3\light\images\checkbox-indicator-checked-pressed@2x.png
   Compressing: E:\markdown_viewer\dist\consumer-upgrade-1.31.0\MarkdownViewer\_internal\PySide6\qml\QtQuick\Controls\FluentWinUI3\light\images\checkbox-indicator-checked-pressed@3x.png
   Compressing: E:\markdown_viewer\dist\consumer-upgrade-1.31.0\MarkdownViewer\_internal\PySide6\qml\QtQuick\Controls\FluentWinUI3\light\images\checkbox-indicator-checked.png
   Compressing: E:\markdown_viewer\dist\consumer-upgrade-1.31.0\MarkdownViewer\_internal\PySide6\qml\QtQuick\Controls\FluentWinUI3\light\images\checkbox-indicator-checked@2x.png
   Compressing: E:\markdown_viewer\dist\consumer-upgrade-1.31.0\MarkdownViewer\_internal\PySide6\qml\QtQuick\Controls\FluentWinUI3\light\images\checkbox-indicator-checked@3x.png
   Compressing: E:\markdown_viewer\dist\consumer-upgrade-1.31.0\MarkdownViewer\_internal\PySide6\qml\QtQuick\Controls\FluentWinUI3\light\images\checkbox-indicator-disabled-partiallyChecked.png
   Compressing: E:\markdown_viewer\dist\consumer-upgrade-1.31.0\MarkdownViewer\_internal\PySide6\qml\QtQuick\Controls\FluentWinUI3\light\images\checkbox-indicator-disabled-partiallyChecked@2x.png
   Compressing: E:\markdown_viewer\dist\consumer-upgrade-1.31.0\MarkdownViewer\_internal\PySide6\qml\QtQuick\Controls\FluentWinUI3\light\images\checkbox-indicator-disabled-partiallyChecked@3x.png
   Compressing: E:\markdown_viewer\dist\consumer-upgrade-1.31.0\MarkdownViewer\_internal\PySide6\qml\QtQuick\Controls\FluentWinUI3\light\images\checkbox-indicator-disabled.png
   Compressing: E:\markdown_viewer\dist\consumer-upgrade-1.31.0\MarkdownViewer\_internal\PySide6\qml\QtQuick\Controls\FluentWinUI3\light\images\checkbox-indicator-disabled@2x.png
   Compressing: E:\markdown_viewer\dist\consumer-upgrade-1.31.0\MarkdownViewer\_internal\PySide6\qml\QtQuick\Controls\FluentWinUI3\light\images\checkbox-indicator-disabled@3x.png
   Compressing: E:\markdown_viewer\dist\consumer-upgrade-1.31.0\MarkdownViewer\_internal\PySide6\qml\QtQuick\Controls\FluentWinUI3\light\images\checkbox-indicator-hovered-partiallyChecked.png
   Compressing: E:\markdown_viewer\dist\consumer-upgrade-1.31.0\MarkdownViewer\_internal\PySide6\qml\QtQuick\Controls\FluentWinUI3\light\images\checkbox-indicator-hovered-partiallyChecked@2x.png
   Compressing: E:\markdown_viewer\dist\consumer-upgrade-1.31.0\MarkdownViewer\_internal\PySide6\qml\QtQuick\Controls\FluentWinUI3\light\images\checkbox-indicator-hovered-partiallyChecked@3x.png
   Compressing: E:\markdown_viewer\dist\consumer-upgrade-1.31.0\MarkdownViewer\_internal\PySide6\qml\QtQuick\Controls\FluentWinUI3\light\images\checkbox-indicator-hovered.png
   Compressing: E:\markdown_viewer\dist\consumer-upgrade-1.31.0\MarkdownViewer\_internal\PySide6\qml\QtQuick\Controls\FluentWinUI3\light\images\checkbox-indicator-hovered@2x.png
   Compressing: E:\markdown_viewer\dist\consumer-upgrade-1.31.0\MarkdownViewer\_internal\PySide6\qml\QtQuick\Controls\FluentWinUI3\light\images\checkbox-indicator-hovered@3x.png
   Compressing: E:\markdown_viewer\dist\consumer-upgrade-1.31.0\MarkdownViewer\_internal\PySide6\qml\QtQuick\Controls\FluentWinUI3\light\images\checkbox-indicator-partiallyChecked-pressed.png
   Compressing: E:\markdown_viewer\dist\consumer-upgrade-1.31.0\MarkdownViewer\_internal\PySide6\qml\QtQuick\Controls\FluentWinUI3\light\images\checkbox-indicator-partiallyChecked-pressed@2x.png
   Compressing: E:\markdown_viewer\dist\consumer-upgrade-1.31.0\MarkdownViewer\_internal\PySide6\qml\QtQuick\Controls\FluentWinUI3\light\images\checkbox-indicator-partiallyChecked-pressed@3x.png
   Compressing: E:\markdown_viewer\dist\consumer-upgrade-1.31.0\MarkdownViewer\_internal\PySide6\qml\QtQuick\Controls\FluentWinUI3\light\images\checkbox-indicator-partiallyChecked.png
   Compressing: E:\markdown_viewer\dist\consumer-upgrade-1.31.0\MarkdownViewer\_internal\PySide6\qml\QtQuick\Controls\FluentWinUI3\light\images\checkbox-indicator-partiallyChecked@2x.png
   Compressing: E:\markdown_viewer\dist\consumer-upgrade-1.31.0\MarkdownViewer\_internal\PySide6\qml\QtQuick\Controls\FluentWinUI3\light\images\checkbox-indicator-partiallyChecked@3x.png
   Compressing: E:\markdown_viewer\dist\consumer-upgrade-1.31.0\MarkdownViewer\_internal\PySide6\qml\QtQuick\Controls\FluentWinUI3\light\images\checkbox-indicator-pressed.png
   Compressing: E:\markdown_viewer\dist\consumer-upgrade-1.31.0\MarkdownViewer\_internal\PySide6\qml\QtQuick\Controls\FluentWinUI3\light\images\checkbox-indicator-pressed@2x.png
   Compressing: E:\markdown_viewer\dist\consumer-upgrade-1.31.0\MarkdownViewer\_internal\PySide6\qml\QtQuick\Controls\FluentWinUI3\light\images\checkbox-indicator-pressed@3x.png
   Compressing: E:\markdown_viewer\dist\consumer-upgrade-1.31.0\MarkdownViewer\_internal\PySide6\qml\QtQuick\Controls\FluentWinUI3\light\images\checkbox-indicator.png
   Compressing: E:\markdown_viewer\dist\consumer-upgrade-1.31.0\MarkdownViewer\_internal\PySide6\qml\QtQuick\Controls\FluentWinUI3\light\images\checkbox-indicator@2x.png
   Compressing: E:\markdown_viewer\dist\consumer-upgrade-1.31.0\MarkdownViewer\_internal\PySide6\qml\QtQuick\Controls\FluentWinUI3\light\images\checkbox-indicator@3x.png
   Compressing: E:\markdown_viewer\dist\consumer-upgrade-1.31.0\MarkdownViewer\_internal\PySide6\qml\QtQuick\Controls\FluentWinUI3\light\images\combobox-background-disabled.png
   Compressing: E:\markdown_viewer\dist\consumer-upgrade-1.31.0\MarkdownViewer\_internal\PySide6\qml\QtQuick\Controls\FluentWinUI3\light\images\combobox-background-disabled@2x.png
   Compressing: E:\markdown_viewer\dist\consumer-upgrade-1.31.0\MarkdownViewer\_internal\PySide6\qml\QtQuick\Controls\FluentWinUI3\light\images\combobox-background-disabled@3x.png
   Compressing: E:\markdown_viewer\dist\consumer-upgrade-1.31.0\MarkdownViewer\_internal\PySide6\qml\QtQuick\Controls\FluentWinUI3\light\images\combobox-background-focused.png
   Compressing: E:\markdown_viewer\dist\consumer-upgrade-1.31.0\MarkdownViewer\_internal\PySide6\qml\QtQuick\Controls\FluentWinUI3\light\images\combobox-background-focused@2x.png
   Compressing: E:\markdown_viewer\dist\consumer-upgrade-1.31.0\MarkdownViewer\_internal\PySide6\qml\QtQuick\Controls\FluentWinUI3\light\images\combobox-background-focused@3x.png
   Compressing: E:\markdown_viewer\dist\consumer-upgrade-1.31.0\MarkdownViewer\_internal\PySide6\qml\QtQuick\Controls\FluentWinUI3\light\images\combobox-background-hovered-open.png
   Compressing: E:\markdown_viewer\dist\consumer-upgrade-1.31.0\MarkdownViewer\_internal\PySide6\qml\QtQuick\Controls\FluentWinUI3\light\images\combobox-background-hovered-open@2x.png
   Compressing: E:\markdown_viewer\dist\consumer-upgrade-1.31.0\MarkdownViewer\_internal\PySide6\qml\QtQuick\Controls\FluentWinUI3\light\images\combobox-background-hovered-open@3x.png
   Compressing: E:\markdown_viewer\dist\consumer-upgrade-1.31.0\MarkdownViewer\_internal\PySide6\qml\QtQuick\Controls\FluentWinUI3\light\images\combobox-background-hovered.png
   Compressing: E:\markdown_viewer\dist\consumer-upgrade-1.31.0\MarkdownViewer\_internal\PySide6\qml\QtQuick\Controls\FluentWinUI3\light\images\combobox-background-hovered@2x.png
   Compressing: E:\markdown_viewer\dist\consumer-upgrade-1.31.0\MarkdownViewer\_internal\PySide6\qml\QtQuick\Controls\FluentWinUI3\light\images\combobox-background-hovered@3x.png
   Compressing: E:\markdown_viewer\dist\consumer-upgrade-1.31.0\MarkdownViewer\_internal\PySide6\qml\QtQuick\Controls\FluentWinUI3\light\images\combobox-background-open-pressed.png
   Compressing: E:\markdown_viewer\dist\consumer-upgrade-1.31.0\MarkdownViewer\_internal\PySide6\qml\QtQuick\Controls\FluentWinUI3\light\images\combobox-background-open-pressed@2x.png
   Compressing: E:\markdown_viewer\dist\consumer-upgrade-1.31.0\MarkdownViewer\_internal\PySide6\qml\QtQuick\Controls\FluentWinUI3\light\images\combobox-background-open-pressed@3x.png
   Compressing: E:\markdown_viewer\dist\consumer-upgrade-1.31.0\MarkdownViewer\_internal\PySide6\qml\QtQuick\Controls\FluentWinUI3\light\images\combobox-background-open.png
   Compressing: E:\markdown_viewer\dist\consumer-upgrade-1.31.0\MarkdownViewer\_internal\PySide6\qml\QtQuick\Controls\FluentWinUI3\light\images\combobox-background-open@2x.png
   Compressing: E:\markdown_viewer\dist\consumer-upgrade-1.31.0\MarkdownViewer\_internal\PySide6\qml\QtQuick\Controls\FluentWinUI3\light\images\combobox-background-open@3x.png
   Compressing: E:\markdown_viewer\dist\consumer-upgrade-1.31.0\MarkdownViewer\_internal\PySide6\qml\QtQuick\Controls\FluentWinUI3\light\images\combobox-background-pressed.png
   Compressing: E:\markdown_viewer\dist\consumer-upgrade-1.31.0\MarkdownViewer\_internal\PySide6\qml\QtQuick\Controls\FluentWinUI3\light\images\combobox-background-pressed@2x.png
   Compressing: E:\markdown_viewer\dist\consumer-upgrade-1.31.0\MarkdownViewer\_internal\PySide6\qml\QtQuick\Controls\FluentWinUI3\light\images\combobox-background-pressed@3x.png
   Compressing: E:\markdown_viewer\dist\consumer-upgrade-1.31.0\MarkdownViewer\_internal\PySide6\qml\QtQuick\Controls\FluentWinUI3\light\images\combobox-background.png
   Compressing: E:\markdown_viewer\dist\consumer-upgrade-1.31.0\MarkdownViewer\_internal\PySide6\qml\QtQuick\Controls\FluentWinUI3\light\images\combobox-background@2x.png
   Compressing: E:\markdown_viewer\dist\consumer-upgrade-1.31.0\MarkdownViewer\_internal\PySide6\qml\QtQuick\Controls\FluentWinUI3\light\images\combobox-background@3x.png
   Compressing: E:\markdown_viewer\dist\consumer-upgrade-1.31.0\MarkdownViewer\_internal\PySide6\qml\QtQuick\Controls\FluentWinUI3\light\images\combobox-indicator-disabled.png
   Compressing: E:\markdown_viewer\dist\consumer-upgrade-1.31.0\MarkdownViewer\_internal\PySide6\qml\QtQuick\Controls\FluentWinUI3\light\images\combobox-indicator-disabled@2x.png
   Compressing: E:\markdown_viewer\dist\consumer-upgrade-1.31.0\MarkdownViewer\_internal\PySide6\qml\QtQuick\Controls\FluentWinUI3\light\images\combobox-indicator-disabled@3x.png
   Compressing: E:\markdown_viewer\dist\consumer-upgrade-1.31.0\MarkdownViewer\_internal\PySide6\qml\QtQuick\Controls\FluentWinUI3\light\images\combobox-indicator-focused.png
   Compressing: E:\markdown_viewer\dist\consumer-upgrade-1.31.0\MarkdownViewer\_internal\PySide6\qml\QtQuick\Controls\FluentWinUI3\light\images\combobox-indicator-focused@2x.png
   Compressing: E:\markdown_viewer\dist\consumer-upgrade-1.31.0\MarkdownViewer\_internal\PySide6\qml\QtQuick\Controls\FluentWinUI3\light\images\combobox-indicator-focused@3x.png
   Compressing: E:\markdown_viewer\dist\consumer-upgrade-1.31.0\MarkdownViewer\_internal\PySide6\qml\QtQuick\Controls\FluentWinUI3\light\images\combobox-indicator-hovered-open.png
   Compressing: E:\markdown_viewer\dist\consumer-upgrade-1.31.0\MarkdownViewer\_internal\PySide6\qml\QtQuick\Controls\FluentWinUI3\light\images\combobox-indicator-hovered-open@2x.png
   Compressing: E:\markdown_viewer\dist\consumer-upgrade-1.31.0\MarkdownViewer\_internal\PySide6\qml\QtQuick\Controls\FluentWinUI3\light\images\combobox-indicator-hovered-open@3x.png
   Compressing: E:\markdown_viewer\dist\consumer-upgrade-1.31.0\MarkdownViewer\_internal\PySide6\qml\QtQuick\Controls\FluentWinUI3\light\images\combobox-indicator-hovered.png
   Compressing: E:\markdown_viewer\dist\consumer-upgrade-1.31.0\MarkdownViewer\_internal\PySide6\qml\QtQuick\Controls\FluentWinUI3\light\images\combobox-indicator-hovered@2x.png
   Compressing: E:\markdown_viewer\dist\consumer-upgrade-1.31.0\MarkdownViewer\_internal\PySide6\qml\QtQuick\Controls\FluentWinUI3\light\images\combobox-indicator-hovered@3x.png
   Compressing: E:\markdown_viewer\dist\consumer-upgrade-1.31.0\MarkdownViewer\_internal\PySide6\qml\QtQuick\Controls\FluentWinUI3\light\images\combobox-indicator-open-pressed.png
   Compressing: E:\markdown_viewer\dist\consumer-upgrade-1.31.0\MarkdownViewer\_internal\PySide6\qml\QtQuick\Controls\FluentWinUI3\light\images\combobox-indicator-open-pressed@2x.png
   Compressing: E:\markdown_viewer\dist\consumer-upgrade-1.31.0\MarkdownViewer\_internal\PySide6\qml\QtQuick\Controls\FluentWinUI3\light\images\combobox-indicator-open-pressed@3x.png
   Compressing: E:\markdown_viewer\dist\consumer-upgrade-1.31.0\MarkdownViewer\_internal\PySide6\qml\QtQuick\Controls\FluentWinUI3\light\images\combobox-indicator-open.png
   Compressing: E:\markdown_viewer\dist\consumer-upgrade-1.31.0\MarkdownViewer\_internal\PySide6\qml\QtQuick\Controls\FluentWinUI3\light\images\combobox-indicator-open@2x.png
   Compressing: E:\markdown_viewer\dist\consumer-upgrade-1.31.0\MarkdownViewer\_internal\PySide6\qml\QtQuick\Controls\FluentWinUI3\light\images\combobox-indicator-open@3x.png
   Compressing: E:\markdown_viewer\dist\consumer-upgrade-1.31.0\MarkdownViewer\_internal\PySide6\qml\QtQuick\Controls\FluentWinUI3\light\images\combobox-indicator-pressed.png
   Compressing: E:\markdown_viewer\dist\consumer-upgrade-1.31.0\MarkdownViewer\_internal\PySide6\qml\QtQuick\Controls\FluentWinUI3\light\images\combobox-indicator-pressed@2x.png
   Compressing: E:\markdown_viewer\dist\consumer-upgrade-1.31.0\MarkdownViewer\_internal\PySide6\qml\QtQuick\Controls\FluentWinUI3\light\images\combobox-indicator-pressed@3x.png
   Compressing: E:\markdown_viewer\dist\consumer-upgrade-1.31.0\MarkdownViewer\_internal\PySide6\qml\QtQuick\Controls\FluentWinUI3\light\images\combobox-indicator.png
   Compressing: E:\markdown_viewer\dist\consumer-upgrade-1.31.0\MarkdownViewer\_internal\PySide6\qml\QtQuick\Controls\FluentWinUI3\light\images\combobox-indicator@2x.png
   Compressing: E:\markdown_viewer\dist\consumer-upgrade-1.31.0\MarkdownViewer\_internal\PySide6\qml\QtQuick\Controls\FluentWinUI3\light\images\combobox-indicator@3x.png
   Compressing: E:\markdown_viewer\dist\consumer-upgrade-1.31.0\MarkdownViewer\_internal\PySide6\qml\QtQuick\Controls\FluentWinUI3\light\images\editablecombobox-background-hovered-open.png
   Compressing: E:\markdown_viewer\dist\consumer-upgrade-1.31.0\MarkdownViewer\_internal\PySide6\qml\QtQuick\Controls\FluentWinUI3\light\images\editablecombobox-background-hovered-open@2x.png
   Compressing: E:\markdown_viewer\dist\consumer-upgrade-1.31.0\MarkdownViewer\_internal\PySide6\qml\QtQuick\Controls\FluentWinUI3\light\images\editablecombobox-background-hovered-open@3x.png
   Compressing: E:\markdown_viewer\dist\consumer-upgrade-1.31.0\MarkdownViewer\_internal\PySide6\qml\QtQuick\Controls\FluentWinUI3\light\images\editablecombobox-background-open-pressed.png
   Compressing: E:\markdown_viewer\dist\consumer-upgrade-1.31.0\MarkdownViewer\_internal\PySide6\qml\QtQuick\Controls\FluentWinUI3\light\images\editablecombobox-background-open-pressed@2x.png
   Compressing: E:\markdown_viewer\dist\consumer-upgrade-1.31.0\MarkdownViewer\_internal\PySide6\qml\QtQuick\Controls\FluentWinUI3\light\images\editablecombobox-background-open-pressed@3x.png
   Compressing: E:\markdown_viewer\dist\consumer-upgrade-1.31.0\MarkdownViewer\_internal\PySide6\qml\QtQuick\Controls\FluentWinUI3\light\images\editablecombobox-background-open.png
   Compressing: E:\markdown_viewer\dist\consumer-upgrade-1.31.0\MarkdownViewer\_internal\PySide6\qml\QtQuick\Controls\FluentWinUI3\light\images\editablecombobox-background-open@2x.png
   Compressing: E:\markdown_viewer\dist\consumer-upgrade-1.31.0\MarkdownViewer\_internal\PySide6\qml\QtQuick\Controls\FluentWinUI3\light\images\editablecombobox-background-open@3x.png
   Compressing: E:\markdown_viewer\dist\consumer-upgrade-1.31.0\MarkdownViewer\_internal\PySide6\qml\QtQuick\Controls\FluentWinUI3\light\images\editablecombobox-indicator-hovered-open.png
   Compressing: E:\markdown_viewer\dist\consumer-upgrade-1.31.0\MarkdownViewer\_internal\PySide6\qml\QtQuick\Controls\FluentWinUI3\light\images\editablecombobox-indicator-hovered-open@2x.png
   Compressing: E:\markdown_viewer\dist\consumer-upgrade-1.31.0\MarkdownViewer\_internal\PySide6\qml\QtQuick\Controls\FluentWinUI3\light\images\editablecombobox-indicator-hovered-open@3x.png
   Compressing: E:\markdown_viewer\dist\consumer-upgrade-1.31.0\MarkdownViewer\_internal\PySide6\qml\QtQuick\Controls\FluentWinUI3\light\images\editablecombobox-indicator-open-pressed.png
   Compressing: E:\markdown_viewer\dist\consumer-upgrade-1.31.0\MarkdownViewer\_internal\PySide6\qml\QtQuick\Controls\FluentWinUI3\light\images\editablecombobox-indicator-open-pressed@2x.png
   Compressing: E:\markdown_viewer\dist\consumer-upgrade-1.31.0\MarkdownViewer\_internal\PySide6\qml\QtQuick\Controls\FluentWinUI3\light\images\editablecombobox-indicator-open-pressed@3x.png
   Compressing: E:\markdown_viewer\dist\consumer-upgrade-1.31.0\MarkdownViewer\_internal\PySide6\qml\QtQuick\Controls\FluentWinUI3\light\images\editablecombobox-indicator-open.png
   Compressing: E:\markdown_viewer\dist\consumer-upgrade-1.31.0\MarkdownViewer\_internal\PySide6\qml\QtQuick\Controls\FluentWinUI3\light\images\editablecombobox-indicator-open@2x.png
   Compressing: E:\markdown_viewer\dist\consumer-upgrade-1.31.0\MarkdownViewer\_internal\PySide6\qml\QtQuick\Controls\FluentWinUI3\light\images\editablecombobox-indicator-open@3x.png
   Compressing: E:\markdown_viewer\dist\consumer-upgrade-1.31.0\MarkdownViewer\_internal\PySide6\qml\QtQuick\Controls\FluentWinUI3\light\images\editablecombobox-popup-background-hovered-open.png
   Compressing: E:\markdown_viewer\dist\consumer-upgrade-1.31.0\MarkdownViewer\_internal\PySide6\qml\QtQuick\Controls\FluentWinUI3\light\images\editablecombobox-popup-background-hovered-open@2x.png
   Compressing: E:\markdown_viewer\dist\consumer-upgrade-1.31.0\MarkdownViewer\_internal\PySide6\qml\QtQuick\Controls\FluentWinUI3\light\images\editablecombobox-popup-background-hovered-open@3x.png
   Compressing: E:\markdown_viewer\dist\consumer-upgrade-1.31.0\MarkdownViewer\_internal\PySide6\qml\QtQuick\Controls\FluentWinUI3\light\images\editablecombobox-popup-background-open-pressed.png
   Compressing: E:\markdown_viewer\dist\consumer-upgrade-1.31.0\MarkdownViewer\_internal\PySide6\qml\QtQuick\Controls\FluentWinUI3\light\images\editablecombobox-popup-background-open-pressed@2x.png
   Compressing: E:\markdown_viewer\dist\consumer-upgrade-1.31.0\MarkdownViewer\_internal\PySide6\qml\QtQuick\Controls\FluentWinUI3\light\images\editablecombobox-popup-background-open-pressed@3x.png
   Compressing: E:\markdown_viewer\dist\consumer-upgrade-1.31.0\MarkdownViewer\_internal\PySide6\qml\QtQuick\Controls\FluentWinUI3\light\images\editablecombobox-popup-background-open.png
   Compressing: E:\markdown_viewer\dist\consumer-upgrade-1.31.0\MarkdownViewer\_internal\PySide6\qml\QtQuick\Controls\FluentWinUI3\light\images\editablecombobox-popup-background-open@2x.png
   Compressing: E:\markdown_viewer\dist\consumer-upgrade-1.31.0\MarkdownViewer\_internal\PySide6\qml\QtQuick\Controls\FluentWinUI3\light\images\editablecombobox-popup-background-open@3x.png
   Compressing: E:\markdown_viewer\dist\consumer-upgrade-1.31.0\MarkdownViewer\_internal\PySide6\qml\QtQuick\Controls\FluentWinUI3\light\images\frame-background-disabled.png
   Compressing: E:\markdown_viewer\dist\consumer-upgrade-1.31.0\MarkdownViewer\_internal\PySide6\qml\QtQuick\Controls\FluentWinUI3\light\images\frame-background-disabled@2x.png
   Compressing: E:\markdown_viewer\dist\consumer-upgrade-1.31.0\MarkdownViewer\_internal\PySide6\qml\QtQuick\Controls\FluentWinUI3\light\images\frame-background-disabled@3x.png
   Compressing: E:\markdown_viewer\dist\consumer-upgrade-1.31.0\MarkdownViewer\_internal\PySide6\qml\QtQuick\Controls\FluentWinUI3\light\images\frame-background.png
   Compressing: E:\markdown_viewer\dist\consumer-upgrade-1.31.0\MarkdownViewer\_internal\PySide6\qml\QtQuick\Controls\FluentWinUI3\light\images\frame-background@2x.png
   Compressing: E:\markdown_viewer\dist\consumer-upgrade-1.31.0\MarkdownViewer\_internal\PySide6\qml\QtQuick\Controls\FluentWinUI3\light\images\frame-background@3x.png
   Compressing: E:\markdown_viewer\dist\consumer-upgrade-1.31.0\MarkdownViewer\_internal\PySide6\qml\QtQuick\Controls\FluentWinUI3\light\images\itemdelegate-background-highlighted-hovered.png
   Compressing: E:\markdown_viewer\dist\consumer-upgrade-1.31.0\MarkdownViewer\_internal\PySide6\qml\QtQuick\Controls\FluentWinUI3\light\images\itemdelegate-background-highlighted-hovered@2x.png
   Compressing: E:\markdown_viewer\dist\consumer-upgrade-1.31.0\MarkdownViewer\_internal\PySide6\qml\QtQuick\Controls\FluentWinUI3\light\images\itemdelegate-background-highlighted-hovered@3x.png
   Compressing: E:\markdown_viewer\dist\consumer-upgrade-1.31.0\MarkdownViewer\_internal\PySide6\qml\QtQuick\Controls\FluentWinUI3\light\images\itemdelegate-background-highlighted-pressed.png
   Compressing: E:\markdown_viewer\dist\consumer-upgrade-1.31.0\MarkdownViewer\_internal\PySide6\qml\QtQuick\Controls\FluentWinUI3\light\images\itemdelegate-background-highlighted-pressed@2x.png
   Compressing: E:\markdown_viewer\dist\consumer-upgrade-1.31.0\MarkdownViewer\_internal\PySide6\qml\QtQuick\Controls\FluentWinUI3\light\images\itemdelegate-background-highlighted-pressed@3x.png
   Compressing: E:\markdown_viewer\dist\consumer-upgrade-1.31.0\MarkdownViewer\_internal\PySide6\qml\QtQuick\Controls\FluentWinUI3\light\images\itemdelegate-background-highlighted.png
   Compressing: E:\markdown_viewer\dist\consumer-upgrade-1.31.0\MarkdownViewer\_internal\PySide6\qml\QtQuick\Controls\FluentWinUI3\light\images\itemdelegate-background-highlighted@2x.png
   Compressing: E:\markdown_viewer\dist\consumer-upgrade-1.31.0\MarkdownViewer\_internal\PySide6\qml\QtQuick\Controls\FluentWinUI3\light\images\itemdelegate-background-highlighted@3x.png
   Compressing: E:\markdown_viewer\dist\consumer-upgrade-1.31.0\MarkdownViewer\_internal\PySide6\qml\QtQuick\Controls\FluentWinUI3\light\images\itemdelegate-background-hovered.png
   Compressing: E:\markdown_viewer\dist\consumer-upgrade-1.31.0\MarkdownViewer\_internal\PySide6\qml\QtQuick\Controls\FluentWinUI3\light\images\itemdelegate-background-hovered@2x.png
   Compressing: E:\markdown_viewer\dist\consumer-upgrade-1.31.0\MarkdownViewer\_internal\PySide6\qml\QtQuick\Controls\FluentWinUI3\light\images\itemdelegate-background-hovered@3x.png
   Compressing: E:\markdown_viewer\dist\consumer-upgrade-1.31.0\MarkdownViewer\_internal\PySide6\qml\QtQuick\Controls\FluentWinUI3\light\images\itemdelegate-background-pressed.png
   Compressing: E:\markdown_viewer\dist\consumer-upgrade-1.31.0\MarkdownViewer\_internal\PySide6\qml\QtQuick\Controls\FluentWinUI3\light\images\itemdelegate-background-pressed@2x.png
   Compressing: E:\markdown_viewer\dist\consumer-upgrade-1.31.0\MarkdownViewer\_internal\PySide6\qml\QtQuick\Controls\FluentWinUI3\light\images\itemdelegate-background-pressed@3x.png
   Compressing: E:\markdown_viewer\dist\consumer-upgrade-1.31.0\MarkdownViewer\_internal\PySide6\qml\QtQuick\Controls\FluentWinUI3\light\images\pageindicatordelegate-indicator-delegate-current-hovered.png
   Compressing: E:\markdown_viewer\dist\consumer-upgrade-1.31.0\MarkdownViewer\_internal\PySide6\qml\QtQuick\Controls\FluentWinUI3\light\images\pageindicatordelegate-indicator-delegate-current-hovered@2x.png
   Compressing: E:\markdown_viewer\dist\consumer-upgrade-1.31.0\MarkdownViewer\_internal\PySide6\qml\QtQuick\Controls\FluentWinUI3\light\images\pageindicatordelegate-indicator-delegate-current-hovered@3x.png
   Compressing: E:\markdown_viewer\dist\consumer-upgrade-1.31.0\MarkdownViewer\_internal\PySide6\qml\QtQuick\Controls\FluentWinUI3\light\images\pageindicatordelegate-indicator-delegate-current-pressed.png
   Compressing: E:\markdown_viewer\dist\consumer-upgrade-1.31.0\MarkdownViewer\_internal\PySide6\qml\QtQuick\Controls\FluentWinUI3\light\images\pageindicatordelegate-indicator-delegate-current-pressed@2x.png
   Compressing: E:\markdown_viewer\dist\consumer-upgrade-1.31.0\MarkdownViewer\_internal\PySide6\qml\QtQuick\Controls\FluentWinUI3\light\images\pageindicatordelegate-indicator-delegate-current-pressed@3x.png
   Compressing: E:\markdown_viewer\dist\consumer-upgrade-1.31.0\MarkdownViewer\_internal\PySide6\qml\QtQuick\Controls\FluentWinUI3\light\images\pageindicatordelegate-indicator-delegate-current.png
   Compressing: E:\markdown_viewer\dist\consumer-upgrade-1.31.0\MarkdownViewer\_internal\PySide6\qml\QtQuick\Controls\FluentWinUI3\light\images\pageindicatordelegate-indicator-delegate-current@2x.png
   Compressing: E:\markdown_viewer\dist\consumer-upgrade-1.31.0\MarkdownViewer\_internal\PySide6\qml\QtQuick\Controls\FluentWinUI3\light\images\pageindicatordelegate-indicator-delegate-current@3x.png
   Compressing: E:\markdown_viewer\dist\consumer-upgrade-1.31.0\MarkdownViewer\_internal\PySide6\qml\QtQuick\Controls\FluentWinUI3\light\images\pageindicatordelegate-indicator-delegate-pressed.png
   Compressing: E:\markdown_viewer\dist\consumer-upgrade-1.31.0\MarkdownViewer\_internal\PySide6\qml\QtQuick\Controls\FluentWinUI3\light\images\pageindicatordelegate-indicator-delegate-pressed@2x.png
   Compressing: E:\markdown_viewer\dist\consumer-upgrade-1.31.0\MarkdownViewer\_internal\PySide6\qml\QtQuick\Controls\FluentWinUI3\light\images\pageindicatordelegate-indicator-delegate-pressed@3x.png
   Compressing: E:\markdown_viewer\dist\consumer-upgrade-1.31.0\MarkdownViewer\_internal\PySide6\qml\QtQuick\Controls\FluentWinUI3\light\images\pageindicatordelegate-indicator-disabled.png
   Compressing: E:\markdown_viewer\dist\consumer-upgrade-1.31.0\MarkdownViewer\_internal\PySide6\qml\QtQuick\Controls\FluentWinUI3\light\images\pageindicatordelegate-indicator-disabled@2x.png
   Compressing: E:\markdown_viewer\dist\consumer-upgrade-1.31.0\MarkdownViewer\_internal\PySide6\qml\QtQuick\Controls\FluentWinUI3\light\images\pageindicatordelegate-indicator-disabled@3x.png
   Compressing: E:\markdown_viewer\dist\consumer-upgrade-1.31.0\MarkdownViewer\_internal\PySide6\qml\QtQuick\Controls\FluentWinUI3\light\images\pageindicatordelegate-indicator-hovered.png
   Compressing: E:\markdown_viewer\dist\consumer-upgrade-1.31.0\MarkdownViewer\_internal\PySide6\qml\QtQuick\Controls\FluentWinUI3\light\images\pageindicatordelegate-indicator-hovered@2x.png
   Compressing: E:\markdown_viewer\dist\consumer-upgrade-1.31.0\MarkdownViewer\_internal\PySide6\qml\QtQuick\Controls\FluentWinUI3\light\images\pageindicatordelegate-indicator-hovered@3x.png
   Compressing: E:\markdown_viewer\dist\consumer-upgrade-1.31.0\MarkdownViewer\_internal\PySide6\qml\QtQuick\Controls\FluentWinUI3\light\images\pageindicatordelegate-indicator.png
   Compressing: E:\markdown_viewer\dist\consumer-upgrade-1.31.0\MarkdownViewer\_internal\PySide6\qml\QtQuick\Controls\FluentWinUI3\light\images\pageindicatordelegate-indicator@2x.png
   Compressing: E:\markdown_viewer\dist\consumer-upgrade-1.31.0\MarkdownViewer\_internal\PySide6\qml\QtQuick\Controls\FluentWinUI3\light\images\pageindicatordelegate-indicator@3x.png
   Compressing: E:\markdown_viewer\dist\consumer-upgrade-1.31.0\MarkdownViewer\_internal\PySide6\qml\QtQuick\Controls\FluentWinUI3\light\images\popup-background.png
   Compressing: E:\markdown_viewer\dist\consumer-upgrade-1.31.0\MarkdownViewer\_internal\PySide6\qml\QtQuick\Controls\FluentWinUI3\light\images\popup-background@2x.png
   Compressing: E:\markdown_viewer\dist\consumer-upgrade-1.31.0\MarkdownViewer\_internal\PySide6\qml\QtQuick\Controls\FluentWinUI3\light\images\popup-background@3x.png
   Compressing: E:\markdown_viewer\dist\consumer-upgrade-1.31.0\MarkdownViewer\_internal\PySide6\qml\QtQuick\Controls\FluentWinUI3\light\images\progressbar-groove-disabled.png
   Compressing: E:\markdown_viewer\dist\consumer-upgrade-1.31.0\MarkdownViewer\_internal\PySide6\qml\QtQuick\Controls\FluentWinUI3\light\images\progressbar-groove-disabled@2x.png
   Compressing: E:\markdown_viewer\dist\consumer-upgrade-1.31.0\MarkdownViewer\_internal\PySide6\qml\QtQuick\Controls\FluentWinUI3\light\images\progressbar-groove-disabled@3x.png
   Compressing: E:\markdown_viewer\dist\consumer-upgrade-1.31.0\MarkdownViewer\_internal\PySide6\qml\QtQuick\Controls\FluentWinUI3\light\images\progressbar-groove.png
   Compressing: E:\markdown_viewer\dist\consumer-upgrade-1.31.0\MarkdownViewer\_internal\PySide6\qml\QtQuick\Controls\FluentWinUI3\light\images\progressbar-groove@2x.png
   Compressing: E:\markdown_viewer\dist\consumer-upgrade-1.31.0\MarkdownViewer\_internal\PySide6\qml\QtQuick\Controls\FluentWinUI3\light\images\progressbar-groove@3x.png
   Compressing: E:\markdown_viewer\dist\consumer-upgrade-1.31.0\MarkdownViewer\_internal\PySide6\qml\QtQuick\Controls\FluentWinUI3\light\images\radiobutton-indicator-checked-disabled.png
   Compressing: E:\markdown_viewer\dist\consumer-upgrade-1.31.0\MarkdownViewer\_internal\PySide6\qml\QtQuick\Controls\FluentWinUI3\light\images\radiobutton-indicator-checked-disabled@2x.png
   Compressing: E:\markdown_viewer\dist\consumer-upgrade-1.31.0\MarkdownViewer\_internal\PySide6\qml\QtQuick\Controls\FluentWinUI3\light\images\radiobutton-indicator-checked-disabled@3x.png
   Compressing: E:\markdown_viewer\dist\consumer-upgrade-1.31.0\MarkdownViewer\_internal\PySide6\qml\QtQuick\Controls\FluentWinUI3\light\images\radiobutton-indicator-checked-hovered.png
   Compressing: E:\markdown_viewer\dist\consumer-upgrade-1.31.0\MarkdownViewer\_internal\PySide6\qml\QtQuick\Controls\FluentWinUI3\light\images\radiobutton-indicator-checked-hovered@2x.png
   Compressing: E:\markdown_viewer\dist\consumer-upgrade-1.31.0\MarkdownViewer\_internal\PySide6\qml\QtQuick\Controls\FluentWinUI3\light\images\radiobutton-indicator-checked-hovered@3x.png
   Compressing: E:\markdown_viewer\dist\consumer-upgrade-1.31.0\MarkdownViewer\_internal\PySide6\qml\QtQuick\Controls\FluentWinUI3\light\images\radiobutton-indicator-checked-pressed.png
   Compressing: E:\markdown_viewer\dist\consumer-upgrade-1.31.0\MarkdownViewer\_internal\PySide6\qml\QtQuick\Controls\FluentWinUI3\light\images\radiobutton-indicator-checked-pressed@2x.png
   Compressing: E:\markdown_viewer\dist\consumer-upgrade-1.31.0\MarkdownViewer\_internal\PySide6\qml\QtQuick\Controls\FluentWinUI3\light\images\radiobutton-indicator-checked-pressed@3x.png
   Compressing: E:\markdown_viewer\dist\consumer-upgrade-1.31.0\MarkdownViewer\_internal\PySide6\qml\QtQuick\Controls\FluentWinUI3\light\images\radiobutton-indicator-checked.png
   Compressing: E:\markdown_viewer\dist\consumer-upgrade-1.31.0\MarkdownViewer\_internal\PySide6\qml\QtQuick\Controls\FluentWinUI3\light\images\radiobutton-indicator-checked@2x.png
   Compressing: E:\markdown_viewer\dist\consumer-upgrade-1.31.0\MarkdownViewer\_internal\PySide6\qml\QtQuick\Controls\FluentWinUI3\light\images\radiobutton-indicator-checked@3x.png
   Compressing: E:\markdown_viewer\dist\consumer-upgrade-1.31.0\MarkdownViewer\_internal\PySide6\qml\QtQuick\Controls\FluentWinUI3\light\images\radiobutton-indicator-disabled.png
   Compressing: E:\markdown_viewer\dist\consumer-upgrade-1.31.0\MarkdownViewer\_internal\PySide6\qml\QtQuick\Controls\FluentWinUI3\light\images\radiobutton-indicator-disabled@2x.png
   Compressing: E:\markdown_viewer\dist\consumer-upgrade-1.31.0\MarkdownViewer\_internal\PySide6\qml\QtQuick\Controls\FluentWinUI3\light\images\radiobutton-indicator-disabled@3x.png
   Compressing: E:\markdown_viewer\dist\consumer-upgrade-1.31.0\MarkdownViewer\_internal\PySide6\qml\QtQuick\Controls\FluentWinUI3\light\images\radiobutton-indicator-hovered.png
   Compressing: E:\markdown_viewer\dist\consumer-upgrade-1.31.0\MarkdownViewer\_internal\PySide6\qml\QtQuick\Controls\FluentWinUI3\light\images\radiobutton-indicator-hovered@2x.png
   Compressing: E:\markdown_viewer\dist\consumer-upgrade-1.31.0\MarkdownViewer\_internal\PySide6\qml\QtQuick\Controls\FluentWinUI3\light\images\radiobutton-indicator-hovered@3x.png
   Compressing: E:\markdown_viewer\dist\consumer-upgrade-1.31.0\MarkdownViewer\_internal\PySide6\qml\QtQuick\Controls\FluentWinUI3\light\images\radiobutton-indicator-pressed.png
   Compressing: E:\markdown_viewer\dist\consumer-upgrade-1.31.0\MarkdownViewer\_internal\PySide6\qml\QtQuick\Controls\FluentWinUI3\light\images\radiobutton-indicator-pressed@2x.png
   Compressing: E:\markdown_viewer\dist\consumer-upgrade-1.31.0\MarkdownViewer\_internal\PySide6\qml\QtQuick\Controls\FluentWinUI3\light\images\radiobutton-indicator-pressed@3x.png
   Compressing: E:\markdown_viewer\dist\consumer-upgrade-1.31.0\MarkdownViewer\_internal\PySide6\qml\QtQuick\Controls\FluentWinUI3\light\images\radiobutton-indicator.png
   Compressing: E:\markdown_viewer\dist\consumer-upgrade-1.31.0\MarkdownViewer\_internal\PySide6\qml\QtQuick\Controls\FluentWinUI3\light\images\radiobutton-indicator@2x.png
   Compressing: E:\markdown_viewer\dist\consumer-upgrade-1.31.0\MarkdownViewer\_internal\PySide6\qml\QtQuick\Controls\FluentWinUI3\light\images\radiobutton-indicator@3x.png
   Compressing: E:\markdown_viewer\dist\consumer-upgrade-1.31.0\MarkdownViewer\_internal\PySide6\qml\QtQuick\Controls\FluentWinUI3\light\images\rangeslider-first-handle-disabled.png
   Compressing: E:\markdown_viewer\dist\consumer-upgrade-1.31.0\MarkdownViewer\_internal\PySide6\qml\QtQuick\Controls\FluentWinUI3\light\images\rangeslider-first-handle-disabled@2x.png
   Compressing: E:\markdown_viewer\dist\consumer-upgrade-1.31.0\MarkdownViewer\_internal\PySide6\qml\QtQuick\Controls\FluentWinUI3\light\images\rangeslider-first-handle-disabled@3x.png
   Compressing: E:\markdown_viewer\dist\consumer-upgrade-1.31.0\MarkdownViewer\_internal\PySide6\qml\QtQuick\Controls\FluentWinUI3\light\images\rangeslider-first-handle-handle-pressed.png
   Compressing: E:\markdown_viewer\dist\consumer-upgrade-1.31.0\MarkdownViewer\_internal\PySide6\qml\QtQuick\Controls\FluentWinUI3\light\images\rangeslider-first-handle-handle-pressed@2x.png
   Compressing: E:\markdown_viewer\dist\consumer-upgrade-1.31.0\MarkdownViewer\_internal\PySide6\qml\QtQuick\Controls\FluentWinUI3\light\images\rangeslider-first-handle-handle-pressed@3x.png
   Compressing: E:\markdown_viewer\dist\consumer-upgrade-1.31.0\MarkdownViewer\_internal\PySide6\qml\QtQuick\Controls\FluentWinUI3\light\images\rangeslider-first-handle-hovered.png
   Compressing: E:\markdown_viewer\dist\consumer-upgrade-1.31.0\MarkdownViewer\_internal\PySide6\qml\QtQuick\Controls\FluentWinUI3\light\images\rangeslider-first-handle-hovered@2x.png
   Compressing: E:\markdown_viewer\dist\consumer-upgrade-1.31.0\MarkdownViewer\_internal\PySide6\qml\QtQuick\Controls\FluentWinUI3\light\images\rangeslider-first-handle-hovered@3x.png
   Compressing: E:\markdown_viewer\dist\consumer-upgrade-1.31.0\MarkdownViewer\_internal\PySide6\qml\QtQuick\Controls\FluentWinUI3\light\images\rangeslider-first-handle.png
   Compressing: E:\markdown_viewer\dist\consumer-upgrade-1.31.0\MarkdownViewer\_internal\PySide6\qml\QtQuick\Controls\FluentWinUI3\light\images\rangeslider-first-handle@2x.png
   Compressing: E:\markdown_viewer\dist\consumer-upgrade-1.31.0\MarkdownViewer\_internal\PySide6\qml\QtQuick\Controls\FluentWinUI3\light\images\rangeslider-first-handle@3x.png
   Compressing: E:\markdown_viewer\dist\consumer-upgrade-1.31.0\MarkdownViewer\_internal\PySide6\qml\QtQuick\Controls\FluentWinUI3\light\images\rangeslider-groove-disabled.png
   Compressing: E:\markdown_viewer\dist\consumer-upgrade-1.31.0\MarkdownViewer\_internal\PySide6\qml\QtQuick\Controls\FluentWinUI3\light\images\rangeslider-groove-disabled@2x.png
   Compressing: E:\markdown_viewer\dist\consumer-upgrade-1.31.0\MarkdownViewer\_internal\PySide6\qml\QtQuick\Controls\FluentWinUI3\light\images\rangeslider-groove-disabled@3x.png
   Compressing: E:\markdown_viewer\dist\consumer-upgrade-1.31.0\MarkdownViewer\_internal\PySide6\qml\QtQuick\Controls\FluentWinUI3\light\images\rangeslider-groove-handle-pressed.png
   Compressing: E:\markdown_viewer\dist\consumer-upgrade-1.31.0\MarkdownViewer\_internal\PySide6\qml\QtQuick\Controls\FluentWinUI3\light\images\rangeslider-groove-handle-pressed@2x.png
   Compressing: E:\markdown_viewer\dist\consumer-upgrade-1.31.0\MarkdownViewer\_internal\PySide6\qml\QtQuick\Controls\FluentWinUI3\light\images\rangeslider-groove-handle-pressed@3x.png
   Compressing: E:\markdown_viewer\dist\consumer-upgrade-1.31.0\MarkdownViewer\_internal\PySide6\qml\QtQuick\Controls\FluentWinUI3\light\images\rangeslider-groove-hovered.png
   Compressing: E:\markdown_viewer\dist\consumer-upgrade-1.31.0\MarkdownViewer\_internal\PySide6\qml\QtQuick\Controls\FluentWinUI3\light\images\rangeslider-groove-hovered@2x.png
   Compressing: E:\markdown_viewer\dist\consumer-upgrade-1.31.0\MarkdownViewer\_internal\PySide6\qml\QtQuick\Controls\FluentWinUI3\light\images\rangeslider-groove-hovered@3x.png
   Compressing: E:\markdown_viewer\dist\consumer-upgrade-1.31.0\MarkdownViewer\_internal\PySide6\qml\QtQuick\Controls\FluentWinUI3\light\images\rangeslider-groove.png
   Compressing: E:\markdown_viewer\dist\consumer-upgrade-1.31.0\MarkdownViewer\_internal\PySide6\qml\QtQuick\Controls\FluentWinUI3\light\images\rangeslider-groove@2x.png
   Compressing: E:\markdown_viewer\dist\consumer-upgrade-1.31.0\MarkdownViewer\_internal\PySide6\qml\QtQuick\Controls\FluentWinUI3\light\images\rangeslider-groove@3x.png
   Compressing: E:\markdown_viewer\dist\consumer-upgrade-1.31.0\MarkdownViewer\_internal\PySide6\qml\QtQuick\Controls\FluentWinUI3\light\images\rangeslider-second-handle-disabled.png
   Compressing: E:\markdown_viewer\dist\consumer-upgrade-1.31.0\MarkdownViewer\_internal\PySide6\qml\QtQuick\Controls\FluentWinUI3\light\images\rangeslider-second-handle-disabled@2x.png
   Compressing: E:\markdown_viewer\dist\consumer-upgrade-1.31.0\MarkdownViewer\_internal\PySide6\qml\QtQuick\Controls\FluentWinUI3\light\images\rangeslider-second-handle-disabled@3x.png
   Compressing: E:\markdown_viewer\dist\consumer-upgrade-1.31.0\MarkdownViewer\_internal\PySide6\qml\QtQuick\Controls\FluentWinUI3\light\images\rangeslider-second-handle-handle-pressed.png
   Compressing: E:\markdown_viewer\dist\consumer-upgrade-1.31.0\MarkdownViewer\_internal\PySide6\qml\QtQuick\Controls\FluentWinUI3\light\images\rangeslider-second-handle-handle-pressed@2x.png
   Compressing: E:\markdown_viewer\dist\consumer-upgrade-1.31.0\MarkdownViewer\_internal\PySide6\qml\QtQuick\Controls\FluentWinUI3\light\images\rangeslider-second-handle-handle-pressed@3x.png
   Compressing: E:\markdown_viewer\dist\consumer-upgrade-1.31.0\MarkdownViewer\_internal\PySide6\qml\QtQuick\Controls\FluentWinUI3\light\images\rangeslider-second-handle-hovered.png
   Compressing: E:\markdown_viewer\dist\consumer-upgrade-1.31.0\MarkdownViewer\_internal\PySide6\qml\QtQuick\Controls\FluentWinUI3\light\images\rangeslider-second-handle-hovered@2x.png
   Compressing: E:\markdown_viewer\dist\consumer-upgrade-1.31.0\MarkdownViewer\_internal\PySide6\qml\QtQuick\Controls\FluentWinUI3\light\images\rangeslider-second-handle-hovered@3x.png
   Compressing: E:\markdown_viewer\dist\consumer-upgrade-1.31.0\MarkdownViewer\_internal\PySide6\qml\QtQuick\Controls\FluentWinUI3\light\images\rangeslider-second-handle.png
   Compressing: E:\markdown_viewer\dist\consumer-upgrade-1.31.0\MarkdownViewer\_internal\PySide6\qml\QtQuick\Controls\FluentWinUI3\light\images\rangeslider-second-handle@2x.png
   Compressing: E:\markdown_viewer\dist\consumer-upgrade-1.31.0\MarkdownViewer\_internal\PySide6\qml\QtQuick\Controls\FluentWinUI3\light\images\rangeslider-second-handle@3x.png
   Compressing: E:\markdown_viewer\dist\consumer-upgrade-1.31.0\MarkdownViewer\_internal\PySide6\qml\QtQuick\Controls\FluentWinUI3\light\images\slider-groove-disabled.png
   Compressing: E:\markdown_viewer\dist\consumer-upgrade-1.31.0\MarkdownViewer\_internal\PySide6\qml\QtQuick\Controls\FluentWinUI3\light\images\slider-groove-disabled@2x.png
   Compressing: E:\markdown_viewer\dist\consumer-upgrade-1.31.0\MarkdownViewer\_internal\PySide6\qml\QtQuick\Controls\FluentWinUI3\light\images\slider-groove-disabled@3x.png
   Compressing: E:\markdown_viewer\dist\consumer-upgrade-1.31.0\MarkdownViewer\_internal\PySide6\qml\QtQuick\Controls\FluentWinUI3\light\images\slider-groove-hovered.png
   Compressing: E:\markdown_viewer\dist\consumer-upgrade-1.31.0\MarkdownViewer\_internal\PySide6\qml\QtQuick\Controls\FluentWinUI3\light\images\slider-groove-hovered@2x.png
   Compressing: E:\markdown_viewer\dist\consumer-upgrade-1.31.0\MarkdownViewer\_internal\PySide6\qml\QtQuick\Controls\FluentWinUI3\light\images\slider-groove-hovered@3x.png
   Compressing: E:\markdown_viewer\dist\consumer-upgrade-1.31.0\MarkdownViewer\_internal\PySide6\qml\QtQuick\Controls\FluentWinUI3\light\images\slider-groove-pressed.png
   Compressing: E:\markdown_viewer\dist\consumer-upgrade-1.31.0\MarkdownViewer\_internal\PySide6\qml\QtQuick\Controls\FluentWinUI3\light\images\slider-groove-pressed@2x.png
   Compressing: E:\markdown_viewer\dist\consumer-upgrade-1.31.0\MarkdownViewer\_internal\PySide6\qml\QtQuick\Controls\FluentWinUI3\light\images\slider-groove-pressed@3x.png
   Compressing: E:\markdown_viewer\dist\consumer-upgrade-1.31.0\MarkdownViewer\_internal\PySide6\qml\QtQuick\Controls\FluentWinUI3\light\images\slider-groove.png
   Compressing: E:\markdown_viewer\dist\consumer-upgrade-1.31.0\MarkdownViewer\_internal\PySide6\qml\QtQuick\Controls\FluentWinUI3\light\images\slider-groove@2x.png
   Compressing: E:\markdown_viewer\dist\consumer-upgrade-1.31.0\MarkdownViewer\_internal\PySide6\qml\QtQuick\Controls\FluentWinUI3\light\images\slider-groove@3x.png
   Compressing: E:\markdown_viewer\dist\consumer-upgrade-1.31.0\MarkdownViewer\_internal\PySide6\qml\QtQuick\Controls\FluentWinUI3\light\images\slider-handle-disabled.png
   Compressing: E:\markdown_viewer\dist\consumer-upgrade-1.31.0\MarkdownViewer\_internal\PySide6\qml\QtQuick\Controls\FluentWinUI3\light\images\slider-handle-disabled@2x.png
   Compressing: E:\markdown_viewer\dist\consumer-upgrade-1.31.0\MarkdownViewer\_internal\PySide6\qml\QtQuick\Controls\FluentWinUI3\light\images\slider-handle-disabled@3x.png
   Compressing: E:\markdown_viewer\dist\consumer-upgrade-1.31.0\MarkdownViewer\_internal\PySide6\qml\QtQuick\Controls\FluentWinUI3\light\images\slider-handle-hovered.png
   Compressing: E:\markdown_viewer\dist\consumer-upgrade-1.31.0\MarkdownViewer\_internal\PySide6\qml\QtQuick\Controls\FluentWinUI3\light\images\slider-handle-hovered@2x.png
   Compressing: E:\markdown_viewer\dist\consumer-upgrade-1.31.0\MarkdownViewer\_internal\PySide6\qml\QtQuick\Controls\FluentWinUI3\light\images\slider-handle-hovered@3x.png
   Compressing: E:\markdown_viewer\dist\consumer-upgrade-1.31.0\MarkdownViewer\_internal\PySide6\qml\QtQuick\Controls\FluentWinUI3\light\images\slider-handle-pressed.png
   Compressing: E:\markdown_viewer\dist\consumer-upgrade-1.31.0\MarkdownViewer\_internal\PySide6\qml\QtQuick\Controls\FluentWinUI3\light\images\slider-handle-pressed@2x.png
   Compressing: E:\markdown_viewer\dist\consumer-upgrade-1.31.0\MarkdownViewer\_internal\PySide6\qml\QtQuick\Controls\FluentWinUI3\light\images\slider-handle-pressed@3x.png
   Compressing: E:\markdown_viewer\dist\consumer-upgrade-1.31.0\MarkdownViewer\_internal\PySide6\qml\QtQuick\Controls\FluentWinUI3\light\images\slider-handle.png
   Compressing: E:\markdown_viewer\dist\consumer-upgrade-1.31.0\MarkdownViewer\_internal\PySide6\qml\QtQuick\Controls\FluentWinUI3\light\images\slider-handle@2x.png
   Compressing: E:\markdown_viewer\dist\consumer-upgrade-1.31.0\MarkdownViewer\_internal\PySide6\qml\QtQuick\Controls\FluentWinUI3\light\images\slider-handle@3x.png
   Compressing: E:\markdown_viewer\dist\consumer-upgrade-1.31.0\MarkdownViewer\_internal\PySide6\qml\QtQuick\Controls\FluentWinUI3\light\images\spinbox-background-atlimit.png
   Compressing: E:\markdown_viewer\dist\consumer-upgrade-1.31.0\MarkdownViewer\_internal\PySide6\qml\QtQuick\Controls\FluentWinUI3\light\images\spinbox-background-atlimit@2x.png
   Compressing: E:\markdown_viewer\dist\consumer-upgrade-1.31.0\MarkdownViewer\_internal\PySide6\qml\QtQuick\Controls\FluentWinUI3\light\images\spinbox-background-atlimit@3x.png
   Compressing: E:\markdown_viewer\dist\consumer-upgrade-1.31.0\MarkdownViewer\_internal\PySide6\qml\QtQuick\Controls\FluentWinUI3\light\images\spinbox-background-disabled.png
   Compressing: E:\markdown_viewer\dist\consumer-upgrade-1.31.0\MarkdownViewer\_internal\PySide6\qml\QtQuick\Controls\FluentWinUI3\light\images\spinbox-background-disabled@2x.png
   Compressing: E:\markdown_viewer\dist\consumer-upgrade-1.31.0\MarkdownViewer\_internal\PySide6\qml\QtQuick\Controls\FluentWinUI3\light\images\spinbox-background-disabled@3x.png
   Compressing: E:\markdown_viewer\dist\consumer-upgrade-1.31.0\MarkdownViewer\_internal\PySide6\qml\QtQuick\Controls\FluentWinUI3\light\images\spinbox-background-down-hovered.png
   Compressing: E:\markdown_viewer\dist\consumer-upgrade-1.31.0\MarkdownViewer\_internal\PySide6\qml\QtQuick\Controls\FluentWinUI3\light\images\spinbox-background-down-hovered@2x.png
   Compressing: E:\markdown_viewer\dist\consumer-upgrade-1.31.0\MarkdownViewer\_internal\PySide6\qml\QtQuick\Controls\FluentWinUI3\light\images\spinbox-background-down-hovered@3x.png
   Compressing: E:\markdown_viewer\dist\consumer-upgrade-1.31.0\MarkdownViewer\_internal\PySide6\qml\QtQuick\Controls\FluentWinUI3\light\images\spinbox-background-down-pressed.png
   Compressing: E:\markdown_viewer\dist\consumer-upgrade-1.31.0\MarkdownViewer\_internal\PySide6\qml\QtQuick\Controls\FluentWinUI3\light\images\spinbox-background-down-pressed@2x.png
   Compressing: E:\markdown_viewer\dist\consumer-upgrade-1.31.0\MarkdownViewer\_internal\PySide6\qml\QtQuick\Controls\FluentWinUI3\light\images\spinbox-background-down-pressed@3x.png
   Compressing: E:\markdown_viewer\dist\consumer-upgrade-1.31.0\MarkdownViewer\_internal\PySide6\qml\QtQuick\Controls\FluentWinUI3\light\images\spinbox-background-hovered.png
   Compressing: E:\markdown_viewer\dist\consumer-upgrade-1.31.0\MarkdownViewer\_internal\PySide6\qml\QtQuick\Controls\FluentWinUI3\light\images\spinbox-background-hovered@2x.png
   Compressing: E:\markdown_viewer\dist\consumer-upgrade-1.31.0\MarkdownViewer\_internal\PySide6\qml\QtQuick\Controls\FluentWinUI3\light\images\spinbox-background-hovered@3x.png
   Compressing: E:\markdown_viewer\dist\consumer-upgrade-1.31.0\MarkdownViewer\_internal\PySide6\qml\QtQuick\Controls\FluentWinUI3\light\images\spinbox-background-up-hovered.png
   Compressing: E:\markdown_viewer\dist\consumer-upgrade-1.31.0\MarkdownViewer\_internal\PySide6\qml\QtQuick\Controls\FluentWinUI3\light\images\spinbox-background-up-hovered@2x.png
   Compressing: E:\markdown_viewer\dist\consumer-upgrade-1.31.0\MarkdownViewer\_internal\PySide6\qml\QtQuick\Controls\FluentWinUI3\light\images\spinbox-background-up-hovered@3x.png
   Compressing: E:\markdown_viewer\dist\consumer-upgrade-1.31.0\MarkdownViewer\_internal\PySide6\qml\QtQuick\Controls\FluentWinUI3\light\images\spinbox-background-up-pressed.png
   Compressing: E:\markdown_viewer\dist\consumer-upgrade-1.31.0\MarkdownViewer\_internal\PySide6\qml\QtQuick\Controls\FluentWinUI3\light\images\spinbox-background-up-pressed@2x.png
   Compressing: E:\markdown_viewer\dist\consumer-upgrade-1.31.0\MarkdownViewer\_internal\PySide6\qml\QtQuick\Controls\FluentWinUI3\light\images\spinbox-background-up-pressed@3x.png
   Compressing: E:\markdown_viewer\dist\consumer-upgrade-1.31.0\MarkdownViewer\_internal\PySide6\qml\QtQuick\Controls\FluentWinUI3\light\images\spinbox-background.png
   Compressing: E:\markdown_viewer\dist\consumer-upgrade-1.31.0\MarkdownViewer\_internal\PySide6\qml\QtQuick\Controls\FluentWinUI3\light\images\spinbox-background@2x.png
   Compressing: E:\markdown_viewer\dist\consumer-upgrade-1.31.0\MarkdownViewer\_internal\PySide6\qml\QtQuick\Controls\FluentWinUI3\light\images\spinbox-background@3x.png
   Compressing: E:\markdown_viewer\dist\consumer-upgrade-1.31.0\MarkdownViewer\_internal\PySide6\qml\QtQuick\Controls\FluentWinUI3\light\images\spinbox-indicator-down-background-atlimit.png
   Compressing: E:\markdown_viewer\dist\consumer-upgrade-1.31.0\MarkdownViewer\_internal\PySide6\qml\QtQuick\Controls\FluentWinUI3\light\images\spinbox-indicator-down-background-atlimit@2x.png
   Compressing: E:\markdown_viewer\dist\consumer-upgrade-1.31.0\MarkdownViewer\_internal\PySide6\qml\QtQuick\Controls\FluentWinUI3\light\images\spinbox-indicator-down-background-atlimit@3x.png
   Compressing: E:\markdown_viewer\dist\consumer-upgrade-1.31.0\MarkdownViewer\_internal\PySide6\qml\QtQuick\Controls\FluentWinUI3\light\images\spinbox-indicator-down-background-disabled.png
   Compressing: E:\markdown_viewer\dist\consumer-upgrade-1.31.0\MarkdownViewer\_internal\PySide6\qml\QtQuick\Controls\FluentWinUI3\light\images\spinbox-indicator-down-background-disabled@2x.png
   Compressing: E:\markdown_viewer\dist\consumer-upgrade-1.31.0\MarkdownViewer\_internal\PySide6\qml\QtQuick\Controls\FluentWinUI3\light\images\spinbox-indicator-down-background-disabled@3x.png
   Compressing: E:\markdown_viewer\dist\consumer-upgrade-1.31.0\MarkdownViewer\_internal\PySide6\qml\QtQuick\Controls\FluentWinUI3\light\images\spinbox-indicator-down-background-down-hovered.png
   Compressing: E:\markdown_viewer\dist\consumer-upgrade-1.31.0\MarkdownViewer\_internal\PySide6\qml\QtQuick\Controls\FluentWinUI3\light\images\spinbox-indicator-down-background-down-hovered@2x.png
   Compressing: E:\markdown_viewer\dist\consumer-upgrade-1.31.0\MarkdownViewer\_internal\PySide6\qml\QtQuick\Controls\FluentWinUI3\light\images\spinbox-indicator-down-background-down-hovered@3x.png
   Compressing: E:\markdown_viewer\dist\consumer-upgrade-1.31.0\MarkdownViewer\_internal\PySide6\qml\QtQuick\Controls\FluentWinUI3\light\images\spinbox-indicator-down-background-down-pressed.png
   Compressing: E:\markdown_viewer\dist\consumer-upgrade-1.31.0\MarkdownViewer\_internal\PySide6\qml\QtQuick\Controls\FluentWinUI3\light\images\spinbox-indicator-down-background-down-pressed@2x.png
   Compressing: E:\markdown_viewer\dist\consumer-upgrade-1.31.0\MarkdownViewer\_internal\PySide6\qml\QtQuick\Controls\FluentWinUI3\light\images\spinbox-indicator-down-background-down-pressed@3x.png
   Compressing: E:\markdown_viewer\dist\consumer-upgrade-1.31.0\MarkdownViewer\_internal\PySide6\qml\QtQuick\Controls\FluentWinUI3\light\images\spinbox-indicator-down-background-hovered.png
   Compressing: E:\markdown_viewer\dist\consumer-upgrade-1.31.0\MarkdownViewer\_internal\PySide6\qml\QtQuick\Controls\FluentWinUI3\light\images\spinbox-indicator-down-background-hovered@2x.png
   Compressing: E:\markdown_viewer\dist\consumer-upgrade-1.31.0\MarkdownViewer\_internal\PySide6\qml\QtQuick\Controls\FluentWinUI3\light\images\spinbox-indicator-down-background-hovered@3x.png
   Compressing: E:\markdown_viewer\dist\consumer-upgrade-1.31.0\MarkdownViewer\_internal\PySide6\qml\QtQuick\Controls\FluentWinUI3\light\images\spinbox-indicator-down-background-up-hovered.png
   Compressing: E:\markdown_viewer\dist\consumer-upgrade-1.31.0\MarkdownViewer\_internal\PySide6\qml\QtQuick\Controls\FluentWinUI3\light\images\spinbox-indicator-down-background-up-hovered@2x.png
   Compressing: E:\markdown_viewer\dist\consumer-upgrade-1.31.0\MarkdownViewer\_internal\PySide6\qml\QtQuick\Controls\FluentWinUI3\light\images\spinbox-indicator-down-background-up-hovered@3x.png
   Compressing: E:\markdown_viewer\dist\consumer-upgrade-1.31.0\MarkdownViewer\_internal\PySide6\qml\QtQuick\Controls\FluentWinUI3\light\images\spinbox-indicator-down-background-up-pressed.png
   Compressing: E:\markdown_viewer\dist\consumer-upgrade-1.31.0\MarkdownViewer\_internal\PySide6\qml\QtQuick\Controls\FluentWinUI3\light\images\spinbox-indicator-down-background-up-pressed@2x.png
   Compressing: E:\markdown_viewer\dist\consumer-upgrade-1.31.0\MarkdownViewer\_internal\PySide6\qml\QtQuick\Controls\FluentWinUI3\light\images\spinbox-indicator-down-background-up-pressed@3x.png
   Compressing: E:\markdown_viewer\dist\consumer-upgrade-1.31.0\MarkdownViewer\_internal\PySide6\qml\QtQuick\Controls\FluentWinUI3\light\images\spinbox-indicator-down-background.png
   Compressing: E:\markdown_viewer\dist\consumer-upgrade-1.31.0\MarkdownViewer\_internal\PySide6\qml\QtQuick\Controls\FluentWinUI3\light\images\spinbox-indicator-down-background@2x.png
   Compressing: E:\markdown_viewer\dist\consumer-upgrade-1.31.0\MarkdownViewer\_internal\PySide6\qml\QtQuick\Controls\FluentWinUI3\light\images\spinbox-indicator-down-background@3x.png
   Compressing: E:\markdown_viewer\dist\consumer-upgrade-1.31.0\MarkdownViewer\_internal\PySide6\qml\QtQuick\Controls\FluentWinUI3\light\images\spinbox-indicator-down-icon-atlimit.png
   Compressing: E:\markdown_viewer\dist\consumer-upgrade-1.31.0\MarkdownViewer\_internal\PySide6\qml\QtQuick\Controls\FluentWinUI3\light\images\spinbox-indicator-down-icon-atlimit@2x.png
   Compressing: E:\markdown_viewer\dist\consumer-upgrade-1.31.0\MarkdownViewer\_internal\PySide6\qml\QtQuick\Controls\FluentWinUI3\light\images\spinbox-indicator-down-icon-atlimit@3x.png
   Compressing: E:\markdown_viewer\dist\consumer-upgrade-1.31.0\MarkdownViewer\_internal\PySide6\qml\QtQuick\Controls\FluentWinUI3\light\images\spinbox-indicator-down-icon-disabled.png
   Compressing: E:\markdown_viewer\dist\consumer-upgrade-1.31.0\MarkdownViewer\_internal\PySide6\qml\QtQuick\Controls\FluentWinUI3\light\images\spinbox-indicator-down-icon-disabled@2x.png
   Compressing: E:\markdown_viewer\dist\consumer-upgrade-1.31.0\MarkdownViewer\_internal\PySide6\qml\QtQuick\Controls\FluentWinUI3\light\images\spinbox-indicator-down-icon-disabled@3x.png
   Compressing: E:\markdown_viewer\dist\consumer-upgrade-1.31.0\MarkdownViewer\_internal\PySide6\qml\QtQuick\Controls\FluentWinUI3\light\images\spinbox-indicator-down-icon-down-hovered.png
   Compressing: E:\markdown_viewer\dist\consumer-upgrade-1.31.0\MarkdownViewer\_internal\PySide6\qml\QtQuick\Controls\FluentWinUI3\light\images\spinbox-indicator-down-icon-down-hovered@2x.png
   Compressing: E:\markdown_viewer\dist\consumer-upgrade-1.31.0\MarkdownViewer\_internal\PySide6\qml\QtQuick\Controls\FluentWinUI3\light\images\spinbox-indicator-down-icon-down-hovered@3x.png
   Compressing: E:\markdown_viewer\dist\consumer-upgrade-1.31.0\MarkdownViewer\_internal\PySide6\qml\QtQuick\Controls\FluentWinUI3\light\images\spinbox-indicator-down-icon-down-pressed.png
   Compressing: E:\markdown_viewer\dist\consumer-upgrade-1.31.0\MarkdownViewer\_internal\PySide6\qml\QtQuick\Controls\FluentWinUI3\light\images\spinbox-indicator-down-icon-down-pressed@2x.png
   Compressing: E:\markdown_viewer\dist\consumer-upgrade-1.31.0\MarkdownViewer\_internal\PySide6\qml\QtQuick\Controls\FluentWinUI3\light\images\spinbox-indicator-down-icon-down-pressed@3x.png
   Compressing: E:\markdown_viewer\dist\consumer-upgrade-1.31.0\MarkdownViewer\_internal\PySide6\qml\QtQuick\Controls\FluentWinUI3\light\images\spinbox-indicator-down-icon-hovered.png
   Compressing: E:\markdown_viewer\dist\consumer-upgrade-1.31.0\MarkdownViewer\_internal\PySide6\qml\QtQuick\Controls\FluentWinUI3\light\images\spinbox-indicator-down-icon-hovered@2x.png
   Compressing: E:\markdown_viewer\dist\consumer-upgrade-1.31.0\MarkdownViewer\_internal\PySide6\qml\QtQuick\Controls\FluentWinUI3\light\images\spinbox-indicator-down-icon-hovered@3x.png
   Compressing: E:\markdown_viewer\dist\consumer-upgrade-1.31.0\MarkdownViewer\_internal\PySide6\qml\QtQuick\Controls\FluentWinUI3\light\images\spinbox-indicator-down-icon-up-hovered.png
   Compressing: E:\markdown_viewer\dist\consumer-upgrade-1.31.0\MarkdownViewer\_internal\PySide6\qml\QtQuick\Controls\FluentWinUI3\light\images\spinbox-indicator-down-icon-up-hovered@2x.png
   Compressing: E:\markdown_viewer\dist\consumer-upgrade-1.31.0\MarkdownViewer\_internal\PySide6\qml\QtQuick\Controls\FluentWinUI3\light\images\spinbox-indicator-down-icon-up-hovered@3x.png
   Compressing: E:\markdown_viewer\dist\consumer-upgrade-1.31.0\MarkdownViewer\_internal\PySide6\qml\QtQuick\Controls\FluentWinUI3\light\images\spinbox-indicator-down-icon-up-pressed.png
   Compressing: E:\markdown_viewer\dist\consumer-upgrade-1.31.0\MarkdownViewer\_internal\PySide6\qml\QtQuick\Controls\FluentWinUI3\light\images\spinbox-indicator-down-icon-up-pressed@2x.png
   Compressing: E:\markdown_viewer\dist\consumer-upgrade-1.31.0\MarkdownViewer\_internal\PySide6\qml\QtQuick\Controls\FluentWinUI3\light\images\spinbox-indicator-down-icon-up-pressed@3x.png
   Compressing: E:\markdown_viewer\dist\consumer-upgrade-1.31.0\MarkdownViewer\_internal\PySide6\qml\QtQuick\Controls\FluentWinUI3\light\images\spinbox-indicator-down-icon.png
   Compressing: E:\markdown_viewer\dist\consumer-upgrade-1.31.0\MarkdownViewer\_internal\PySide6\qml\QtQuick\Controls\FluentWinUI3\light\images\spinbox-indicator-down-icon@2x.png
   Compressing: E:\markdown_viewer\dist\consumer-upgrade-1.31.0\MarkdownViewer\_internal\PySide6\qml\QtQuick\Controls\FluentWinUI3\light\images\spinbox-indicator-down-icon@3x.png
   Compressing: E:\markdown_viewer\dist\consumer-upgrade-1.31.0\MarkdownViewer\_internal\PySide6\qml\QtQuick\Controls\FluentWinUI3\light\images\spinbox-indicator-up-background-atlimit.png
   Compressing: E:\markdown_viewer\dist\consumer-upgrade-1.31.0\MarkdownViewer\_internal\PySide6\qml\QtQuick\Controls\FluentWinUI3\light\images\spinbox-indicator-up-background-atlimit@2x.png
   Compressing: E:\markdown_viewer\dist\consumer-upgrade-1.31.0\MarkdownViewer\_internal\PySide6\qml\QtQuick\Controls\FluentWinUI3\light\images\spinbox-indicator-up-background-atlimit@3x.png
   Compressing: E:\markdown_viewer\dist\consumer-upgrade-1.31.0\MarkdownViewer\_internal\PySide6\qml\QtQuick\Controls\FluentWinUI3\light\images\spinbox-indicator-up-background-disabled.png
   Compressing: E:\markdown_viewer\dist\consumer-upgrade-1.31.0\MarkdownViewer\_internal\PySide6\qml\QtQuick\Controls\FluentWinUI3\light\images\spinbox-indicator-up-background-disabled@2x.png
   Compressing: E:\markdown_viewer\dist\consumer-upgrade-1.31.0\MarkdownViewer\_internal\PySide6\qml\QtQuick\Controls\FluentWinUI3\light\images\spinbox-indicator-up-background-disabled@3x.png
   Compressing: E:\markdown_viewer\dist\consumer-upgrade-1.31.0\MarkdownViewer\_internal\PySide6\qml\QtQuick\Controls\FluentWinUI3\light\images\spinbox-indicator-up-background-down-hovered.png
   Compressing: E:\markdown_viewer\dist\consumer-upgrade-1.31.0\MarkdownViewer\_internal\PySide6\qml\QtQuick\Controls\FluentWinUI3\light\images\spinbox-indicator-up-background-down-hovered@2x.png
   Compressing: E:\markdown_viewer\dist\consumer-upgrade-1.31.0\MarkdownViewer\_internal\PySide6\qml\QtQuick\Controls\FluentWinUI3\light\images\spinbox-indicator-up-background-down-hovered@3x.png
   Compressing: E:\markdown_viewer\dist\consumer-upgrade-1.31.0\MarkdownViewer\_internal\PySide6\qml\QtQuick\Controls\FluentWinUI3\light\images\spinbox-indicator-up-background-down-pressed.png
   Compressing: E:\markdown_viewer\dist\consumer-upgrade-1.31.0\MarkdownViewer\_internal\PySide6\qml\QtQuick\Controls\FluentWinUI3\light\images\spinbox-indicator-up-background-down-pressed@2x.png
   Compressing: E:\markdown_viewer\dist\consumer-upgrade-1.31.0\MarkdownViewer\_internal\PySide6\qml\QtQuick\Controls\FluentWinUI3\light\images\spinbox-indicator-up-background-down-pressed@3x.png
   Compressing: E:\markdown_viewer\dist\consumer-upgrade-1.31.0\MarkdownViewer\_internal\PySide6\qml\QtQuick\Controls\FluentWinUI3\light\images\spinbox-indicator-up-background-hovered.png
   Compressing: E:\markdown_viewer\dist\consumer-upgrade-1.31.0\MarkdownViewer\_internal\PySide6\qml\QtQuick\Controls\FluentWinUI3\light\images\spinbox-indicator-up-background-hovered@2x.png
   Compressing: E:\markdown_viewer\dist\consumer-upgrade-1.31.0\MarkdownViewer\_internal\PySide6\qml\QtQuick\Controls\FluentWinUI3\light\images\spinbox-indicator-up-background-hovered@3x.png
   Compressing: E:\markdown_viewer\dist\consumer-upgrade-1.31.0\MarkdownViewer\_internal\PySide6\qml\QtQuick\Controls\FluentWinUI3\light\images\spinbox-indicator-up-background-up-hovered.png
   Compressing: E:\markdown_viewer\dist\consumer-upgrade-1.31.0\MarkdownViewer\_internal\PySide6\qml\QtQuick\Controls\FluentWinUI3\light\images\spinbox-indicator-up-background-up-hovered@2x.png
   Compressing: E:\markdown_viewer\dist\consumer-upgrade-1.31.0\MarkdownViewer\_internal\PySide6\qml\QtQuick\Controls\FluentWinUI3\light\images\spinbox-indicator-up-background-up-hovered@3x.png
   Compressing: E:\markdown_viewer\dist\consumer-upgrade-1.31.0\MarkdownViewer\_internal\PySide6\qml\QtQuick\Controls\FluentWinUI3\light\images\spinbox-indicator-up-background-up-pressed.png
   Compressing: E:\markdown_viewer\dist\consumer-upgrade-1.31.0\MarkdownViewer\_internal\PySide6\qml\QtQuick\Controls\FluentWinUI3\light\images\spinbox-indicator-up-background-up-pressed@2x.png
   Compressing: E:\markdown_viewer\dist\consumer-upgrade-1.31.0\MarkdownViewer\_internal\PySide6\qml\QtQuick\Controls\FluentWinUI3\light\images\spinbox-indicator-up-background-up-pressed@3x.png
   Compressing: E:\markdown_viewer\dist\consumer-upgrade-1.31.0\MarkdownViewer\_internal\PySide6\qml\QtQuick\Controls\FluentWinUI3\light\images\spinbox-indicator-up-background.png
   Compressing: E:\markdown_viewer\dist\consumer-upgrade-1.31.0\MarkdownViewer\_internal\PySide6\qml\QtQuick\Controls\FluentWinUI3\light\images\spinbox-indicator-up-background@2x.png
   Compressing: E:\markdown_viewer\dist\consumer-upgrade-1.31.0\MarkdownViewer\_internal\PySide6\qml\QtQuick\Controls\FluentWinUI3\light\images\spinbox-indicator-up-background@3x.png
   Compressing: E:\markdown_viewer\dist\consumer-upgrade-1.31.0\MarkdownViewer\_internal\PySide6\qml\QtQuick\Controls\FluentWinUI3\light\images\spinbox-indicator-up-icon-atlimit.png
   Compressing: E:\markdown_viewer\dist\consumer-upgrade-1.31.0\MarkdownViewer\_internal\PySide6\qml\QtQuick\Controls\FluentWinUI3\light\images\spinbox-indicator-up-icon-atlimit@2x.png
   Compressing: E:\markdown_viewer\dist\consumer-upgrade-1.31.0\MarkdownViewer\_internal\PySide6\qml\QtQuick\Controls\FluentWinUI3\light\images\spinbox-indicator-up-icon-atlimit@3x.png
   Compressing: E:\markdown_viewer\dist\consumer-upgrade-1.31.0\MarkdownViewer\_internal\PySide6\qml\QtQuick\Controls\FluentWinUI3\light\images\spinbox-indicator-up-icon-disabled.png
   Compressing: E:\markdown_viewer\dist\consumer-upgrade-1.31.0\MarkdownViewer\_internal\PySide6\qml\QtQuick\Controls\FluentWinUI3\light\images\spinbox-indicator-up-icon-disabled@2x.png
   Compressing: E:\markdown_viewer\dist\consumer-upgrade-1.31.0\MarkdownViewer\_internal\PySide6\qml\QtQuick\Controls\FluentWinUI3\light\images\spinbox-indicator-up-icon-disabled@3x.png
   Compressing: E:\markdown_viewer\dist\consumer-upgrade-1.31.0\MarkdownViewer\_internal\PySide6\qml\QtQuick\Controls\FluentWinUI3\light\images\spinbox-indicator-up-icon-down-hovered.png
   Compressing: E:\markdown_viewer\dist\consumer-upgrade-1.31.0\MarkdownViewer\_internal\PySide6\qml\QtQuick\Controls\FluentWinUI3\light\images\spinbox-indicator-up-icon-down-hovered@2x.png
   Compressing: E:\markdown_viewer\dist\consumer-upgrade-1.31.0\MarkdownViewer\_internal\PySide6\qml\QtQuick\Controls\FluentWinUI3\light\images\spinbox-indicator-up-icon-down-hovered@3x.png
   Compressing: E:\markdown_viewer\dist\consumer-upgrade-1.31.0\MarkdownViewer\_internal\PySide6\qml\QtQuick\Controls\FluentWinUI3\light\images\spinbox-indicator-up-icon-down-pressed.png
   Compressing: E:\markdown_viewer\dist\consumer-upgrade-1.31.0\MarkdownViewer\_internal\PySide6\qml\QtQuick\Controls\FluentWinUI3\light\images\spinbox-indicator-up-icon-down-pressed@2x.png
   Compressing: E:\markdown_viewer\dist\consumer-upgrade-1.31.0\MarkdownViewer\_internal\PySide6\qml\QtQuick\Controls\FluentWinUI3\light\images\spinbox-indicator-up-icon-down-pressed@3x.png
   Compressing: E:\markdown_viewer\dist\consumer-upgrade-1.31.0\MarkdownViewer\_internal\PySide6\qml\QtQuick\Controls\FluentWinUI3\light\images\spinbox-indicator-up-icon-hovered.png
   Compressing: E:\markdown_viewer\dist\consumer-upgrade-1.31.0\MarkdownViewer\_internal\PySide6\qml\QtQuick\Controls\FluentWinUI3\light\images\spinbox-indicator-up-icon-hovered@2x.png
   Compressing: E:\markdown_viewer\dist\consumer-upgrade-1.31.0\MarkdownViewer\_internal\PySide6\qml\QtQuick\Controls\FluentWinUI3\light\images\spinbox-indicator-up-icon-hovered@3x.png
   Compressing: E:\markdown_viewer\dist\consumer-upgrade-1.31.0\MarkdownViewer\_internal\PySide6\qml\QtQuick\Controls\FluentWinUI3\light\images\spinbox-indicator-up-icon-up-hovered.png
   Compressing: E:\markdown_viewer\dist\consumer-upgrade-1.31.0\MarkdownViewer\_internal\PySide6\qml\QtQuick\Controls\FluentWinUI3\light\images\spinbox-indicator-up-icon-up-hovered@2x.png
   Compressing: E:\markdown_viewer\dist\consumer-upgrade-1.31.0\MarkdownViewer\_internal\PySide6\qml\QtQuick\Controls\FluentWinUI3\light\images\spinbox-indicator-up-icon-up-hovered@3x.png
   Compressing: E:\markdown_viewer\dist\consumer-upgrade-1.31.0\MarkdownViewer\_internal\PySide6\qml\QtQuick\Controls\FluentWinUI3\light\images\spinbox-indicator-up-icon-up-pressed.png
   Compressing: E:\markdown_viewer\dist\consumer-upgrade-1.31.0\MarkdownViewer\_internal\PySide6\qml\QtQuick\Controls\FluentWinUI3\light\images\spinbox-indicator-up-icon-up-pressed@2x.png
   Compressing: E:\markdown_viewer\dist\consumer-upgrade-1.31.0\MarkdownViewer\_internal\PySide6\qml\QtQuick\Controls\FluentWinUI3\light\images\spinbox-indicator-up-icon-up-pressed@3x.png
   Compressing: E:\markdown_viewer\dist\consumer-upgrade-1.31.0\MarkdownViewer\_internal\PySide6\qml\QtQuick\Controls\FluentWinUI3\light\images\spinbox-indicator-up-icon.png
   Compressing: E:\markdown_viewer\dist\consumer-upgrade-1.31.0\MarkdownViewer\_internal\PySide6\qml\QtQuick\Controls\FluentWinUI3\light\images\spinbox-indicator-up-icon@2x.png
   Compressing: E:\markdown_viewer\dist\consumer-upgrade-1.31.0\MarkdownViewer\_internal\PySide6\qml\QtQuick\Controls\FluentWinUI3\light\images\spinbox-indicator-up-icon@3x.png
   Compressing: E:\markdown_viewer\dist\consumer-upgrade-1.31.0\MarkdownViewer\_internal\PySide6\qml\QtQuick\Controls\FluentWinUI3\light\images\textarea-background-disabled.png
   Compressing: E:\markdown_viewer\dist\consumer-upgrade-1.31.0\MarkdownViewer\_internal\PySide6\qml\QtQuick\Controls\FluentWinUI3\light\images\textarea-background-disabled@2x.png
   Compressing: E:\markdown_viewer\dist\consumer-upgrade-1.31.0\MarkdownViewer\_internal\PySide6\qml\QtQuick\Controls\FluentWinUI3\light\images\textarea-background-disabled@3x.png
   Compressing: E:\markdown_viewer\dist\consumer-upgrade-1.31.0\MarkdownViewer\_internal\PySide6\qml\QtQuick\Controls\FluentWinUI3\light\images\textarea-background-focused.png
   Compressing: E:\markdown_viewer\dist\consumer-upgrade-1.31.0\MarkdownViewer\_internal\PySide6\qml\QtQuick\Controls\FluentWinUI3\light\images\textarea-background-focused@2x.png
   Compressing: E:\markdown_viewer\dist\consumer-upgrade-1.31.0\MarkdownViewer\_internal\PySide6\qml\QtQuick\Controls\FluentWinUI3\light\images\textarea-background-focused@3x.png
   Compressing: E:\markdown_viewer\dist\consumer-upgrade-1.31.0\MarkdownViewer\_internal\PySide6\qml\QtQuick\Controls\FluentWinUI3\light\images\textarea-background-hovered.png
   Compressing: E:\markdown_viewer\dist\consumer-upgrade-1.31.0\MarkdownViewer\_internal\PySide6\qml\QtQuick\Controls\FluentWinUI3\light\images\textarea-background-hovered@2x.png
   Compressing: E:\markdown_viewer\dist\consumer-upgrade-1.31.0\MarkdownViewer\_internal\PySide6\qml\QtQuick\Controls\FluentWinUI3\light\images\textarea-background-hovered@3x.png
   Compressing: E:\markdown_viewer\dist\consumer-upgrade-1.31.0\MarkdownViewer\_internal\PySide6\qml\QtQuick\Controls\FluentWinUI3\light\images\textarea-background.png
   Compressing: E:\markdown_viewer\dist\consumer-upgrade-1.31.0\MarkdownViewer\_internal\PySide6\qml\QtQuick\Controls\FluentWinUI3\light\images\textarea-background@2x.png
   Compressing: E:\markdown_viewer\dist\consumer-upgrade-1.31.0\MarkdownViewer\_internal\PySide6\qml\QtQuick\Controls\FluentWinUI3\light\images\textarea-background@3x.png
   Compressing: E:\markdown_viewer\dist\consumer-upgrade-1.31.0\MarkdownViewer\_internal\PySide6\qml\QtQuick\Controls\FluentWinUI3\light\images\textfield-background-disabled.png
   Compressing: E:\markdown_viewer\dist\consumer-upgrade-1.31.0\MarkdownViewer\_internal\PySide6\qml\QtQuick\Controls\FluentWinUI3\light\images\textfield-background-disabled@2x.png
   Compressing: E:\markdown_viewer\dist\consumer-upgrade-1.31.0\MarkdownViewer\_internal\PySide6\qml\QtQuick\Controls\FluentWinUI3\light\images\textfield-background-disabled@3x.png
   Compressing: E:\markdown_viewer\dist\consumer-upgrade-1.31.0\MarkdownViewer\_internal\PySide6\qml\QtQuick\Controls\FluentWinUI3\light\images\textfield-background-focused.png
   Compressing: E:\markdown_viewer\dist\consumer-upgrade-1.31.0\MarkdownViewer\_internal\PySide6\qml\QtQuick\Controls\FluentWinUI3\light\images\textfield-background-focused@2x.png
   Compressing: E:\markdown_viewer\dist\consumer-upgrade-1.31.0\MarkdownViewer\_internal\PySide6\qml\QtQuick\Controls\FluentWinUI3\light\images\textfield-background-focused@3x.png
   Compressing: E:\markdown_viewer\dist\consumer-upgrade-1.31.0\MarkdownViewer\_internal\PySide6\qml\QtQuick\Controls\FluentWinUI3\light\images\textfield-background-hovered.png
   Compressing: E:\markdown_viewer\dist\consumer-upgrade-1.31.0\MarkdownViewer\_internal\PySide6\qml\QtQuick\Controls\FluentWinUI3\light\images\textfield-background-hovered@2x.png
   Compressing: E:\markdown_viewer\dist\consumer-upgrade-1.31.0\MarkdownViewer\_internal\PySide6\qml\QtQuick\Controls\FluentWinUI3\light\images\textfield-background-hovered@3x.png
   Compressing: E:\markdown_viewer\dist\consumer-upgrade-1.31.0\MarkdownViewer\_internal\PySide6\qml\QtQuick\Controls\FluentWinUI3\light\images\textfield-background.png
   Compressing: E:\markdown_viewer\dist\consumer-upgrade-1.31.0\MarkdownViewer\_internal\PySide6\qml\QtQuick\Controls\FluentWinUI3\light\images\textfield-background@2x.png
   Compressing: E:\markdown_viewer\dist\consumer-upgrade-1.31.0\MarkdownViewer\_internal\PySide6\qml\QtQuick\Controls\FluentWinUI3\light\images\textfield-background@3x.png
   Compressing: E:\markdown_viewer\dist\consumer-upgrade-1.31.0\MarkdownViewer\_internal\PySide6\qml\QtQuick\Controls\Fusion\ApplicationWindow.qml
   Compressing: E:\markdown_viewer\dist\consumer-upgrade-1.31.0\MarkdownViewer\_internal\PySide6\qml\QtQuick\Controls\Fusion\BusyIndicator.qml
   Compressing: E:\markdown_viewer\dist\consumer-upgrade-1.31.0\MarkdownViewer\_internal\PySide6\qml\QtQuick\Controls\Fusion\Button.qml
   Compressing: E:\markdown_viewer\dist\consumer-upgrade-1.31.0\MarkdownViewer\_internal\PySide6\qml\QtQuick\Controls\Fusion\CheckBox.qml
   Compressing: E:\markdown_viewer\dist\consumer-upgrade-1.31.0\MarkdownViewer\_internal\PySide6\qml\QtQuick\Controls\Fusion\CheckDelegate.qml
   Compressing: E:\markdown_viewer\dist\consumer-upgrade-1.31.0\MarkdownViewer\_internal\PySide6\qml\QtQuick\Controls\Fusion\ComboBox.qml
   Compressing: E:\markdown_viewer\dist\consumer-upgrade-1.31.0\MarkdownViewer\_internal\PySide6\qml\QtQuick\Controls\Fusion\DelayButton.qml
   Compressing: E:\markdown_viewer\dist\consumer-upgrade-1.31.0\MarkdownViewer\_internal\PySide6\qml\QtQuick\Controls\Fusion\Dial.qml
   Compressing: E:\markdown_viewer\dist\consumer-upgrade-1.31.0\MarkdownViewer\_internal\PySide6\qml\QtQuick\Controls\Fusion\Dialog.qml
   Compressing: E:\markdown_viewer\dist\consumer-upgrade-1.31.0\MarkdownViewer\_internal\PySide6\qml\QtQuick\Controls\Fusion\DialogButtonBox.qml
   Compressing: E:\markdown_viewer\dist\consumer-upgrade-1.31.0\MarkdownViewer\_internal\PySide6\qml\QtQuick\Controls\Fusion\DoubleSpinBox.qml
   Compressing: E:\markdown_viewer\dist\consumer-upgrade-1.31.0\MarkdownViewer\_internal\PySide6\qml\QtQuick\Controls\Fusion\Drawer.qml
   Compressing: E:\markdown_viewer\dist\consumer-upgrade-1.31.0\MarkdownViewer\_internal\PySide6\qml\QtQuick\Controls\Fusion\Frame.qml
   Compressing: E:\markdown_viewer\dist\consumer-upgrade-1.31.0\MarkdownViewer\_internal\PySide6\qml\QtQuick\Controls\Fusion\GroupBox.qml
   Compressing: E:\markdown_viewer\dist\consumer-upgrade-1.31.0\MarkdownViewer\_internal\PySide6\qml\QtQuick\Controls\Fusion\HorizontalHeaderView.qml
   Compressing: E:\markdown_viewer\dist\consumer-upgrade-1.31.0\MarkdownViewer\_internal\PySide6\qml\QtQuick\Controls\Fusion\HorizontalHeaderViewDelegate.qml
   Compressing: E:\markdown_viewer\dist\consumer-upgrade-1.31.0\MarkdownViewer\_internal\PySide6\qml\QtQuick\Controls\Fusion\ItemDelegate.qml
   Compressing: E:\markdown_viewer\dist\consumer-upgrade-1.31.0\MarkdownViewer\_internal\PySide6\qml\QtQuick\Controls\Fusion\Label.qml
   Compressing: E:\markdown_viewer\dist\consumer-upgrade-1.31.0\MarkdownViewer\_internal\PySide6\qml\QtQuick\Controls\Fusion\Menu.qml
   Compressing: E:\markdown_viewer\dist\consumer-upgrade-1.31.0\MarkdownViewer\_internal\PySide6\qml\QtQuick\Controls\Fusion\MenuBar.qml
   Compressing: E:\markdown_viewer\dist\consumer-upgrade-1.31.0\MarkdownViewer\_internal\PySide6\qml\QtQuick\Controls\Fusion\MenuBarItem.qml
   Compressing: E:\markdown_viewer\dist\consumer-upgrade-1.31.0\MarkdownViewer\_internal\PySide6\qml\QtQuick\Controls\Fusion\MenuItem.qml
   Compressing: E:\markdown_viewer\dist\consumer-upgrade-1.31.0\MarkdownViewer\_internal\PySide6\qml\QtQuick\Controls\Fusion\MenuSeparator.qml
   Compressing: E:\markdown_viewer\dist\consumer-upgrade-1.31.0\MarkdownViewer\_internal\PySide6\qml\QtQuick\Controls\Fusion\Page.qml
   Compressing: E:\markdown_viewer\dist\consumer-upgrade-1.31.0\MarkdownViewer\_internal\PySide6\qml\QtQuick\Controls\Fusion\PageIndicator.qml
   Compressing: E:\markdown_viewer\dist\consumer-upgrade-1.31.0\MarkdownViewer\_internal\PySide6\qml\QtQuick\Controls\Fusion\Pane.qml
   Compressing: E:\markdown_viewer\dist\consumer-upgrade-1.31.0\MarkdownViewer\_internal\PySide6\qml\QtQuick\Controls\Fusion\plugins.qmltypes
   Compressing: E:\markdown_viewer\dist\consumer-upgrade-1.31.0\MarkdownViewer\_internal\PySide6\qml\QtQuick\Controls\Fusion\Popup.qml
   Compressing: E:\markdown_viewer\dist\consumer-upgrade-1.31.0\MarkdownViewer\_internal\PySide6\qml\QtQuick\Controls\Fusion\ProgressBar.qml
   Compressing: E:\markdown_viewer\dist\consumer-upgrade-1.31.0\MarkdownViewer\_internal\PySide6\qml\QtQuick\Controls\Fusion\qmldir
   Compressing: E:\markdown_viewer\dist\consumer-upgrade-1.31.0\MarkdownViewer\_internal\PySide6\qml\QtQuick\Controls\Fusion\qtquickcontrols2fusionstyleplugin.dll
   Compressing: E:\markdown_viewer\dist\consumer-upgrade-1.31.0\MarkdownViewer\_internal\PySide6\qml\QtQuick\Controls\Fusion\RadioButton.qml
   Compressing: E:\markdown_viewer\dist\consumer-upgrade-1.31.0\MarkdownViewer\_internal\PySide6\qml\QtQuick\Controls\Fusion\RadioDelegate.qml
   Compressing: E:\markdown_viewer\dist\consumer-upgrade-1.31.0\MarkdownViewer\_internal\PySide6\qml\QtQuick\Controls\Fusion\RangeSlider.qml
   Compressing: E:\markdown_viewer\dist\consumer-upgrade-1.31.0\MarkdownViewer\_internal\PySide6\qml\QtQuick\Controls\Fusion\RoundButton.qml
   Compressing: E:\markdown_viewer\dist\consumer-upgrade-1.31.0\MarkdownViewer\_internal\PySide6\qml\QtQuick\Controls\Fusion\ScrollBar.qml
   Compressing: E:\markdown_viewer\dist\consumer-upgrade-1.31.0\MarkdownViewer\_internal\PySide6\qml\QtQuick\Controls\Fusion\ScrollIndicator.qml
   Compressing: E:\markdown_viewer\dist\consumer-upgrade-1.31.0\MarkdownViewer\_internal\PySide6\qml\QtQuick\Controls\Fusion\ScrollView.qml
   Compressing: E:\markdown_viewer\dist\consumer-upgrade-1.31.0\MarkdownViewer\_internal\PySide6\qml\QtQuick\Controls\Fusion\SearchField.qml
   Compressing: E:\markdown_viewer\dist\consumer-upgrade-1.31.0\MarkdownViewer\_internal\PySide6\qml\QtQuick\Controls\Fusion\SelectionRectangle.qml
   Compressing: E:\markdown_viewer\dist\consumer-upgrade-1.31.0\MarkdownViewer\_internal\PySide6\qml\QtQuick\Controls\Fusion\Slider.qml
   Compressing: E:\markdown_viewer\dist\consumer-upgrade-1.31.0\MarkdownViewer\_internal\PySide6\qml\QtQuick\Controls\Fusion\SpinBox.qml
   Compressing: E:\markdown_viewer\dist\consumer-upgrade-1.31.0\MarkdownViewer\_internal\PySide6\qml\QtQuick\Controls\Fusion\SplitView.qml
   Compressing: E:\markdown_viewer\dist\consumer-upgrade-1.31.0\MarkdownViewer\_internal\PySide6\qml\QtQuick\Controls\Fusion\SwipeDelegate.qml
   Compressing: E:\markdown_viewer\dist\consumer-upgrade-1.31.0\MarkdownViewer\_internal\PySide6\qml\QtQuick\Controls\Fusion\Switch.qml
   Compressing: E:\markdown_viewer\dist\consumer-upgrade-1.31.0\MarkdownViewer\_internal\PySide6\qml\QtQuick\Controls\Fusion\SwitchDelegate.qml
   Compressing: E:\markdown_viewer\dist\consumer-upgrade-1.31.0\MarkdownViewer\_internal\PySide6\qml\QtQuick\Controls\Fusion\TabBar.qml
   Compressing: E:\markdown_viewer\dist\consumer-upgrade-1.31.0\MarkdownViewer\_internal\PySide6\qml\QtQuick\Controls\Fusion\TabButton.qml
   Compressing: E:\markdown_viewer\dist\consumer-upgrade-1.31.0\MarkdownViewer\_internal\PySide6\qml\QtQuick\Controls\Fusion\TextArea.qml
   Compressing: E:\markdown_viewer\dist\consumer-upgrade-1.31.0\MarkdownViewer\_internal\PySide6\qml\QtQuick\Controls\Fusion\TextField.qml
   Compressing: E:\markdown_viewer\dist\consumer-upgrade-1.31.0\MarkdownViewer\_internal\PySide6\qml\QtQuick\Controls\Fusion\ToolBar.qml
   Compressing: E:\markdown_viewer\dist\consumer-upgrade-1.31.0\MarkdownViewer\_internal\PySide6\qml\QtQuick\Controls\Fusion\ToolButton.qml
   Compressing: E:\markdown_viewer\dist\consumer-upgrade-1.31.0\MarkdownViewer\_internal\PySide6\qml\QtQuick\Controls\Fusion\ToolSeparator.qml
   Compressing: E:\markdown_viewer\dist\consumer-upgrade-1.31.0\MarkdownViewer\_internal\PySide6\qml\QtQuick\Controls\Fusion\ToolTip.qml
   Compressing: E:\markdown_viewer\dist\consumer-upgrade-1.31.0\MarkdownViewer\_internal\PySide6\qml\QtQuick\Controls\Fusion\TreeViewDelegate.qml
   Compressing: E:\markdown_viewer\dist\consumer-upgrade-1.31.0\MarkdownViewer\_internal\PySide6\qml\QtQuick\Controls\Fusion\Tumbler.qml
   Compressing: E:\markdown_viewer\dist\consumer-upgrade-1.31.0\MarkdownViewer\_internal\PySide6\qml\QtQuick\Controls\Fusion\VerticalHeaderView.qml
   Compressing: E:\markdown_viewer\dist\consumer-upgrade-1.31.0\MarkdownViewer\_internal\PySide6\qml\QtQuick\Controls\Fusion\VerticalHeaderViewDelegate.qml
   Compressing: E:\markdown_viewer\dist\consumer-upgrade-1.31.0\MarkdownViewer\_internal\PySide6\qml\QtQuick\Controls\Fusion\impl\ButtonPanel.qml
   Compressing: E:\markdown_viewer\dist\consumer-upgrade-1.31.0\MarkdownViewer\_internal\PySide6\qml\QtQuick\Controls\Fusion\impl\CheckIndicator.qml
   Compressing: E:\markdown_viewer\dist\consumer-upgrade-1.31.0\MarkdownViewer\_internal\PySide6\qml\QtQuick\Controls\Fusion\impl\CopyAction.qml
   Compressing: E:\markdown_viewer\dist\consumer-upgrade-1.31.0\MarkdownViewer\_internal\PySide6\qml\QtQuick\Controls\Fusion\impl\CutAction.qml
   Compressing: E:\markdown_viewer\dist\consumer-upgrade-1.31.0\MarkdownViewer\_internal\PySide6\qml\QtQuick\Controls\Fusion\impl\DeleteAction.qml
   Compressing: E:\markdown_viewer\dist\consumer-upgrade-1.31.0\MarkdownViewer\_internal\PySide6\qml\QtQuick\Controls\Fusion\impl\PasteAction.qml
   Compressing: E:\markdown_viewer\dist\consumer-upgrade-1.31.0\MarkdownViewer\_internal\PySide6\qml\QtQuick\Controls\Fusion\impl\plugins.qmltypes
   Compressing: E:\markdown_viewer\dist\consumer-upgrade-1.31.0\MarkdownViewer\_internal\PySide6\qml\QtQuick\Controls\Fusion\impl\qmldir
   Compressing: E:\markdown_viewer\dist\consumer-upgrade-1.31.0\MarkdownViewer\_internal\PySide6\qml\QtQuick\Controls\Fusion\impl\qtquickcontrols2fusionstyleimplplugin.dll
   Compressing: E:\markdown_viewer\dist\consumer-upgrade-1.31.0\MarkdownViewer\_internal\PySide6\qml\QtQuick\Controls\Fusion\impl\RadioIndicator.qml
   Compressing: E:\markdown_viewer\dist\consumer-upgrade-1.31.0\MarkdownViewer\_internal\PySide6\qml\QtQuick\Controls\Fusion\impl\RedoAction.qml
   Compressing: E:\markdown_viewer\dist\consumer-upgrade-1.31.0\MarkdownViewer\_internal\PySide6\qml\QtQuick\Controls\Fusion\impl\SelectAllAction.qml
   Compressing: E:\markdown_viewer\dist\consumer-upgrade-1.31.0\MarkdownViewer\_internal\PySide6\qml\QtQuick\Controls\Fusion\impl\SliderGroove.qml
   Compressing: E:\markdown_viewer\dist\consumer-upgrade-1.31.0\MarkdownViewer\_internal\PySide6\qml\QtQuick\Controls\Fusion\impl\SliderHandle.qml
   Compressing: E:\markdown_viewer\dist\consumer-upgrade-1.31.0\MarkdownViewer\_internal\PySide6\qml\QtQuick\Controls\Fusion\impl\SwitchIndicator.qml
   Compressing: E:\markdown_viewer\dist\consumer-upgrade-1.31.0\MarkdownViewer\_internal\PySide6\qml\QtQuick\Controls\Fusion\impl\TextEditingContextMenu.qml
   Compressing: E:\markdown_viewer\dist\consumer-upgrade-1.31.0\MarkdownViewer\_internal\PySide6\qml\QtQuick\Controls\Fusion\impl\TextFieldBackground.qml
   Compressing: E:\markdown_viewer\dist\consumer-upgrade-1.31.0\MarkdownViewer\_internal\PySide6\qml\QtQuick\Controls\Fusion\impl\UndoAction.qml
   Compressing: E:\markdown_viewer\dist\consumer-upgrade-1.31.0\MarkdownViewer\_internal\PySide6\qml\QtQuick\Controls\Imagine\ApplicationWindow.qml
   Compressing: E:\markdown_viewer\dist\consumer-upgrade-1.31.0\MarkdownViewer\_internal\PySide6\qml\QtQuick\Controls\Imagine\BusyIndicator.qml
   Compressing: E:\markdown_viewer\dist\consumer-upgrade-1.31.0\MarkdownViewer\_internal\PySide6\qml\QtQuick\Controls\Imagine\Button.qml
   Compressing: E:\markdown_viewer\dist\consumer-upgrade-1.31.0\MarkdownViewer\_internal\PySide6\qml\QtQuick\Controls\Imagine\CheckBox.qml
   Compressing: E:\markdown_viewer\dist\consumer-upgrade-1.31.0\MarkdownViewer\_internal\PySide6\qml\QtQuick\Controls\Imagine\CheckDelegate.qml
   Compressing: E:\markdown_viewer\dist\consumer-upgrade-1.31.0\MarkdownViewer\_internal\PySide6\qml\QtQuick\Controls\Imagine\ComboBox.qml
   Compressing: E:\markdown_viewer\dist\consumer-upgrade-1.31.0\MarkdownViewer\_internal\PySide6\qml\QtQuick\Controls\Imagine\DelayButton.qml
   Compressing: E:\markdown_viewer\dist\consumer-upgrade-1.31.0\MarkdownViewer\_internal\PySide6\qml\QtQuick\Controls\Imagine\Dial.qml
   Compressing: E:\markdown_viewer\dist\consumer-upgrade-1.31.0\MarkdownViewer\_internal\PySide6\qml\QtQuick\Controls\Imagine\Dialog.qml
   Compressing: E:\markdown_viewer\dist\consumer-upgrade-1.31.0\MarkdownViewer\_internal\PySide6\qml\QtQuick\Controls\Imagine\DialogButtonBox.qml
   Compressing: E:\markdown_viewer\dist\consumer-upgrade-1.31.0\MarkdownViewer\_internal\PySide6\qml\QtQuick\Controls\Imagine\DoubleSpinBox.qml
   Compressing: E:\markdown_viewer\dist\consumer-upgrade-1.31.0\MarkdownViewer\_internal\PySide6\qml\QtQuick\Controls\Imagine\Drawer.qml
   Compressing: E:\markdown_viewer\dist\consumer-upgrade-1.31.0\MarkdownViewer\_internal\PySide6\qml\QtQuick\Controls\Imagine\Frame.qml
   Compressing: E:\markdown_viewer\dist\consumer-upgrade-1.31.0\MarkdownViewer\_internal\PySide6\qml\QtQuick\Controls\Imagine\GroupBox.qml
   Compressing: E:\markdown_viewer\dist\consumer-upgrade-1.31.0\MarkdownViewer\_internal\PySide6\qml\QtQuick\Controls\Imagine\HorizontalHeaderView.qml
   Compressing: E:\markdown_viewer\dist\consumer-upgrade-1.31.0\MarkdownViewer\_internal\PySide6\qml\QtQuick\Controls\Imagine\HorizontalHeaderViewDelegate.qml
   Compressing: E:\markdown_viewer\dist\consumer-upgrade-1.31.0\MarkdownViewer\_internal\PySide6\qml\QtQuick\Controls\Imagine\ItemDelegate.qml
   Compressing: E:\markdown_viewer\dist\consumer-upgrade-1.31.0\MarkdownViewer\_internal\PySide6\qml\QtQuick\Controls\Imagine\Label.qml
   Compressing: E:\markdown_viewer\dist\consumer-upgrade-1.31.0\MarkdownViewer\_internal\PySide6\qml\QtQuick\Controls\Imagine\Menu.qml
   Compressing: E:\markdown_viewer\dist\consumer-upgrade-1.31.0\MarkdownViewer\_internal\PySide6\qml\QtQuick\Controls\Imagine\MenuItem.qml
   Compressing: E:\markdown_viewer\dist\consumer-upgrade-1.31.0\MarkdownViewer\_internal\PySide6\qml\QtQuick\Controls\Imagine\MenuSeparator.qml
   Compressing: E:\markdown_viewer\dist\consumer-upgrade-1.31.0\MarkdownViewer\_internal\PySide6\qml\QtQuick\Controls\Imagine\Page.qml
   Compressing: E:\markdown_viewer\dist\consumer-upgrade-1.31.0\MarkdownViewer\_internal\PySide6\qml\QtQuick\Controls\Imagine\PageIndicator.qml
   Compressing: E:\markdown_viewer\dist\consumer-upgrade-1.31.0\MarkdownViewer\_internal\PySide6\qml\QtQuick\Controls\Imagine\Pane.qml
   Compressing: E:\markdown_viewer\dist\consumer-upgrade-1.31.0\MarkdownViewer\_internal\PySide6\qml\QtQuick\Controls\Imagine\plugins.qmltypes
   Compressing: E:\markdown_viewer\dist\consumer-upgrade-1.31.0\MarkdownViewer\_internal\PySide6\qml\QtQuick\Controls\Imagine\Popup.qml
   Compressing: E:\markdown_viewer\dist\consumer-upgrade-1.31.0\MarkdownViewer\_internal\PySide6\qml\QtQuick\Controls\Imagine\ProgressBar.qml
   Compressing: E:\markdown_viewer\dist\consumer-upgrade-1.31.0\MarkdownViewer\_internal\PySide6\qml\QtQuick\Controls\Imagine\qmldir
   Compressing: E:\markdown_viewer\dist\consumer-upgrade-1.31.0\MarkdownViewer\_internal\PySide6\qml\QtQuick\Controls\Imagine\qtquickcontrols2imaginestyleplugin.dll
   Compressing: E:\markdown_viewer\dist\consumer-upgrade-1.31.0\MarkdownViewer\_internal\PySide6\qml\QtQuick\Controls\Imagine\RadioButton.qml
   Compressing: E:\markdown_viewer\dist\consumer-upgrade-1.31.0\MarkdownViewer\_internal\PySide6\qml\QtQuick\Controls\Imagine\RadioDelegate.qml
   Compressing: E:\markdown_viewer\dist\consumer-upgrade-1.31.0\MarkdownViewer\_internal\PySide6\qml\QtQuick\Controls\Imagine\RangeSlider.qml
   Compressing: E:\markdown_viewer\dist\consumer-upgrade-1.31.0\MarkdownViewer\_internal\PySide6\qml\QtQuick\Controls\Imagine\RoundButton.qml
   Compressing: E:\markdown_viewer\dist\consumer-upgrade-1.31.0\MarkdownViewer\_internal\PySide6\qml\QtQuick\Controls\Imagine\ScrollBar.qml
   Compressing: E:\markdown_viewer\dist\consumer-upgrade-1.31.0\MarkdownViewer\_internal\PySide6\qml\QtQuick\Controls\Imagine\ScrollIndicator.qml
   Compressing: E:\markdown_viewer\dist\consumer-upgrade-1.31.0\MarkdownViewer\_internal\PySide6\qml\QtQuick\Controls\Imagine\ScrollView.qml
   Compressing: E:\markdown_viewer\dist\consumer-upgrade-1.31.0\MarkdownViewer\_internal\PySide6\qml\QtQuick\Controls\Imagine\SearchField.qml
   Compressing: E:\markdown_viewer\dist\consumer-upgrade-1.31.0\MarkdownViewer\_internal\PySide6\qml\QtQuick\Controls\Imagine\SelectionRectangle.qml
   Compressing: E:\markdown_viewer\dist\consumer-upgrade-1.31.0\MarkdownViewer\_internal\PySide6\qml\QtQuick\Controls\Imagine\Slider.qml
   Compressing: E:\markdown_viewer\dist\consumer-upgrade-1.31.0\MarkdownViewer\_internal\PySide6\qml\QtQuick\Controls\Imagine\SpinBox.qml
   Compressing: E:\markdown_viewer\dist\consumer-upgrade-1.31.0\MarkdownViewer\_internal\PySide6\qml\QtQuick\Controls\Imagine\SplitView.qml
   Compressing: E:\markdown_viewer\dist\consumer-upgrade-1.31.0\MarkdownViewer\_internal\PySide6\qml\QtQuick\Controls\Imagine\StackView.qml
   Compressing: E:\markdown_viewer\dist\consumer-upgrade-1.31.0\MarkdownViewer\_internal\PySide6\qml\QtQuick\Controls\Imagine\SwipeDelegate.qml
   Compressing: E:\markdown_viewer\dist\consumer-upgrade-1.31.0\MarkdownViewer\_internal\PySide6\qml\QtQuick\Controls\Imagine\SwipeView.qml
   Compressing: E:\markdown_viewer\dist\consumer-upgrade-1.31.0\MarkdownViewer\_internal\PySide6\qml\QtQuick\Controls\Imagine\Switch.qml
   Compressing: E:\markdown_viewer\dist\consumer-upgrade-1.31.0\MarkdownViewer\_internal\PySide6\qml\QtQuick\Controls\Imagine\SwitchDelegate.qml
   Compressing: E:\markdown_viewer\dist\consumer-upgrade-1.31.0\MarkdownViewer\_internal\PySide6\qml\QtQuick\Controls\Imagine\TabBar.qml
   Compressing: E:\markdown_viewer\dist\consumer-upgrade-1.31.0\MarkdownViewer\_internal\PySide6\qml\QtQuick\Controls\Imagine\TabButton.qml
   Compressing: E:\markdown_viewer\dist\consumer-upgrade-1.31.0\MarkdownViewer\_internal\PySide6\qml\QtQuick\Controls\Imagine\TextArea.qml
   Compressing: E:\markdown_viewer\dist\consumer-upgrade-1.31.0\MarkdownViewer\_internal\PySide6\qml\QtQuick\Controls\Imagine\TextField.qml
   Compressing: E:\markdown_viewer\dist\consumer-upgrade-1.31.0\MarkdownViewer\_internal\PySide6\qml\QtQuick\Controls\Imagine\ToolBar.qml
   Compressing: E:\markdown_viewer\dist\consumer-upgrade-1.31.0\MarkdownViewer\_internal\PySide6\qml\QtQuick\Controls\Imagine\ToolButton.qml
   Compressing: E:\markdown_viewer\dist\consumer-upgrade-1.31.0\MarkdownViewer\_internal\PySide6\qml\QtQuick\Controls\Imagine\ToolSeparator.qml
   Compressing: E:\markdown_viewer\dist\consumer-upgrade-1.31.0\MarkdownViewer\_internal\PySide6\qml\QtQuick\Controls\Imagine\ToolTip.qml
   Compressing: E:\markdown_viewer\dist\consumer-upgrade-1.31.0\MarkdownViewer\_internal\PySide6\qml\QtQuick\Controls\Imagine\Tumbler.qml
   Compressing: E:\markdown_viewer\dist\consumer-upgrade-1.31.0\MarkdownViewer\_internal\PySide6\qml\QtQuick\Controls\Imagine\VerticalHeaderView.qml
   Compressing: E:\markdown_viewer\dist\consumer-upgrade-1.31.0\MarkdownViewer\_internal\PySide6\qml\QtQuick\Controls\Imagine\VerticalHeaderViewDelegate.qml
   Compressing: E:\markdown_viewer\dist\consumer-upgrade-1.31.0\MarkdownViewer\_internal\PySide6\qml\QtQuick\Controls\Imagine\impl\OpacityMask.qml
   Compressing: E:\markdown_viewer\dist\consumer-upgrade-1.31.0\MarkdownViewer\_internal\PySide6\qml\QtQuick\Controls\Imagine\impl\qmldir
   Compressing: E:\markdown_viewer\dist\consumer-upgrade-1.31.0\MarkdownViewer\_internal\PySide6\qml\QtQuick\Controls\Imagine\impl\qtquickcontrols2imaginestyleimplplugin.dll
   Compressing: E:\markdown_viewer\dist\consumer-upgrade-1.31.0\MarkdownViewer\_internal\PySide6\qml\QtQuick\Controls\Imagine\impl\QuickControls2ImagineStyleImpl.qmltypes
   Compressing: E:\markdown_viewer\dist\consumer-upgrade-1.31.0\MarkdownViewer\_internal\PySide6\qml\QtQuick\Controls\Imagine\impl\TextEditingContextMenu.qml
   Compressing: E:\markdown_viewer\dist\consumer-upgrade-1.31.0\MarkdownViewer\_internal\PySide6\qml\QtQuick\Controls\impl\CopyAction.qml
   Compressing: E:\markdown_viewer\dist\consumer-upgrade-1.31.0\MarkdownViewer\_internal\PySide6\qml\QtQuick\Controls\impl\CutAction.qml
   Compressing: E:\markdown_viewer\dist\consumer-upgrade-1.31.0\MarkdownViewer\_internal\PySide6\qml\QtQuick\Controls\impl\DeleteAction.qml
   Compressing: E:\markdown_viewer\dist\consumer-upgrade-1.31.0\MarkdownViewer\_internal\PySide6\qml\QtQuick\Controls\impl\PasteAction.qml
   Compressing: E:\markdown_viewer\dist\consumer-upgrade-1.31.0\MarkdownViewer\_internal\PySide6\qml\QtQuick\Controls\impl\plugins.qmltypes
   Compressing: E:\markdown_viewer\dist\consumer-upgrade-1.31.0\MarkdownViewer\_internal\PySide6\qml\QtQuick\Controls\impl\qmldir
   Compressing: E:\markdown_viewer\dist\consumer-upgrade-1.31.0\MarkdownViewer\_internal\PySide6\qml\QtQuick\Controls\impl\qtquickcontrols2implplugin.dll
   Compressing: E:\markdown_viewer\dist\consumer-upgrade-1.31.0\MarkdownViewer\_internal\PySide6\qml\QtQuick\Controls\impl\RedoAction.qml
   Compressing: E:\markdown_viewer\dist\consumer-upgrade-1.31.0\MarkdownViewer\_internal\PySide6\qml\QtQuick\Controls\impl\SelectAllAction.qml
   Compressing: E:\markdown_viewer\dist\consumer-upgrade-1.31.0\MarkdownViewer\_internal\PySide6\qml\QtQuick\Controls\impl\UndoAction.qml
   Compressing: E:\markdown_viewer\dist\consumer-upgrade-1.31.0\MarkdownViewer\_internal\PySide6\qml\QtQuick\Controls\Material\ApplicationWindow.qml
   Compressing: E:\markdown_viewer\dist\consumer-upgrade-1.31.0\MarkdownViewer\_internal\PySide6\qml\QtQuick\Controls\Material\BusyIndicator.qml
   Compressing: E:\markdown_viewer\dist\consumer-upgrade-1.31.0\MarkdownViewer\_internal\PySide6\qml\QtQuick\Controls\Material\Button.qml
   Compressing: E:\markdown_viewer\dist\consumer-upgrade-1.31.0\MarkdownViewer\_internal\PySide6\qml\QtQuick\Controls\Material\CheckBox.qml
   Compressing: E:\markdown_viewer\dist\consumer-upgrade-1.31.0\MarkdownViewer\_internal\PySide6\qml\QtQuick\Controls\Material\CheckDelegate.qml
   Compressing: E:\markdown_viewer\dist\consumer-upgrade-1.31.0\MarkdownViewer\_internal\PySide6\qml\QtQuick\Controls\Material\ComboBox.qml
   Compressing: E:\markdown_viewer\dist\consumer-upgrade-1.31.0\MarkdownViewer\_internal\PySide6\qml\QtQuick\Controls\Material\DelayButton.qml
   Compressing: E:\markdown_viewer\dist\consumer-upgrade-1.31.0\MarkdownViewer\_internal\PySide6\qml\QtQuick\Controls\Material\Dial.qml
   Compressing: E:\markdown_viewer\dist\consumer-upgrade-1.31.0\MarkdownViewer\_internal\PySide6\qml\QtQuick\Controls\Material\Dialog.qml
   Compressing: E:\markdown_viewer\dist\consumer-upgrade-1.31.0\MarkdownViewer\_internal\PySide6\qml\QtQuick\Controls\Material\DialogButtonBox.qml
   Compressing: E:\markdown_viewer\dist\consumer-upgrade-1.31.0\MarkdownViewer\_internal\PySide6\qml\QtQuick\Controls\Material\DoubleSpinBox.qml
   Compressing: E:\markdown_viewer\dist\consumer-upgrade-1.31.0\MarkdownViewer\_internal\PySide6\qml\QtQuick\Controls\Material\Drawer.qml
   Compressing: E:\markdown_viewer\dist\consumer-upgrade-1.31.0\MarkdownViewer\_internal\PySide6\qml\QtQuick\Controls\Material\Frame.qml
   Compressing: E:\markdown_viewer\dist\consumer-upgrade-1.31.0\MarkdownViewer\_internal\PySide6\qml\QtQuick\Controls\Material\GroupBox.qml
   Compressing: E:\markdown_viewer\dist\consumer-upgrade-1.31.0\MarkdownViewer\_internal\PySide6\qml\QtQuick\Controls\Material\HorizontalHeaderView.qml
   Compressing: E:\markdown_viewer\dist\consumer-upgrade-1.31.0\MarkdownViewer\_internal\PySide6\qml\QtQuick\Controls\Material\HorizontalHeaderViewDelegate.qml
   Compressing: E:\markdown_viewer\dist\consumer-upgrade-1.31.0\MarkdownViewer\_internal\PySide6\qml\QtQuick\Controls\Material\ItemDelegate.qml
   Compressing: E:\markdown_viewer\dist\consumer-upgrade-1.31.0\MarkdownViewer\_internal\PySide6\qml\QtQuick\Controls\Material\Label.qml
   Compressing: E:\markdown_viewer\dist\consumer-upgrade-1.31.0\MarkdownViewer\_internal\PySide6\qml\QtQuick\Controls\Material\Menu.qml
   Compressing: E:\markdown_viewer\dist\consumer-upgrade-1.31.0\MarkdownViewer\_internal\PySide6\qml\QtQuick\Controls\Material\MenuBar.qml
   Compressing: E:\markdown_viewer\dist\consumer-upgrade-1.31.0\MarkdownViewer\_internal\PySide6\qml\QtQuick\Controls\Material\MenuBarItem.qml
   Compressing: E:\markdown_viewer\dist\consumer-upgrade-1.31.0\MarkdownViewer\_internal\PySide6\qml\QtQuick\Controls\Material\MenuItem.qml
   Compressing: E:\markdown_viewer\dist\consumer-upgrade-1.31.0\MarkdownViewer\_internal\PySide6\qml\QtQuick\Controls\Material\MenuSeparator.qml
   Compressing: E:\markdown_viewer\dist\consumer-upgrade-1.31.0\MarkdownViewer\_internal\PySide6\qml\QtQuick\Controls\Material\Page.qml
   Compressing: E:\markdown_viewer\dist\consumer-upgrade-1.31.0\MarkdownViewer\_internal\PySide6\qml\QtQuick\Controls\Material\PageIndicator.qml
   Compressing: E:\markdown_viewer\dist\consumer-upgrade-1.31.0\MarkdownViewer\_internal\PySide6\qml\QtQuick\Controls\Material\Pane.qml
   Compressing: E:\markdown_viewer\dist\consumer-upgrade-1.31.0\MarkdownViewer\_internal\PySide6\qml\QtQuick\Controls\Material\plugins.qmltypes
   Compressing: E:\markdown_viewer\dist\consumer-upgrade-1.31.0\MarkdownViewer\_internal\PySide6\qml\QtQuick\Controls\Material\Popup.qml
   Compressing: E:\markdown_viewer\dist\consumer-upgrade-1.31.0\MarkdownViewer\_internal\PySide6\qml\QtQuick\Controls\Material\ProgressBar.qml
   Compressing: E:\markdown_viewer\dist\consumer-upgrade-1.31.0\MarkdownViewer\_internal\PySide6\qml\QtQuick\Controls\Material\qmldir
   Compressing: E:\markdown_viewer\dist\consumer-upgrade-1.31.0\MarkdownViewer\_internal\PySide6\qml\QtQuick\Controls\Material\qtquickcontrols2materialstyleplugin.dll
   Compressing: E:\markdown_viewer\dist\consumer-upgrade-1.31.0\MarkdownViewer\_internal\PySide6\qml\QtQuick\Controls\Material\RadioButton.qml
   Compressing: E:\markdown_viewer\dist\consumer-upgrade-1.31.0\MarkdownViewer\_internal\PySide6\qml\QtQuick\Controls\Material\RadioDelegate.qml
   Compressing: E:\markdown_viewer\dist\consumer-upgrade-1.31.0\MarkdownViewer\_internal\PySide6\qml\QtQuick\Controls\Material\RangeSlider.qml
   Compressing: E:\markdown_viewer\dist\consumer-upgrade-1.31.0\MarkdownViewer\_internal\PySide6\qml\QtQuick\Controls\Material\RoundButton.qml
   Compressing: E:\markdown_viewer\dist\consumer-upgrade-1.31.0\MarkdownViewer\_internal\PySide6\qml\QtQuick\Controls\Material\ScrollBar.qml
   Compressing: E:\markdown_viewer\dist\consumer-upgrade-1.31.0\MarkdownViewer\_internal\PySide6\qml\QtQuick\Controls\Material\ScrollIndicator.qml
   Compressing: E:\markdown_viewer\dist\consumer-upgrade-1.31.0\MarkdownViewer\_internal\PySide6\qml\QtQuick\Controls\Material\ScrollView.qml
   Compressing: E:\markdown_viewer\dist\consumer-upgrade-1.31.0\MarkdownViewer\_internal\PySide6\qml\QtQuick\Controls\Material\SearchField.qml
   Compressing: E:\markdown_viewer\dist\consumer-upgrade-1.31.0\MarkdownViewer\_internal\PySide6\qml\QtQuick\Controls\Material\SelectionRectangle.qml
   Compressing: E:\markdown_viewer\dist\consumer-upgrade-1.31.0\MarkdownViewer\_internal\PySide6\qml\QtQuick\Controls\Material\Slider.qml
   Compressing: E:\markdown_viewer\dist\consumer-upgrade-1.31.0\MarkdownViewer\_internal\PySide6\qml\QtQuick\Controls\Material\SpinBox.qml
   Compressing: E:\markdown_viewer\dist\consumer-upgrade-1.31.0\MarkdownViewer\_internal\PySide6\qml\QtQuick\Controls\Material\SplitView.qml
   Compressing: E:\markdown_viewer\dist\consumer-upgrade-1.31.0\MarkdownViewer\_internal\PySide6\qml\QtQuick\Controls\Material\StackView.qml
   Compressing: E:\markdown_viewer\dist\consumer-upgrade-1.31.0\MarkdownViewer\_internal\PySide6\qml\QtQuick\Controls\Material\SwipeDelegate.qml
   Compressing: E:\markdown_viewer\dist\consumer-upgrade-1.31.0\MarkdownViewer\_internal\PySide6\qml\QtQuick\Controls\Material\SwipeView.qml
   Compressing: E:\markdown_viewer\dist\consumer-upgrade-1.31.0\MarkdownViewer\_internal\PySide6\qml\QtQuick\Controls\Material\Switch.qml
   Compressing: E:\markdown_viewer\dist\consumer-upgrade-1.31.0\MarkdownViewer\_internal\PySide6\qml\QtQuick\Controls\Material\SwitchDelegate.qml
   Compressing: E:\markdown_viewer\dist\consumer-upgrade-1.31.0\MarkdownViewer\_internal\PySide6\qml\QtQuick\Controls\Material\TabBar.qml
   Compressing: E:\markdown_viewer\dist\consumer-upgrade-1.31.0\MarkdownViewer\_internal\PySide6\qml\QtQuick\Controls\Material\TabButton.qml
   Compressing: E:\markdown_viewer\dist\consumer-upgrade-1.31.0\MarkdownViewer\_internal\PySide6\qml\QtQuick\Controls\Material\TextArea.qml
   Compressing: E:\markdown_viewer\dist\consumer-upgrade-1.31.0\MarkdownViewer\_internal\PySide6\qml\QtQuick\Controls\Material\TextField.qml
   Compressing: E:\markdown_viewer\dist\consumer-upgrade-1.31.0\MarkdownViewer\_internal\PySide6\qml\QtQuick\Controls\Material\ToolBar.qml
   Compressing: E:\markdown_viewer\dist\consumer-upgrade-1.31.0\MarkdownViewer\_internal\PySide6\qml\QtQuick\Controls\Material\ToolButton.qml
   Compressing: E:\markdown_viewer\dist\consumer-upgrade-1.31.0\MarkdownViewer\_internal\PySide6\qml\QtQuick\Controls\Material\ToolSeparator.qml
   Compressing: E:\markdown_viewer\dist\consumer-upgrade-1.31.0\MarkdownViewer\_internal\PySide6\qml\QtQuick\Controls\Material\ToolTip.qml
   Compressing: E:\markdown_viewer\dist\consumer-upgrade-1.31.0\MarkdownViewer\_internal\PySide6\qml\QtQuick\Controls\Material\TreeViewDelegate.qml
   Compressing: E:\markdown_viewer\dist\consumer-upgrade-1.31.0\MarkdownViewer\_internal\PySide6\qml\QtQuick\Controls\Material\Tumbler.qml
   Compressing: E:\markdown_viewer\dist\consumer-upgrade-1.31.0\MarkdownViewer\_internal\PySide6\qml\QtQuick\Controls\Material\VerticalHeaderView.qml
   Compressing: E:\markdown_viewer\dist\consumer-upgrade-1.31.0\MarkdownViewer\_internal\PySide6\qml\QtQuick\Controls\Material\VerticalHeaderViewDelegate.qml
   Compressing: E:\markdown_viewer\dist\consumer-upgrade-1.31.0\MarkdownViewer\_internal\PySide6\qml\QtQuick\Controls\Material\impl\BoxShadow.qml
   Compressing: E:\markdown_viewer\dist\consumer-upgrade-1.31.0\MarkdownViewer\_internal\PySide6\qml\QtQuick\Controls\Material\impl\CheckIndicator.qml
   Compressing: E:\markdown_viewer\dist\consumer-upgrade-1.31.0\MarkdownViewer\_internal\PySide6\qml\QtQuick\Controls\Material\impl\CursorDelegate.qml
   Compressing: E:\markdown_viewer\dist\consumer-upgrade-1.31.0\MarkdownViewer\_internal\PySide6\qml\QtQuick\Controls\Material\impl\ElevationEffect.qml
   Compressing: E:\markdown_viewer\dist\consumer-upgrade-1.31.0\MarkdownViewer\_internal\PySide6\qml\QtQuick\Controls\Material\impl\plugins.qmltypes
   Compressing: E:\markdown_viewer\dist\consumer-upgrade-1.31.0\MarkdownViewer\_internal\PySide6\qml\QtQuick\Controls\Material\impl\qmldir
   Compressing: E:\markdown_viewer\dist\consumer-upgrade-1.31.0\MarkdownViewer\_internal\PySide6\qml\QtQuick\Controls\Material\impl\qtquickcontrols2materialstyleimplplugin.dll
   Compressing: E:\markdown_viewer\dist\consumer-upgrade-1.31.0\MarkdownViewer\_internal\PySide6\qml\QtQuick\Controls\Material\impl\RadioIndicator.qml
   Compressing: E:\markdown_viewer\dist\consumer-upgrade-1.31.0\MarkdownViewer\_internal\PySide6\qml\QtQuick\Controls\Material\impl\RectangularGlow.qml
   Compressing: E:\markdown_viewer\dist\consumer-upgrade-1.31.0\MarkdownViewer\_internal\PySide6\qml\QtQuick\Controls\Material\impl\RoundedElevationEffect.qml
   Compressing: E:\markdown_viewer\dist\consumer-upgrade-1.31.0\MarkdownViewer\_internal\PySide6\qml\QtQuick\Controls\Material\impl\SliderHandle.qml
   Compressing: E:\markdown_viewer\dist\consumer-upgrade-1.31.0\MarkdownViewer\_internal\PySide6\qml\QtQuick\Controls\Material\impl\SwitchIndicator.qml
   Compressing: E:\markdown_viewer\dist\consumer-upgrade-1.31.0\MarkdownViewer\_internal\PySide6\qml\QtQuick\Controls\Material\impl\TextEditingContextMenu.qml
   Compressing: E:\markdown_viewer\dist\consumer-upgrade-1.31.0\MarkdownViewer\_internal\PySide6\qml\QtQuick\Controls\Universal\ApplicationWindow.qml
   Compressing: E:\markdown_viewer\dist\consumer-upgrade-1.31.0\MarkdownViewer\_internal\PySide6\qml\QtQuick\Controls\Universal\BusyIndicator.qml
   Compressing: E:\markdown_viewer\dist\consumer-upgrade-1.31.0\MarkdownViewer\_internal\PySide6\qml\QtQuick\Controls\Universal\Button.qml
   Compressing: E:\markdown_viewer\dist\consumer-upgrade-1.31.0\MarkdownViewer\_internal\PySide6\qml\QtQuick\Controls\Universal\CheckBox.qml
   Compressing: E:\markdown_viewer\dist\consumer-upgrade-1.31.0\MarkdownViewer\_internal\PySide6\qml\QtQuick\Controls\Universal\CheckDelegate.qml
   Compressing: E:\markdown_viewer\dist\consumer-upgrade-1.31.0\MarkdownViewer\_internal\PySide6\qml\QtQuick\Controls\Universal\ComboBox.qml
   Compressing: E:\markdown_viewer\dist\consumer-upgrade-1.31.0\MarkdownViewer\_internal\PySide6\qml\QtQuick\Controls\Universal\DelayButton.qml
   Compressing: E:\markdown_viewer\dist\consumer-upgrade-1.31.0\MarkdownViewer\_internal\PySide6\qml\QtQuick\Controls\Universal\Dial.qml
   Compressing: E:\markdown_viewer\dist\consumer-upgrade-1.31.0\MarkdownViewer\_internal\PySide6\qml\QtQuick\Controls\Universal\Dialog.qml
   Compressing: E:\markdown_viewer\dist\consumer-upgrade-1.31.0\MarkdownViewer\_internal\PySide6\qml\QtQuick\Controls\Universal\DialogButtonBox.qml
   Compressing: E:\markdown_viewer\dist\consumer-upgrade-1.31.0\MarkdownViewer\_internal\PySide6\qml\QtQuick\Controls\Universal\DoubleSpinBox.qml
   Compressing: E:\markdown_viewer\dist\consumer-upgrade-1.31.0\MarkdownViewer\_internal\PySide6\qml\QtQuick\Controls\Universal\Drawer.qml
   Compressing: E:\markdown_viewer\dist\consumer-upgrade-1.31.0\MarkdownViewer\_internal\PySide6\qml\QtQuick\Controls\Universal\Frame.qml
   Compressing: E:\markdown_viewer\dist\consumer-upgrade-1.31.0\MarkdownViewer\_internal\PySide6\qml\QtQuick\Controls\Universal\GroupBox.qml
   Compressing: E:\markdown_viewer\dist\consumer-upgrade-1.31.0\MarkdownViewer\_internal\PySide6\qml\QtQuick\Controls\Universal\HorizontalHeaderView.qml
   Compressing: E:\markdown_viewer\dist\consumer-upgrade-1.31.0\MarkdownViewer\_internal\PySide6\qml\QtQuick\Controls\Universal\HorizontalHeaderViewDelegate.qml
   Compressing: E:\markdown_viewer\dist\consumer-upgrade-1.31.0\MarkdownViewer\_internal\PySide6\qml\QtQuick\Controls\Universal\ItemDelegate.qml
   Compressing: E:\markdown_viewer\dist\consumer-upgrade-1.31.0\MarkdownViewer\_internal\PySide6\qml\QtQuick\Controls\Universal\Label.qml
   Compressing: E:\markdown_viewer\dist\consumer-upgrade-1.31.0\MarkdownViewer\_internal\PySide6\qml\QtQuick\Controls\Universal\Menu.qml
   Compressing: E:\markdown_viewer\dist\consumer-upgrade-1.31.0\MarkdownViewer\_internal\PySide6\qml\QtQuick\Controls\Universal\MenuBar.qml
   Compressing: E:\markdown_viewer\dist\consumer-upgrade-1.31.0\MarkdownViewer\_internal\PySide6\qml\QtQuick\Controls\Universal\MenuBarItem.qml
   Compressing: E:\markdown_viewer\dist\consumer-upgrade-1.31.0\MarkdownViewer\_internal\PySide6\qml\QtQuick\Controls\Universal\MenuItem.qml
   Compressing: E:\markdown_viewer\dist\consumer-upgrade-1.31.0\MarkdownViewer\_internal\PySide6\qml\QtQuick\Controls\Universal\MenuSeparator.qml
   Compressing: E:\markdown_viewer\dist\consumer-upgrade-1.31.0\MarkdownViewer\_internal\PySide6\qml\QtQuick\Controls\Universal\Page.qml
   Compressing: E:\markdown_viewer\dist\consumer-upgrade-1.31.0\MarkdownViewer\_internal\PySide6\qml\QtQuick\Controls\Universal\PageIndicator.qml
   Compressing: E:\markdown_viewer\dist\consumer-upgrade-1.31.0\MarkdownViewer\_internal\PySide6\qml\QtQuick\Controls\Universal\Pane.qml
   Compressing: E:\markdown_viewer\dist\consumer-upgrade-1.31.0\MarkdownViewer\_internal\PySide6\qml\QtQuick\Controls\Universal\plugins.qmltypes
   Compressing: E:\markdown_viewer\dist\consumer-upgrade-1.31.0\MarkdownViewer\_internal\PySide6\qml\QtQuick\Controls\Universal\Popup.qml
   Compressing: E:\markdown_viewer\dist\consumer-upgrade-1.31.0\MarkdownViewer\_internal\PySide6\qml\QtQuick\Controls\Universal\ProgressBar.qml
   Compressing: E:\markdown_viewer\dist\consumer-upgrade-1.31.0\MarkdownViewer\_internal\PySide6\qml\QtQuick\Controls\Universal\qmldir
   Compressing: E:\markdown_viewer\dist\consumer-upgrade-1.31.0\MarkdownViewer\_internal\PySide6\qml\QtQuick\Controls\Universal\qtquickcontrols2universalstyleplugin.dll
   Compressing: E:\markdown_viewer\dist\consumer-upgrade-1.31.0\MarkdownViewer\_internal\PySide6\qml\QtQuick\Controls\Universal\RadioButton.qml
   Compressing: E:\markdown_viewer\dist\consumer-upgrade-1.31.0\MarkdownViewer\_internal\PySide6\qml\QtQuick\Controls\Universal\RadioDelegate.qml
   Compressing: E:\markdown_viewer\dist\consumer-upgrade-1.31.0\MarkdownViewer\_internal\PySide6\qml\QtQuick\Controls\Universal\RangeSlider.qml
   Compressing: E:\markdown_viewer\dist\consumer-upgrade-1.31.0\MarkdownViewer\_internal\PySide6\qml\QtQuick\Controls\Universal\RoundButton.qml
   Compressing: E:\markdown_viewer\dist\consumer-upgrade-1.31.0\MarkdownViewer\_internal\PySide6\qml\QtQuick\Controls\Universal\ScrollBar.qml
   Compressing: E:\markdown_viewer\dist\consumer-upgrade-1.31.0\MarkdownViewer\_internal\PySide6\qml\QtQuick\Controls\Universal\ScrollIndicator.qml
   Compressing: E:\markdown_viewer\dist\consumer-upgrade-1.31.0\MarkdownViewer\_internal\PySide6\qml\QtQuick\Controls\Universal\ScrollView.qml
   Compressing: E:\markdown_viewer\dist\consumer-upgrade-1.31.0\MarkdownViewer\_internal\PySide6\qml\QtQuick\Controls\Universal\SearchField.qml
   Compressing: E:\markdown_viewer\dist\consumer-upgrade-1.31.0\MarkdownViewer\_internal\PySide6\qml\QtQuick\Controls\Universal\SelectionRectangle.qml
   Compressing: E:\markdown_viewer\dist\consumer-upgrade-1.31.0\MarkdownViewer\_internal\PySide6\qml\QtQuick\Controls\Universal\Slider.qml
   Compressing: E:\markdown_viewer\dist\consumer-upgrade-1.31.0\MarkdownViewer\_internal\PySide6\qml\QtQuick\Controls\Universal\SpinBox.qml
   Compressing: E:\markdown_viewer\dist\consumer-upgrade-1.31.0\MarkdownViewer\_internal\PySide6\qml\QtQuick\Controls\Universal\SplitView.qml
   Compressing: E:\markdown_viewer\dist\consumer-upgrade-1.31.0\MarkdownViewer\_internal\PySide6\qml\QtQuick\Controls\Universal\StackView.qml
   Compressing: E:\markdown_viewer\dist\consumer-upgrade-1.31.0\MarkdownViewer\_internal\PySide6\qml\QtQuick\Controls\Universal\SwipeDelegate.qml
   Compressing: E:\markdown_viewer\dist\consumer-upgrade-1.31.0\MarkdownViewer\_internal\PySide6\qml\QtQuick\Controls\Universal\Switch.qml
   Compressing: E:\markdown_viewer\dist\consumer-upgrade-1.31.0\MarkdownViewer\_internal\PySide6\qml\QtQuick\Controls\Universal\SwitchDelegate.qml
   Compressing: E:\markdown_viewer\dist\consumer-upgrade-1.31.0\MarkdownViewer\_internal\PySide6\qml\QtQuick\Controls\Universal\TabBar.qml
   Compressing: E:\markdown_viewer\dist\consumer-upgrade-1.31.0\MarkdownViewer\_internal\PySide6\qml\QtQuick\Controls\Universal\TabButton.qml
   Compressing: E:\markdown_viewer\dist\consumer-upgrade-1.31.0\MarkdownViewer\_internal\PySide6\qml\QtQuick\Controls\Universal\TextArea.qml
   Compressing: E:\markdown_viewer\dist\consumer-upgrade-1.31.0\MarkdownViewer\_internal\PySide6\qml\QtQuick\Controls\Universal\TextField.qml
   Compressing: E:\markdown_viewer\dist\consumer-upgrade-1.31.0\MarkdownViewer\_internal\PySide6\qml\QtQuick\Controls\Universal\ToolBar.qml
   Compressing: E:\markdown_viewer\dist\consumer-upgrade-1.31.0\MarkdownViewer\_internal\PySide6\qml\QtQuick\Controls\Universal\ToolButton.qml
   Compressing: E:\markdown_viewer\dist\consumer-upgrade-1.31.0\MarkdownViewer\_internal\PySide6\qml\QtQuick\Controls\Universal\ToolSeparator.qml
   Compressing: E:\markdown_viewer\dist\consumer-upgrade-1.31.0\MarkdownViewer\_internal\PySide6\qml\QtQuick\Controls\Universal\ToolTip.qml
   Compressing: E:\markdown_viewer\dist\consumer-upgrade-1.31.0\MarkdownViewer\_internal\PySide6\qml\QtQuick\Controls\Universal\Tumbler.qml
   Compressing: E:\markdown_viewer\dist\consumer-upgrade-1.31.0\MarkdownViewer\_internal\PySide6\qml\QtQuick\Controls\Universal\VerticalHeaderView.qml
   Compressing: E:\markdown_viewer\dist\consumer-upgrade-1.31.0\MarkdownViewer\_internal\PySide6\qml\QtQuick\Controls\Universal\VerticalHeaderViewDelegate.qml
   Compressing: E:\markdown_viewer\dist\consumer-upgrade-1.31.0\MarkdownViewer\_internal\PySide6\qml\QtQuick\Controls\Universal\impl\CheckIndicator.qml
   Compressing: E:\markdown_viewer\dist\consumer-upgrade-1.31.0\MarkdownViewer\_internal\PySide6\qml\QtQuick\Controls\Universal\impl\CopyAction.qml
   Compressing: E:\markdown_viewer\dist\consumer-upgrade-1.31.0\MarkdownViewer\_internal\PySide6\qml\QtQuick\Controls\Universal\impl\CutAction.qml
   Compressing: E:\markdown_viewer\dist\consumer-upgrade-1.31.0\MarkdownViewer\_internal\PySide6\qml\QtQuick\Controls\Universal\impl\DeleteAction.qml
   Compressing: E:\markdown_viewer\dist\consumer-upgrade-1.31.0\MarkdownViewer\_internal\PySide6\qml\QtQuick\Controls\Universal\impl\PasteAction.qml
   Compressing: E:\markdown_viewer\dist\consumer-upgrade-1.31.0\MarkdownViewer\_internal\PySide6\qml\QtQuick\Controls\Universal\impl\plugins.qmltypes
   Compressing: E:\markdown_viewer\dist\consumer-upgrade-1.31.0\MarkdownViewer\_internal\PySide6\qml\QtQuick\Controls\Universal\impl\qmldir
   Compressing: E:\markdown_viewer\dist\consumer-upgrade-1.31.0\MarkdownViewer\_internal\PySide6\qml\QtQuick\Controls\Universal\impl\qtquickcontrols2universalstyleimplplugin.dll
   Compressing: E:\markdown_viewer\dist\consumer-upgrade-1.31.0\MarkdownViewer\_internal\PySide6\qml\QtQuick\Controls\Universal\impl\RadioIndicator.qml
   Compressing: E:\markdown_viewer\dist\consumer-upgrade-1.31.0\MarkdownViewer\_internal\PySide6\qml\QtQuick\Controls\Universal\impl\RedoAction.qml
   Compressing: E:\markdown_viewer\dist\consumer-upgrade-1.31.0\MarkdownViewer\_internal\PySide6\qml\QtQuick\Controls\Universal\impl\SelectAllAction.qml
   Compressing: E:\markdown_viewer\dist\consumer-upgrade-1.31.0\MarkdownViewer\_internal\PySide6\qml\QtQuick\Controls\Universal\impl\SwitchIndicator.qml
   Compressing: E:\markdown_viewer\dist\consumer-upgrade-1.31.0\MarkdownViewer\_internal\PySide6\qml\QtQuick\Controls\Universal\impl\TextEditingContextMenu.qml
   Compressing: E:\markdown_viewer\dist\consumer-upgrade-1.31.0\MarkdownViewer\_internal\PySide6\qml\QtQuick\Controls\Universal\impl\UndoAction.qml
   Compressing: E:\markdown_viewer\dist\consumer-upgrade-1.31.0\MarkdownViewer\_internal\PySide6\qml\QtQuick\Controls\Windows\ApplicationWindow.qml
   Compressing: E:\markdown_viewer\dist\consumer-upgrade-1.31.0\MarkdownViewer\_internal\PySide6\qml\QtQuick\Controls\Windows\Button.qml
   Compressing: E:\markdown_viewer\dist\consumer-upgrade-1.31.0\MarkdownViewer\_internal\PySide6\qml\QtQuick\Controls\Windows\CheckBox.qml
   Compressing: E:\markdown_viewer\dist\consumer-upgrade-1.31.0\MarkdownViewer\_internal\PySide6\qml\QtQuick\Controls\Windows\CheckDelegate.qml
   Compressing: E:\markdown_viewer\dist\consumer-upgrade-1.31.0\MarkdownViewer\_internal\PySide6\qml\QtQuick\Controls\Windows\ComboBox.qml
   Compressing: E:\markdown_viewer\dist\consumer-upgrade-1.31.0\MarkdownViewer\_internal\PySide6\qml\QtQuick\Controls\Windows\DelayButton.qml
   Compressing: E:\markdown_viewer\dist\consumer-upgrade-1.31.0\MarkdownViewer\_internal\PySide6\qml\QtQuick\Controls\Windows\DoubleSpinBox.qml
   Compressing: E:\markdown_viewer\dist\consumer-upgrade-1.31.0\MarkdownViewer\_internal\PySide6\qml\QtQuick\Controls\Windows\Frame.qml
   Compressing: E:\markdown_viewer\dist\consumer-upgrade-1.31.0\MarkdownViewer\_internal\PySide6\qml\QtQuick\Controls\Windows\GroupBox.qml
   Compressing: E:\markdown_viewer\dist\consumer-upgrade-1.31.0\MarkdownViewer\_internal\PySide6\qml\QtQuick\Controls\Windows\ItemDelegate.qml
   Compressing: E:\markdown_viewer\dist\consumer-upgrade-1.31.0\MarkdownViewer\_internal\PySide6\qml\QtQuick\Controls\Windows\Menu.qml
   Compressing: E:\markdown_viewer\dist\consumer-upgrade-1.31.0\MarkdownViewer\_internal\PySide6\qml\QtQuick\Controls\Windows\MenuBar.qml
   Compressing: E:\markdown_viewer\dist\consumer-upgrade-1.31.0\MarkdownViewer\_internal\PySide6\qml\QtQuick\Controls\Windows\MenuBarItem.qml
   Compressing: E:\markdown_viewer\dist\consumer-upgrade-1.31.0\MarkdownViewer\_internal\PySide6\qml\QtQuick\Controls\Windows\MenuItem.qml
   Compressing: E:\markdown_viewer\dist\consumer-upgrade-1.31.0\MarkdownViewer\_internal\PySide6\qml\QtQuick\Controls\Windows\MenuSeparator.qml
   Compressing: E:\markdown_viewer\dist\consumer-upgrade-1.31.0\MarkdownViewer\_internal\PySide6\qml\QtQuick\Controls\Windows\plugins.qmltypes
   Compressing: E:\markdown_viewer\dist\consumer-upgrade-1.31.0\MarkdownViewer\_internal\PySide6\qml\QtQuick\Controls\Windows\ProgressBar.qml
   Compressing: E:\markdown_viewer\dist\consumer-upgrade-1.31.0\MarkdownViewer\_internal\PySide6\qml\QtQuick\Controls\Windows\qmldir
   Compressing: E:\markdown_viewer\dist\consumer-upgrade-1.31.0\MarkdownViewer\_internal\PySide6\qml\QtQuick\Controls\Windows\qtquickcontrols2windowsstyleplugin.dll
   Compressing: E:\markdown_viewer\dist\consumer-upgrade-1.31.0\MarkdownViewer\_internal\PySide6\qml\QtQuick\Controls\Windows\RadioButton.qml
   Compressing: E:\markdown_viewer\dist\consumer-upgrade-1.31.0\MarkdownViewer\_internal\PySide6\qml\QtQuick\Controls\Windows\RadioDelegate.qml
   Compressing: E:\markdown_viewer\dist\consumer-upgrade-1.31.0\MarkdownViewer\_internal\PySide6\qml\QtQuick\Controls\Windows\RangeSlider.qml
   Compressing: E:\markdown_viewer\dist\consumer-upgrade-1.31.0\MarkdownViewer\_internal\PySide6\qml\QtQuick\Controls\Windows\ScrollBar.qml
   Compressing: E:\markdown_viewer\dist\consumer-upgrade-1.31.0\MarkdownViewer\_internal\PySide6\qml\QtQuick\Controls\Windows\ScrollIndicator.qml
   Compressing: E:\markdown_viewer\dist\consumer-upgrade-1.31.0\MarkdownViewer\_internal\PySide6\qml\QtQuick\Controls\Windows\ScrollView.qml
   Compressing: E:\markdown_viewer\dist\consumer-upgrade-1.31.0\MarkdownViewer\_internal\PySide6\qml\QtQuick\Controls\Windows\SearchField.qml
   Compressing: E:\markdown_viewer\dist\consumer-upgrade-1.31.0\MarkdownViewer\_internal\PySide6\qml\QtQuick\Controls\Windows\SelectionRectangle.qml
   Compressing: E:\markdown_viewer\dist\consumer-upgrade-1.31.0\MarkdownViewer\_internal\PySide6\qml\QtQuick\Controls\Windows\Slider.qml
   Compressing: E:\markdown_viewer\dist\consumer-upgrade-1.31.0\MarkdownViewer\_internal\PySide6\qml\QtQuick\Controls\Windows\SpinBox.qml
   Compressing: E:\markdown_viewer\dist\consumer-upgrade-1.31.0\MarkdownViewer\_internal\PySide6\qml\QtQuick\Controls\Windows\Switch.qml
   Compressing: E:\markdown_viewer\dist\consumer-upgrade-1.31.0\MarkdownViewer\_internal\PySide6\qml\QtQuick\Controls\Windows\SwitchDelegate.qml
   Compressing: E:\markdown_viewer\dist\consumer-upgrade-1.31.0\MarkdownViewer\_internal\PySide6\qml\QtQuick\Controls\Windows\TextArea.qml
   Compressing: E:\markdown_viewer\dist\consumer-upgrade-1.31.0\MarkdownViewer\_internal\PySide6\qml\QtQuick\Controls\Windows\TextField.qml
   Compressing: E:\markdown_viewer\dist\consumer-upgrade-1.31.0\MarkdownViewer\_internal\PySide6\qml\QtQuick\Controls\Windows\images\checkmark.png
   Compressing: E:\markdown_viewer\dist\consumer-upgrade-1.31.0\MarkdownViewer\_internal\PySide6\qml\QtQuick\Controls\Windows\images\checkmark@2x.png
   Compressing: E:\markdown_viewer\dist\consumer-upgrade-1.31.0\MarkdownViewer\_internal\PySide6\qml\QtQuick\Controls\Windows\images\checkmark@3x.png
   Compressing: E:\markdown_viewer\dist\consumer-upgrade-1.31.0\MarkdownViewer\_internal\PySide6\qml\QtQuick\Controls\Windows\images\close_big.png
   Compressing: E:\markdown_viewer\dist\consumer-upgrade-1.31.0\MarkdownViewer\_internal\PySide6\qml\QtQuick\Controls\Windows\images\close_big@2x.png
   Compressing: E:\markdown_viewer\dist\consumer-upgrade-1.31.0\MarkdownViewer\_internal\PySide6\qml\QtQuick\Controls\Windows\images\close_big@3x.png
   Compressing: E:\markdown_viewer\dist\consumer-upgrade-1.31.0\MarkdownViewer\_internal\PySide6\qml\QtQuick\Controls\Windows\images\menuarrow.png
   Compressing: E:\markdown_viewer\dist\consumer-upgrade-1.31.0\MarkdownViewer\_internal\PySide6\qml\QtQuick\Controls\Windows\images\menuarrow@2x.png
   Compressing: E:\markdown_viewer\dist\consumer-upgrade-1.31.0\MarkdownViewer\_internal\PySide6\qml\QtQuick\Controls\Windows\images\menuarrow@3x.png
   Compressing: E:\markdown_viewer\dist\consumer-upgrade-1.31.0\MarkdownViewer\_internal\PySide6\qml\QtQuick\Controls\Windows\images\search-magnifier.png
   Compressing: E:\markdown_viewer\dist\consumer-upgrade-1.31.0\MarkdownViewer\_internal\PySide6\qml\QtQuick\Controls\Windows\images\search-magnifier@2x.png
   Compressing: E:\markdown_viewer\dist\consumer-upgrade-1.31.0\MarkdownViewer\_internal\PySide6\qml\QtQuick\Controls\Windows\images\search-magnifier@3x.png
   Compressing: E:\markdown_viewer\dist\consumer-upgrade-1.31.0\MarkdownViewer\_internal\PySide6\qml\QtQuick\Controls\Windows\impl\CheckIndicator.qml
   Compressing: E:\markdown_viewer\dist\consumer-upgrade-1.31.0\MarkdownViewer\_internal\PySide6\qml\QtQuick\Controls\Windows\impl\CopyAction.qml
   Compressing: E:\markdown_viewer\dist\consumer-upgrade-1.31.0\MarkdownViewer\_internal\PySide6\qml\QtQuick\Controls\Windows\impl\CutAction.qml
   Compressing: E:\markdown_viewer\dist\consumer-upgrade-1.31.0\MarkdownViewer\_internal\PySide6\qml\QtQuick\Controls\Windows\impl\DeleteAction.qml
   Compressing: E:\markdown_viewer\dist\consumer-upgrade-1.31.0\MarkdownViewer\_internal\PySide6\qml\QtQuick\Controls\Windows\impl\PasteAction.qml
   Compressing: E:\markdown_viewer\dist\consumer-upgrade-1.31.0\MarkdownViewer\_internal\PySide6\qml\QtQuick\Controls\Windows\impl\qmldir
   Compressing: E:\markdown_viewer\dist\consumer-upgrade-1.31.0\MarkdownViewer\_internal\PySide6\qml\QtQuick\Controls\Windows\impl\qtquickcontrols2windowsstyleimplplugin.dll
   Compressing: E:\markdown_viewer\dist\consumer-upgrade-1.31.0\MarkdownViewer\_internal\PySide6\qml\QtQuick\Controls\Windows\impl\QuickControls2WindowsStyleImpl.qmltypes
   Compressing: E:\markdown_viewer\dist\consumer-upgrade-1.31.0\MarkdownViewer\_internal\PySide6\qml\QtQuick\Controls\Windows\impl\RedoAction.qml
   Compressing: E:\markdown_viewer\dist\consumer-upgrade-1.31.0\MarkdownViewer\_internal\PySide6\qml\QtQuick\Controls\Windows\impl\SelectAllAction.qml
   Compressing: E:\markdown_viewer\dist\consumer-upgrade-1.31.0\MarkdownViewer\_internal\PySide6\qml\QtQuick\Controls\Windows\impl\SwitchIndicator.qml
   Compressing: E:\markdown_viewer\dist\consumer-upgrade-1.31.0\MarkdownViewer\_internal\PySide6\qml\QtQuick\Controls\Windows\impl\TextEditingContextMenu.qml
   Compressing: E:\markdown_viewer\dist\consumer-upgrade-1.31.0\MarkdownViewer\_internal\PySide6\qml\QtQuick\Controls\Windows\impl\UndoAction.qml
   Compressing: E:\markdown_viewer\dist\consumer-upgrade-1.31.0\MarkdownViewer\_internal\PySide6\qml\QtQuick\Dialogs\plugins.qmltypes
   Compressing: E:\markdown_viewer\dist\consumer-upgrade-1.31.0\MarkdownViewer\_internal\PySide6\qml\QtQuick\Dialogs\qmldir
   Compressing: E:\markdown_viewer\dist\consumer-upgrade-1.31.0\MarkdownViewer\_internal\PySide6\qml\QtQuick\Dialogs\qtquickdialogsplugin.dll
   Compressing: E:\markdown_viewer\dist\consumer-upgrade-1.31.0\MarkdownViewer\_internal\PySide6\qml\QtQuick\Dialogs\quickimpl\plugins.qmltypes
   Compressing: E:\markdown_viewer\dist\consumer-upgrade-1.31.0\MarkdownViewer\_internal\PySide6\qml\QtQuick\Dialogs\quickimpl\qmldir
   Compressing: E:\markdown_viewer\dist\consumer-upgrade-1.31.0\MarkdownViewer\_internal\PySide6\qml\QtQuick\Dialogs\quickimpl\qtquickdialogs2quickimplplugin.dll
   Compressing: E:\markdown_viewer\dist\consumer-upgrade-1.31.0\MarkdownViewer\_internal\PySide6\qml\QtQuick\Dialogs\quickimpl\qml\ColorDialog.qml
   Compressing: E:\markdown_viewer\dist\consumer-upgrade-1.31.0\MarkdownViewer\_internal\PySide6\qml\QtQuick\Dialogs\quickimpl\qml\ColorInputs.qml
   Compressing: E:\markdown_viewer\dist\consumer-upgrade-1.31.0\MarkdownViewer\_internal\PySide6\qml\QtQuick\Dialogs\quickimpl\qml\DelegateBackground.qml
   Compressing: E:\markdown_viewer\dist\consumer-upgrade-1.31.0\MarkdownViewer\_internal\PySide6\qml\QtQuick\Dialogs\quickimpl\qml\FileDialog.qml
   Compressing: E:\markdown_viewer\dist\consumer-upgrade-1.31.0\MarkdownViewer\_internal\PySide6\qml\QtQuick\Dialogs\quickimpl\qml\FileDialogDelegate.qml
   Compressing: E:\markdown_viewer\dist\consumer-upgrade-1.31.0\MarkdownViewer\_internal\PySide6\qml\QtQuick\Dialogs\quickimpl\qml\FileDialogDelegateLabel.qml
   Compressing: E:\markdown_viewer\dist\consumer-upgrade-1.31.0\MarkdownViewer\_internal\PySide6\qml\QtQuick\Dialogs\quickimpl\qml\FolderBreadcrumbBar.qml
   Compressing: E:\markdown_viewer\dist\consumer-upgrade-1.31.0\MarkdownViewer\_internal\PySide6\qml\QtQuick\Dialogs\quickimpl\qml\FolderDialog.qml
   Compressing: E:\markdown_viewer\dist\consumer-upgrade-1.31.0\MarkdownViewer\_internal\PySide6\qml\QtQuick\Dialogs\quickimpl\qml\FolderDialogDelegate.qml
   Compressing: E:\markdown_viewer\dist\consumer-upgrade-1.31.0\MarkdownViewer\_internal\PySide6\qml\QtQuick\Dialogs\quickimpl\qml\FolderDialogDelegateLabel.qml
   Compressing: E:\markdown_viewer\dist\consumer-upgrade-1.31.0\MarkdownViewer\_internal\PySide6\qml\QtQuick\Dialogs\quickimpl\qml\FontDialog.qml
   Compressing: E:\markdown_viewer\dist\consumer-upgrade-1.31.0\MarkdownViewer\_internal\PySide6\qml\QtQuick\Dialogs\quickimpl\qml\FontDialogContent.qml
   Compressing: E:\markdown_viewer\dist\consumer-upgrade-1.31.0\MarkdownViewer\_internal\PySide6\qml\QtQuick\Dialogs\quickimpl\qml\HueGradient.qml
   Compressing: E:\markdown_viewer\dist\consumer-upgrade-1.31.0\MarkdownViewer\_internal\PySide6\qml\QtQuick\Dialogs\quickimpl\qml\MessageDialog.qml
   Compressing: E:\markdown_viewer\dist\consumer-upgrade-1.31.0\MarkdownViewer\_internal\PySide6\qml\QtQuick\Dialogs\quickimpl\qml\PickerHandle.qml
   Compressing: E:\markdown_viewer\dist\consumer-upgrade-1.31.0\MarkdownViewer\_internal\PySide6\qml\QtQuick\Dialogs\quickimpl\qml\SaturationLightnessPicker.qml
   Compressing: E:\markdown_viewer\dist\consumer-upgrade-1.31.0\MarkdownViewer\_internal\PySide6\qml\QtQuick\Dialogs\quickimpl\qml\SideBar.qml
   Compressing: E:\markdown_viewer\dist\consumer-upgrade-1.31.0\MarkdownViewer\_internal\PySide6\qml\QtQuick\Dialogs\quickimpl\qml\+Fusion\ColorDialog.qml
   Compressing: E:\markdown_viewer\dist\consumer-upgrade-1.31.0\MarkdownViewer\_internal\PySide6\qml\QtQuick\Dialogs\quickimpl\qml\+Fusion\ColorInputs.qml
   Compressing: E:\markdown_viewer\dist\consumer-upgrade-1.31.0\MarkdownViewer\_internal\PySide6\qml\QtQuick\Dialogs\quickimpl\qml\+Fusion\FileDialog.qml
   Compressing: E:\markdown_viewer\dist\consumer-upgrade-1.31.0\MarkdownViewer\_internal\PySide6\qml\QtQuick\Dialogs\quickimpl\qml\+Fusion\FileDialogDelegate.qml
   Compressing: E:\markdown_viewer\dist\consumer-upgrade-1.31.0\MarkdownViewer\_internal\PySide6\qml\QtQuick\Dialogs\quickimpl\qml\+Fusion\FolderBreadcrumbBar.qml
   Compressing: E:\markdown_viewer\dist\consumer-upgrade-1.31.0\MarkdownViewer\_internal\PySide6\qml\QtQuick\Dialogs\quickimpl\qml\+Fusion\FolderDialog.qml
   Compressing: E:\markdown_viewer\dist\consumer-upgrade-1.31.0\MarkdownViewer\_internal\PySide6\qml\QtQuick\Dialogs\quickimpl\qml\+Fusion\FolderDialogDelegate.qml
   Compressing: E:\markdown_viewer\dist\consumer-upgrade-1.31.0\MarkdownViewer\_internal\PySide6\qml\QtQuick\Dialogs\quickimpl\qml\+Fusion\FontDialog.qml
   Compressing: E:\markdown_viewer\dist\consumer-upgrade-1.31.0\MarkdownViewer\_internal\PySide6\qml\QtQuick\Dialogs\quickimpl\qml\+Fusion\MessageDialog.qml
   Compressing: E:\markdown_viewer\dist\consumer-upgrade-1.31.0\MarkdownViewer\_internal\PySide6\qml\QtQuick\Dialogs\quickimpl\qml\+Fusion\SideBar.qml
   Compressing: E:\markdown_viewer\dist\consumer-upgrade-1.31.0\MarkdownViewer\_internal\PySide6\qml\QtQuick\Dialogs\quickimpl\qml\+Imagine\ColorDialog.qml
   Compressing: E:\markdown_viewer\dist\consumer-upgrade-1.31.0\MarkdownViewer\_internal\PySide6\qml\QtQuick\Dialogs\quickimpl\qml\+Imagine\ColorInputs.qml
   Compressing: E:\markdown_viewer\dist\consumer-upgrade-1.31.0\MarkdownViewer\_internal\PySide6\qml\QtQuick\Dialogs\quickimpl\qml\+Imagine\FileDialog.qml
   Compressing: E:\markdown_viewer\dist\consumer-upgrade-1.31.0\MarkdownViewer\_internal\PySide6\qml\QtQuick\Dialogs\quickimpl\qml\+Imagine\FileDialogDelegate.qml
   Compressing: E:\markdown_viewer\dist\consumer-upgrade-1.31.0\MarkdownViewer\_internal\PySide6\qml\QtQuick\Dialogs\quickimpl\qml\+Imagine\FolderBreadcrumbBar.qml
   Compressing: E:\markdown_viewer\dist\consumer-upgrade-1.31.0\MarkdownViewer\_internal\PySide6\qml\QtQuick\Dialogs\quickimpl\qml\+Imagine\FolderDialog.qml
   Compressing: E:\markdown_viewer\dist\consumer-upgrade-1.31.0\MarkdownViewer\_internal\PySide6\qml\QtQuick\Dialogs\quickimpl\qml\+Imagine\FolderDialogDelegate.qml
   Compressing: E:\markdown_viewer\dist\consumer-upgrade-1.31.0\MarkdownViewer\_internal\PySide6\qml\QtQuick\Dialogs\quickimpl\qml\+Imagine\FontDialog.qml
   Compressing: E:\markdown_viewer\dist\consumer-upgrade-1.31.0\MarkdownViewer\_internal\PySide6\qml\QtQuick\Dialogs\quickimpl\qml\+Imagine\MessageDialog.qml
   Compressing: E:\markdown_viewer\dist\consumer-upgrade-1.31.0\MarkdownViewer\_internal\PySide6\qml\QtQuick\Dialogs\quickimpl\qml\+Imagine\SideBar.qml
   Compressing: E:\markdown_viewer\dist\consumer-upgrade-1.31.0\MarkdownViewer\_internal\PySide6\qml\QtQuick\Dialogs\quickimpl\qml\+Material\ColorDialog.qml
   Compressing: E:\markdown_viewer\dist\consumer-upgrade-1.31.0\MarkdownViewer\_internal\PySide6\qml\QtQuick\Dialogs\quickimpl\qml\+Material\ColorInputs.qml
   Compressing: E:\markdown_viewer\dist\consumer-upgrade-1.31.0\MarkdownViewer\_internal\PySide6\qml\QtQuick\Dialogs\quickimpl\qml\+Material\FileDialog.qml
   Compressing: E:\markdown_viewer\dist\consumer-upgrade-1.31.0\MarkdownViewer\_internal\PySide6\qml\QtQuick\Dialogs\quickimpl\qml\+Material\FileDialogDelegate.qml
   Compressing: E:\markdown_viewer\dist\consumer-upgrade-1.31.0\MarkdownViewer\_internal\PySide6\qml\QtQuick\Dialogs\quickimpl\qml\+Material\FolderBreadcrumbBar.qml
   Compressing: E:\markdown_viewer\dist\consumer-upgrade-1.31.0\MarkdownViewer\_internal\PySide6\qml\QtQuick\Dialogs\quickimpl\qml\+Material\FolderDialog.qml
   Compressing: E:\markdown_viewer\dist\consumer-upgrade-1.31.0\MarkdownViewer\_internal\PySide6\qml\QtQuick\Dialogs\quickimpl\qml\+Material\FolderDialogDelegate.qml
   Compressing: E:\markdown_viewer\dist\consumer-upgrade-1.31.0\MarkdownViewer\_internal\PySide6\qml\QtQuick\Dialogs\quickimpl\qml\+Material\FontDialog.qml
   Compressing: E:\markdown_viewer\dist\consumer-upgrade-1.31.0\MarkdownViewer\_internal\PySide6\qml\QtQuick\Dialogs\quickimpl\qml\+Material\MessageDialog.qml
   Compressing: E:\markdown_viewer\dist\consumer-upgrade-1.31.0\MarkdownViewer\_internal\PySide6\qml\QtQuick\Dialogs\quickimpl\qml\+Material\SideBar.qml
   Compressing: E:\markdown_viewer\dist\consumer-upgrade-1.31.0\MarkdownViewer\_internal\PySide6\qml\QtQuick\Dialogs\quickimpl\qml\+Universal\ColorDialog.qml
   Compressing: E:\markdown_viewer\dist\consumer-upgrade-1.31.0\MarkdownViewer\_internal\PySide6\qml\QtQuick\Dialogs\quickimpl\qml\+Universal\ColorInputs.qml
   Compressing: E:\markdown_viewer\dist\consumer-upgrade-1.31.0\MarkdownViewer\_internal\PySide6\qml\QtQuick\Dialogs\quickimpl\qml\+Universal\FileDialog.qml
   Compressing: E:\markdown_viewer\dist\consumer-upgrade-1.31.0\MarkdownViewer\_internal\PySide6\qml\QtQuick\Dialogs\quickimpl\qml\+Universal\FileDialogDelegate.qml
   Compressing: E:\markdown_viewer\dist\consumer-upgrade-1.31.0\MarkdownViewer\_internal\PySide6\qml\QtQuick\Dialogs\quickimpl\qml\+Universal\FolderBreadcrumbBar.qml
   Compressing: E:\markdown_viewer\dist\consumer-upgrade-1.31.0\MarkdownViewer\_internal\PySide6\qml\QtQuick\Dialogs\quickimpl\qml\+Universal\FolderDialog.qml
   Compressing: E:\markdown_viewer\dist\consumer-upgrade-1.31.0\MarkdownViewer\_internal\PySide6\qml\QtQuick\Dialogs\quickimpl\qml\+Universal\FolderDialogDelegate.qml
   Compressing: E:\markdown_viewer\dist\consumer-upgrade-1.31.0\MarkdownViewer\_internal\PySide6\qml\QtQuick\Dialogs\quickimpl\qml\+Universal\FontDialog.qml
   Compressing: E:\markdown_viewer\dist\consumer-upgrade-1.31.0\MarkdownViewer\_internal\PySide6\qml\QtQuick\Dialogs\quickimpl\qml\+Universal\MessageDialog.qml
   Compressing: E:\markdown_viewer\dist\consumer-upgrade-1.31.0\MarkdownViewer\_internal\PySide6\qml\QtQuick\Dialogs\quickimpl\qml\+Universal\SideBar.qml
   Compressing: E:\markdown_viewer\dist\consumer-upgrade-1.31.0\MarkdownViewer\_internal\PySide6\qml\QtQuick\Effects\effectsplugin.dll
   Compressing: E:\markdown_viewer\dist\consumer-upgrade-1.31.0\MarkdownViewer\_internal\PySide6\qml\QtQuick\Effects\plugins.qmltypes
   Compressing: E:\markdown_viewer\dist\consumer-upgrade-1.31.0\MarkdownViewer\_internal\PySide6\qml\QtQuick\Effects\qmldir
   Compressing: E:\markdown_viewer\dist\consumer-upgrade-1.31.0\MarkdownViewer\_internal\PySide6\qml\QtQuick\Layouts\plugins.qmltypes
   Compressing: E:\markdown_viewer\dist\consumer-upgrade-1.31.0\MarkdownViewer\_internal\PySide6\qml\QtQuick\Layouts\qmldir
   Compressing: E:\markdown_viewer\dist\consumer-upgrade-1.31.0\MarkdownViewer\_internal\PySide6\qml\QtQuick\Layouts\qquicklayoutsplugin.dll
   Compressing: E:\markdown_viewer\dist\consumer-upgrade-1.31.0\MarkdownViewer\_internal\PySide6\qml\QtQuick\LocalStorage\plugins.qmltypes
   Compressing: E:\markdown_viewer\dist\consumer-upgrade-1.31.0\MarkdownViewer\_internal\PySide6\qml\QtQuick\LocalStorage\qmldir
   Compressing: E:\markdown_viewer\dist\consumer-upgrade-1.31.0\MarkdownViewer\_internal\PySide6\qml\QtQuick\LocalStorage\qmllocalstorageplugin.dll
   Compressing: E:\markdown_viewer\dist\consumer-upgrade-1.31.0\MarkdownViewer\_internal\PySide6\qml\QtQuick\NativeStyle\plugins.qmltypes
   Compressing: E:\markdown_viewer\dist\consumer-upgrade-1.31.0\MarkdownViewer\_internal\PySide6\qml\QtQuick\NativeStyle\qmldir
   Compressing: E:\markdown_viewer\dist\consumer-upgrade-1.31.0\MarkdownViewer\_internal\PySide6\qml\QtQuick\NativeStyle\qtquickcontrols2nativestyleplugin.dll
   Compressing: E:\markdown_viewer\dist\consumer-upgrade-1.31.0\MarkdownViewer\_internal\PySide6\qml\QtQuick\NativeStyle\controls\DefaultButton.qml
   Compressing: E:\markdown_viewer\dist\consumer-upgrade-1.31.0\MarkdownViewer\_internal\PySide6\qml\QtQuick\NativeStyle\controls\DefaultCheckBox.qml
   Compressing: E:\markdown_viewer\dist\consumer-upgrade-1.31.0\MarkdownViewer\_internal\PySide6\qml\QtQuick\NativeStyle\controls\DefaultComboBox.qml
   Compressing: E:\markdown_viewer\dist\consumer-upgrade-1.31.0\MarkdownViewer\_internal\PySide6\qml\QtQuick\NativeStyle\controls\DefaultDial.qml
   Compressing: E:\markdown_viewer\dist\consumer-upgrade-1.31.0\MarkdownViewer\_internal\PySide6\qml\QtQuick\NativeStyle\controls\DefaultDoubleSpinBox.qml
   Compressing: E:\markdown_viewer\dist\consumer-upgrade-1.31.0\MarkdownViewer\_internal\PySide6\qml\QtQuick\NativeStyle\controls\DefaultFrame.qml
   Compressing: E:\markdown_viewer\dist\consumer-upgrade-1.31.0\MarkdownViewer\_internal\PySide6\qml\QtQuick\NativeStyle\controls\DefaultGroupBox.qml
   Compressing: E:\markdown_viewer\dist\consumer-upgrade-1.31.0\MarkdownViewer\_internal\PySide6\qml\QtQuick\NativeStyle\controls\DefaultItemDelegate.qml
   Compressing: E:\markdown_viewer\dist\consumer-upgrade-1.31.0\MarkdownViewer\_internal\PySide6\qml\QtQuick\NativeStyle\controls\DefaultItemDelegateIconLabel.qml
   Compressing: E:\markdown_viewer\dist\consumer-upgrade-1.31.0\MarkdownViewer\_internal\PySide6\qml\QtQuick\NativeStyle\controls\DefaultProgressBar.qml
   Compressing: E:\markdown_viewer\dist\consumer-upgrade-1.31.0\MarkdownViewer\_internal\PySide6\qml\QtQuick\NativeStyle\controls\DefaultRadioButton.qml
   Compressing: E:\markdown_viewer\dist\consumer-upgrade-1.31.0\MarkdownViewer\_internal\PySide6\qml\QtQuick\NativeStyle\controls\DefaultRadioDelegate.qml
   Compressing: E:\markdown_viewer\dist\consumer-upgrade-1.31.0\MarkdownViewer\_internal\PySide6\qml\QtQuick\NativeStyle\controls\DefaultScrollBar.qml
   Compressing: E:\markdown_viewer\dist\consumer-upgrade-1.31.0\MarkdownViewer\_internal\PySide6\qml\QtQuick\NativeStyle\controls\DefaultSearchField.qml
   Compressing: E:\markdown_viewer\dist\consumer-upgrade-1.31.0\MarkdownViewer\_internal\PySide6\qml\QtQuick\NativeStyle\controls\DefaultSlider.qml
   Compressing: E:\markdown_viewer\dist\consumer-upgrade-1.31.0\MarkdownViewer\_internal\PySide6\qml\QtQuick\NativeStyle\controls\DefaultSpinBox.qml
   Compressing: E:\markdown_viewer\dist\consumer-upgrade-1.31.0\MarkdownViewer\_internal\PySide6\qml\QtQuick\NativeStyle\controls\DefaultTextArea.qml
   Compressing: E:\markdown_viewer\dist\consumer-upgrade-1.31.0\MarkdownViewer\_internal\PySide6\qml\QtQuick\NativeStyle\controls\DefaultTextField.qml
   Compressing: E:\markdown_viewer\dist\consumer-upgrade-1.31.0\MarkdownViewer\_internal\PySide6\qml\QtQuick\NativeStyle\controls\DefaultTreeViewDelegate.qml
   Compressing: E:\markdown_viewer\dist\consumer-upgrade-1.31.0\MarkdownViewer\_internal\PySide6\qml\QtQuick\NativeStyle\controls\qmldir
   Compressing: E:\markdown_viewer\dist\consumer-upgrade-1.31.0\MarkdownViewer\_internal\PySide6\qml\QtQuick\NativeStyle\util\qmldir
   Compressing: E:\markdown_viewer\dist\consumer-upgrade-1.31.0\MarkdownViewer\_internal\PySide6\qml\QtQuick\NativeStyle\util\WindowsFocusFrame.qml
   Compressing: E:\markdown_viewer\dist\consumer-upgrade-1.31.0\MarkdownViewer\_internal\PySide6\qml\QtQuick\Particles\particlesplugin.dll
   Compressing: E:\markdown_viewer\dist\consumer-upgrade-1.31.0\MarkdownViewer\_internal\PySide6\qml\QtQuick\Particles\plugins.qmltypes
   Compressing: E:\markdown_viewer\dist\consumer-upgrade-1.31.0\MarkdownViewer\_internal\PySide6\qml\QtQuick\Particles\qmldir
   Compressing: E:\markdown_viewer\dist\consumer-upgrade-1.31.0\MarkdownViewer\_internal\PySide6\qml\QtQuick\Pdf\PdfLinkDelegate.qml
   Compressing: E:\markdown_viewer\dist\consumer-upgrade-1.31.0\MarkdownViewer\_internal\PySide6\qml\QtQuick\Pdf\PdfMultiPageView.qml
   Compressing: E:\markdown_viewer\dist\consumer-upgrade-1.31.0\MarkdownViewer\_internal\PySide6\qml\QtQuick\Pdf\PdfPageView.qml
   Compressing: E:\markdown_viewer\dist\consumer-upgrade-1.31.0\MarkdownViewer\_internal\PySide6\qml\QtQuick\Pdf\pdfquickplugin.dll
   Compressing: E:\markdown_viewer\dist\consumer-upgrade-1.31.0\MarkdownViewer\_internal\PySide6\qml\QtQuick\Pdf\PdfScrollablePageView.qml
   Compressing: E:\markdown_viewer\dist\consumer-upgrade-1.31.0\MarkdownViewer\_internal\PySide6\qml\QtQuick\Pdf\PdfStyle.qml
   Compressing: E:\markdown_viewer\dist\consumer-upgrade-1.31.0\MarkdownViewer\_internal\PySide6\qml\QtQuick\Pdf\plugins.qmltypes
   Compressing: E:\markdown_viewer\dist\consumer-upgrade-1.31.0\MarkdownViewer\_internal\PySide6\qml\QtQuick\Pdf\qmldir
   Compressing: E:\markdown_viewer\dist\consumer-upgrade-1.31.0\MarkdownViewer\_internal\PySide6\qml\QtQuick\Pdf\+Material\PdfStyle.qml
   Compressing: E:\markdown_viewer\dist\consumer-upgrade-1.31.0\MarkdownViewer\_internal\PySide6\qml\QtQuick\Pdf\+Universal\PdfStyle.qml
   Compressing: E:\markdown_viewer\dist\consumer-upgrade-1.31.0\MarkdownViewer\_internal\PySide6\qml\QtQuick\Scene2D\plugins.qmltypes
   Compressing: E:\markdown_viewer\dist\consumer-upgrade-1.31.0\MarkdownViewer\_internal\PySide6\qml\QtQuick\Scene2D\qmldir
   Compressing: E:\markdown_viewer\dist\consumer-upgrade-1.31.0\MarkdownViewer\_internal\PySide6\qml\QtQuick\Scene2D\qtquickscene2dplugin.dll
   Compressing: E:\markdown_viewer\dist\consumer-upgrade-1.31.0\MarkdownViewer\_internal\PySide6\qml\QtQuick\Scene3D\plugins.qmltypes
   Compressing: E:\markdown_viewer\dist\consumer-upgrade-1.31.0\MarkdownViewer\_internal\PySide6\qml\QtQuick\Scene3D\qmldir
   Compressing: E:\markdown_viewer\dist\consumer-upgrade-1.31.0\MarkdownViewer\_internal\PySide6\qml\QtQuick\Scene3D\qtquickscene3dplugin.dll
   Compressing: E:\markdown_viewer\dist\consumer-upgrade-1.31.0\MarkdownViewer\_internal\PySide6\qml\QtQuick\Shapes\plugins.qmltypes
   Compressing: E:\markdown_viewer\dist\consumer-upgrade-1.31.0\MarkdownViewer\_internal\PySide6\qml\QtQuick\Shapes\qmldir
   Compressing: E:\markdown_viewer\dist\consumer-upgrade-1.31.0\MarkdownViewer\_internal\PySide6\qml\QtQuick\Shapes\qmlshapesplugin.dll
   Compressing: E:\markdown_viewer\dist\consumer-upgrade-1.31.0\MarkdownViewer\_internal\PySide6\qml\QtQuick\Templates\plugins.qmltypes
   Compressing: E:\markdown_viewer\dist\consumer-upgrade-1.31.0\MarkdownViewer\_internal\PySide6\qml\QtQuick\Templates\qmldir
   Compressing: E:\markdown_viewer\dist\consumer-upgrade-1.31.0\MarkdownViewer\_internal\PySide6\qml\QtQuick\Templates\qtquicktemplates2plugin.dll
   Compressing: E:\markdown_viewer\dist\consumer-upgrade-1.31.0\MarkdownViewer\_internal\PySide6\qml\QtQuick\Timeline\plugins.qmltypes
   Compressing: E:\markdown_viewer\dist\consumer-upgrade-1.31.0\MarkdownViewer\_internal\PySide6\qml\QtQuick\Timeline\qmldir
   Compressing: E:\markdown_viewer\dist\consumer-upgrade-1.31.0\MarkdownViewer\_internal\PySide6\qml\QtQuick\Timeline\qtquicktimelineplugin.dll
   Compressing: E:\markdown_viewer\dist\consumer-upgrade-1.31.0\MarkdownViewer\_internal\PySide6\qml\QtQuick\Timeline\BlendTrees\plugins.qmltypes
   Compressing: E:\markdown_viewer\dist\consumer-upgrade-1.31.0\MarkdownViewer\_internal\PySide6\qml\QtQuick\Timeline\BlendTrees\qmldir
   Compressing: E:\markdown_viewer\dist\consumer-upgrade-1.31.0\MarkdownViewer\_internal\PySide6\qml\QtQuick\Timeline\BlendTrees\qtquicktimelineblendtreesplugin.dll
   Compressing: E:\markdown_viewer\dist\consumer-upgrade-1.31.0\MarkdownViewer\_internal\PySide6\qml\QtQuick\tooling\Component.qml
   Compressing: E:\markdown_viewer\dist\consumer-upgrade-1.31.0\MarkdownViewer\_internal\PySide6\qml\QtQuick\tooling\Enum.qml
   Compressing: E:\markdown_viewer\dist\consumer-upgrade-1.31.0\MarkdownViewer\_internal\PySide6\qml\QtQuick\tooling\Member.qml
   Compressing: E:\markdown_viewer\dist\consumer-upgrade-1.31.0\MarkdownViewer\_internal\PySide6\qml\QtQuick\tooling\Method.qml
   Compressing: E:\markdown_viewer\dist\consumer-upgrade-1.31.0\MarkdownViewer\_internal\PySide6\qml\QtQuick\tooling\Module.qml
   Compressing: E:\markdown_viewer\dist\consumer-upgrade-1.31.0\MarkdownViewer\_internal\PySide6\qml\QtQuick\tooling\Parameter.qml
   Compressing: E:\markdown_viewer\dist\consumer-upgrade-1.31.0\MarkdownViewer\_internal\PySide6\qml\QtQuick\tooling\Property.qml
   Compressing: E:\markdown_viewer\dist\consumer-upgrade-1.31.0\MarkdownViewer\_internal\PySide6\qml\QtQuick\tooling\qmldir
   Compressing: E:\markdown_viewer\dist\consumer-upgrade-1.31.0\MarkdownViewer\_internal\PySide6\qml\QtQuick\tooling\quicktooling.qmltypes
   Compressing: E:\markdown_viewer\dist\consumer-upgrade-1.31.0\MarkdownViewer\_internal\PySide6\qml\QtQuick\tooling\quicktoolingplugin.dll
   Compressing: E:\markdown_viewer\dist\consumer-upgrade-1.31.0\MarkdownViewer\_internal\PySide6\qml\QtQuick\tooling\Signal.qml
   Compressing: E:\markdown_viewer\dist\consumer-upgrade-1.31.0\MarkdownViewer\_internal\PySide6\qml\QtQuick\VectorImage\plugins.qmltypes
   Compressing: E:\markdown_viewer\dist\consumer-upgrade-1.31.0\MarkdownViewer\_internal\PySide6\qml\QtQuick\VectorImage\qmldir
   Compressing: E:\markdown_viewer\dist\consumer-upgrade-1.31.0\MarkdownViewer\_internal\PySide6\qml\QtQuick\VectorImage\qquickvectorimageplugin.dll
   Compressing: E:\markdown_viewer\dist\consumer-upgrade-1.31.0\MarkdownViewer\_internal\PySide6\qml\QtQuick\VectorImage\Helpers\plugins.qmltypes
   Compressing: E:\markdown_viewer\dist\consumer-upgrade-1.31.0\MarkdownViewer\_internal\PySide6\qml\QtQuick\VectorImage\Helpers\qmldir
   Compressing: E:\markdown_viewer\dist\consumer-upgrade-1.31.0\MarkdownViewer\_internal\PySide6\qml\QtQuick\VectorImage\Helpers\qquickvectorimagehelpersplugin.dll
   Compressing: E:\markdown_viewer\dist\consumer-upgrade-1.31.0\MarkdownViewer\_internal\PySide6\qml\QtQuick\VirtualKeyboard\EnterKey.qml
   Compressing: E:\markdown_viewer\dist\consumer-upgrade-1.31.0\MarkdownViewer\_internal\PySide6\qml\QtQuick\VirtualKeyboard\HandwritingInputPanel.qml
   Compressing: E:\markdown_viewer\dist\consumer-upgrade-1.31.0\MarkdownViewer\_internal\PySide6\qml\QtQuick\VirtualKeyboard\InputPanel.qml
   Compressing: E:\markdown_viewer\dist\consumer-upgrade-1.31.0\MarkdownViewer\_internal\PySide6\qml\QtQuick\VirtualKeyboard\qmldir
   Compressing: E:\markdown_viewer\dist\consumer-upgrade-1.31.0\MarkdownViewer\_internal\PySide6\qml\QtQuick\VirtualKeyboard\qtvkbplugin.dll
   Compressing: E:\markdown_viewer\dist\consumer-upgrade-1.31.0\MarkdownViewer\_internal\PySide6\qml\QtQuick\VirtualKeyboard\VirtualKeyboardQml.qmltypes
   Compressing: E:\markdown_viewer\dist\consumer-upgrade-1.31.0\MarkdownViewer\_internal\PySide6\qml\QtQuick\VirtualKeyboard\Components\AlternativeKeys.qml
   Compressing: E:\markdown_viewer\dist\consumer-upgrade-1.31.0\MarkdownViewer\_internal\PySide6\qml\QtQuick\VirtualKeyboard\Components\BackspaceKey.qml
   Compressing: E:\markdown_viewer\dist\consumer-upgrade-1.31.0\MarkdownViewer\_internal\PySide6\qml\QtQuick\VirtualKeyboard\Components\BaseKey.qml
   Compressing: E:\markdown_viewer\dist\consumer-upgrade-1.31.0\MarkdownViewer\_internal\PySide6\qml\QtQuick\VirtualKeyboard\Components\ChangeLanguageKey.qml
   Compressing: E:\markdown_viewer\dist\consumer-upgrade-1.31.0\MarkdownViewer\_internal\PySide6\qml\QtQuick\VirtualKeyboard\Components\CharacterPreviewBubble.qml
   Compressing: E:\markdown_viewer\dist\consumer-upgrade-1.31.0\MarkdownViewer\_internal\PySide6\qml\QtQuick\VirtualKeyboard\Components\EnterKey.qml
   Compressing: E:\markdown_viewer\dist\consumer-upgrade-1.31.0\MarkdownViewer\_internal\PySide6\qml\QtQuick\VirtualKeyboard\Components\FillerKey.qml
   Compressing: E:\markdown_viewer\dist\consumer-upgrade-1.31.0\MarkdownViewer\_internal\PySide6\qml\QtQuick\VirtualKeyboard\Components\FlickKey.qml
   Compressing: E:\markdown_viewer\dist\consumer-upgrade-1.31.0\MarkdownViewer\_internal\PySide6\qml\QtQuick\VirtualKeyboard\Components\FunctionPopupList.qml
   Compressing: E:\markdown_viewer\dist\consumer-upgrade-1.31.0\MarkdownViewer\_internal\PySide6\qml\QtQuick\VirtualKeyboard\Components\HandwritingModeKey.qml
   Compressing: E:\markdown_viewer\dist\consumer-upgrade-1.31.0\MarkdownViewer\_internal\PySide6\qml\QtQuick\VirtualKeyboard\Components\HideKeyboardKey.qml
   Compressing: E:\markdown_viewer\dist\consumer-upgrade-1.31.0\MarkdownViewer\_internal\PySide6\qml\QtQuick\VirtualKeyboard\Components\InputModeKey.qml
   Compressing: E:\markdown_viewer\dist\consumer-upgrade-1.31.0\MarkdownViewer\_internal\PySide6\qml\QtQuick\VirtualKeyboard\Components\Key.qml
   Compressing: E:\markdown_viewer\dist\consumer-upgrade-1.31.0\MarkdownViewer\_internal\PySide6\qml\QtQuick\VirtualKeyboard\Components\Keyboard.qml
   Compressing: E:\markdown_viewer\dist\consumer-upgrade-1.31.0\MarkdownViewer\_internal\PySide6\qml\QtQuick\VirtualKeyboard\Components\KeyboardColumn.qml
   Compressing: E:\markdown_viewer\dist\consumer-upgrade-1.31.0\MarkdownViewer\_internal\PySide6\qml\QtQuick\VirtualKeyboard\Components\KeyboardLayout.qml
   Compressing: E:\markdown_viewer\dist\consumer-upgrade-1.31.0\MarkdownViewer\_internal\PySide6\qml\QtQuick\VirtualKeyboard\Components\KeyboardLayoutLoader.qml
   Compressing: E:\markdown_viewer\dist\consumer-upgrade-1.31.0\MarkdownViewer\_internal\PySide6\qml\QtQuick\VirtualKeyboard\Components\KeyboardRow.qml
   Compressing: E:\markdown_viewer\dist\consumer-upgrade-1.31.0\MarkdownViewer\_internal\PySide6\qml\QtQuick\VirtualKeyboard\Components\ModeKey.qml
   Compressing: E:\markdown_viewer\dist\consumer-upgrade-1.31.0\MarkdownViewer\_internal\PySide6\qml\QtQuick\VirtualKeyboard\Components\MultiSoundEffect.qml
   Compressing: E:\markdown_viewer\dist\consumer-upgrade-1.31.0\MarkdownViewer\_internal\PySide6\qml\QtQuick\VirtualKeyboard\Components\MultitapInputMethod.qml
   Compressing: E:\markdown_viewer\dist\consumer-upgrade-1.31.0\MarkdownViewer\_internal\PySide6\qml\QtQuick\VirtualKeyboard\Components\NumberKey.qml
   Compressing: E:\markdown_viewer\dist\consumer-upgrade-1.31.0\MarkdownViewer\_internal\PySide6\qml\QtQuick\VirtualKeyboard\Components\PopupList.qml
   Compressing: E:\markdown_viewer\dist\consumer-upgrade-1.31.0\MarkdownViewer\_internal\PySide6\qml\QtQuick\VirtualKeyboard\Components\qmldir
   Compressing: E:\markdown_viewer\dist\consumer-upgrade-1.31.0\MarkdownViewer\_internal\PySide6\qml\QtQuick\VirtualKeyboard\Components\qtvkbcomponentsplugin.dll
   Compressing: E:\markdown_viewer\dist\consumer-upgrade-1.31.0\MarkdownViewer\_internal\PySide6\qml\QtQuick\VirtualKeyboard\Components\qtvkbcomponentsplugin.qmltypes
   Compressing: E:\markdown_viewer\dist\consumer-upgrade-1.31.0\MarkdownViewer\_internal\PySide6\qml\QtQuick\VirtualKeyboard\Components\SelectionControl.qml
   Compressing: E:\markdown_viewer\dist\consumer-upgrade-1.31.0\MarkdownViewer\_internal\PySide6\qml\QtQuick\VirtualKeyboard\Components\ShadowInputControl.qml
   Compressing: E:\markdown_viewer\dist\consumer-upgrade-1.31.0\MarkdownViewer\_internal\PySide6\qml\QtQuick\VirtualKeyboard\Components\ShiftKey.qml
   Compressing: E:\markdown_viewer\dist\consumer-upgrade-1.31.0\MarkdownViewer\_internal\PySide6\qml\QtQuick\VirtualKeyboard\Components\SpaceKey.qml
   Compressing: E:\markdown_viewer\dist\consumer-upgrade-1.31.0\MarkdownViewer\_internal\PySide6\qml\QtQuick\VirtualKeyboard\Components\SymbolModeKey.qml
   Compressing: E:\markdown_viewer\dist\consumer-upgrade-1.31.0\MarkdownViewer\_internal\PySide6\qml\QtQuick\VirtualKeyboard\Components\TraceInputArea.qml
   Compressing: E:\markdown_viewer\dist\consumer-upgrade-1.31.0\MarkdownViewer\_internal\PySide6\qml\QtQuick\VirtualKeyboard\Components\TraceInputKey.qml
   Compressing: E:\markdown_viewer\dist\consumer-upgrade-1.31.0\MarkdownViewer\_internal\PySide6\qml\QtQuick\VirtualKeyboard\Components\WordCandidatePopupList.qml
   Compressing: E:\markdown_viewer\dist\consumer-upgrade-1.31.0\MarkdownViewer\_internal\PySide6\qml\QtQuick\VirtualKeyboard\Core\plugins.qmltypes
   Compressing: E:\markdown_viewer\dist\consumer-upgrade-1.31.0\MarkdownViewer\_internal\PySide6\qml\QtQuick\VirtualKeyboard\Core\qmldir
   Compressing: E:\markdown_viewer\dist\consumer-upgrade-1.31.0\MarkdownViewer\_internal\PySide6\qml\QtQuick\VirtualKeyboard\Core\virtualkeyboardplugin.dll
   Compressing: E:\markdown_viewer\dist\consumer-upgrade-1.31.0\MarkdownViewer\_internal\PySide6\qml\QtQuick\VirtualKeyboard\Layouts\qmldir
   Compressing: E:\markdown_viewer\dist\consumer-upgrade-1.31.0\MarkdownViewer\_internal\PySide6\qml\QtQuick\VirtualKeyboard\Layouts\qtvkblayoutsplugin.dll
   Compressing: E:\markdown_viewer\dist\consumer-upgrade-1.31.0\MarkdownViewer\_internal\PySide6\qml\QtQuick\VirtualKeyboard\Layouts\qtvkblayoutsplugin.qmltypes
   Compressing: E:\markdown_viewer\dist\consumer-upgrade-1.31.0\MarkdownViewer\_internal\PySide6\qml\QtQuick\VirtualKeyboard\Plugins\qmldir
   Compressing: E:\markdown_viewer\dist\consumer-upgrade-1.31.0\MarkdownViewer\_internal\PySide6\qml\QtQuick\VirtualKeyboard\Plugins\qtvkbpluginsplugin.dll
   Compressing: E:\markdown_viewer\dist\consumer-upgrade-1.31.0\MarkdownViewer\_internal\PySide6\qml\QtQuick\VirtualKeyboard\Plugins\qtvkbpluginsplugin.qmltypes
   Compressing: E:\markdown_viewer\dist\consumer-upgrade-1.31.0\MarkdownViewer\_internal\PySide6\qml\QtQuick\VirtualKeyboard\Plugins\Hangul\plugins.qmltypes
   Compressing: E:\markdown_viewer\dist\consumer-upgrade-1.31.0\MarkdownViewer\_internal\PySide6\qml\QtQuick\VirtualKeyboard\Plugins\Hangul\qmldir
   Compressing: E:\markdown_viewer\dist\consumer-upgrade-1.31.0\MarkdownViewer\_internal\PySide6\qml\QtQuick\VirtualKeyboard\Plugins\Hangul\qtvkbhangulplugin.dll
   Compressing: E:\markdown_viewer\dist\consumer-upgrade-1.31.0\MarkdownViewer\_internal\PySide6\qml\QtQuick\VirtualKeyboard\Plugins\OpenWNN\plugins.qmltypes
   Compressing: E:\markdown_viewer\dist\consumer-upgrade-1.31.0\MarkdownViewer\_internal\PySide6\qml\QtQuick\VirtualKeyboard\Plugins\OpenWNN\qmldir
   Compressing: E:\markdown_viewer\dist\consumer-upgrade-1.31.0\MarkdownViewer\_internal\PySide6\qml\QtQuick\VirtualKeyboard\Plugins\OpenWNN\qtvkbopenwnnplugin.dll
   Compressing: E:\markdown_viewer\dist\consumer-upgrade-1.31.0\MarkdownViewer\_internal\PySide6\qml\QtQuick\VirtualKeyboard\Plugins\Pinyin\plugins.qmltypes
   Compressing: E:\markdown_viewer\dist\consumer-upgrade-1.31.0\MarkdownViewer\_internal\PySide6\qml\QtQuick\VirtualKeyboard\Plugins\Pinyin\qmldir
   Compressing: E:\markdown_viewer\dist\consumer-upgrade-1.31.0\MarkdownViewer\_internal\PySide6\qml\QtQuick\VirtualKeyboard\Plugins\Pinyin\qtvkbpinyinplugin.dll
   Compressing: E:\markdown_viewer\dist\consumer-upgrade-1.31.0\MarkdownViewer\_internal\PySide6\qml\QtQuick\VirtualKeyboard\Plugins\TCIme\plugins.qmltypes
   Compressing: E:\markdown_viewer\dist\consumer-upgrade-1.31.0\MarkdownViewer\_internal\PySide6\qml\QtQuick\VirtualKeyboard\Plugins\TCIme\qmldir
   Compressing: E:\markdown_viewer\dist\consumer-upgrade-1.31.0\MarkdownViewer\_internal\PySide6\qml\QtQuick\VirtualKeyboard\Plugins\TCIme\qtvkbtcimeplugin.dll
   Compressing: E:\markdown_viewer\dist\consumer-upgrade-1.31.0\MarkdownViewer\_internal\PySide6\qml\QtQuick\VirtualKeyboard\Plugins\Thai\plugins.qmltypes
   Compressing: E:\markdown_viewer\dist\consumer-upgrade-1.31.0\MarkdownViewer\_internal\PySide6\qml\QtQuick\VirtualKeyboard\Plugins\Thai\qmldir
   Compressing: E:\markdown_viewer\dist\consumer-upgrade-1.31.0\MarkdownViewer\_internal\PySide6\qml\QtQuick\VirtualKeyboard\Plugins\Thai\qtvkbthaiplugin.dll
   Compressing: E:\markdown_viewer\dist\consumer-upgrade-1.31.0\MarkdownViewer\_internal\PySide6\qml\QtQuick\VirtualKeyboard\Settings\plugins.qmltypes
   Compressing: E:\markdown_viewer\dist\consumer-upgrade-1.31.0\MarkdownViewer\_internal\PySide6\qml\QtQuick\VirtualKeyboard\Settings\qmldir
   Compressing: E:\markdown_viewer\dist\consumer-upgrade-1.31.0\MarkdownViewer\_internal\PySide6\qml\QtQuick\VirtualKeyboard\Settings\qtvkbsettingsplugin.dll
   Compressing: E:\markdown_viewer\dist\consumer-upgrade-1.31.0\MarkdownViewer\_internal\PySide6\qml\QtQuick\VirtualKeyboard\Styles\KeyboardStyle.qml
   Compressing: E:\markdown_viewer\dist\consumer-upgrade-1.31.0\MarkdownViewer\_internal\PySide6\qml\QtQuick\VirtualKeyboard\Styles\KeyIcon.qml
   Compressing: E:\markdown_viewer\dist\consumer-upgrade-1.31.0\MarkdownViewer\_internal\PySide6\qml\QtQuick\VirtualKeyboard\Styles\KeyPanel.qml
   Compressing: E:\markdown_viewer\dist\consumer-upgrade-1.31.0\MarkdownViewer\_internal\PySide6\qml\QtQuick\VirtualKeyboard\Styles\plugins.qmltypes
   Compressing: E:\markdown_viewer\dist\consumer-upgrade-1.31.0\MarkdownViewer\_internal\PySide6\qml\QtQuick\VirtualKeyboard\Styles\qmldir
   Compressing: E:\markdown_viewer\dist\consumer-upgrade-1.31.0\MarkdownViewer\_internal\PySide6\qml\QtQuick\VirtualKeyboard\Styles\qtvkbstylesplugin.dll
   Compressing: E:\markdown_viewer\dist\consumer-upgrade-1.31.0\MarkdownViewer\_internal\PySide6\qml\QtQuick\VirtualKeyboard\Styles\SelectionListItem.qml
   Compressing: E:\markdown_viewer\dist\consumer-upgrade-1.31.0\MarkdownViewer\_internal\PySide6\qml\QtQuick\VirtualKeyboard\Styles\TraceCanvas.qml
   Compressing: E:\markdown_viewer\dist\consumer-upgrade-1.31.0\MarkdownViewer\_internal\PySide6\qml\QtQuick\VirtualKeyboard\Styles\TraceInputKeyPanel.qml
   Compressing: E:\markdown_viewer\dist\consumer-upgrade-1.31.0\MarkdownViewer\_internal\PySide6\qml\QtQuick\VirtualKeyboard\Styles\TraceUtils.js
   Compressing: E:\markdown_viewer\dist\consumer-upgrade-1.31.0\MarkdownViewer\_internal\PySide6\qml\QtQuick\VirtualKeyboard\Styles\Builtin\plugins.qmltypes
   Compressing: E:\markdown_viewer\dist\consumer-upgrade-1.31.0\MarkdownViewer\_internal\PySide6\qml\QtQuick\VirtualKeyboard\Styles\Builtin\qmldir
   Compressing: E:\markdown_viewer\dist\consumer-upgrade-1.31.0\MarkdownViewer\_internal\PySide6\qml\QtQuick\VirtualKeyboard\Styles\Builtin\qtvkbbuiltinstylesplugin.dll
   Compressing: E:\markdown_viewer\dist\consumer-upgrade-1.31.0\MarkdownViewer\_internal\PySide6\qml\QtQuick\Window\qmldir
   Compressing: E:\markdown_viewer\dist\consumer-upgrade-1.31.0\MarkdownViewer\_internal\PySide6\qml\QtQuick\Window\quickwindow.qmltypes
   Compressing: E:\markdown_viewer\dist\consumer-upgrade-1.31.0\MarkdownViewer\_internal\PySide6\qml\QtQuick\Window\quickwindowplugin.dll
   Compressing: E:\markdown_viewer\dist\consumer-upgrade-1.31.0\MarkdownViewer\_internal\PySide6\qml\QtQuick3D\LightmapperOutputWindow.qml
   Compressing: E:\markdown_viewer\dist\consumer-upgrade-1.31.0\MarkdownViewer\_internal\PySide6\qml\QtQuick3D\qmldir
   Compressing: E:\markdown_viewer\dist\consumer-upgrade-1.31.0\MarkdownViewer\_internal\PySide6\qml\QtQuick3D\qquick3dplugin.dll
   Compressing: E:\markdown_viewer\dist\consumer-upgrade-1.31.0\MarkdownViewer\_internal\PySide6\qml\QtQuick3D\Quick3D.qmltypes
   Compressing: E:\markdown_viewer\dist\consumer-upgrade-1.31.0\MarkdownViewer\_internal\PySide6\qml\QtQuick3D\AssetUtils\plugins.qmltypes
   Compressing: E:\markdown_viewer\dist\consumer-upgrade-1.31.0\MarkdownViewer\_internal\PySide6\qml\QtQuick3D\AssetUtils\qmldir
   Compressing: E:\markdown_viewer\dist\consumer-upgrade-1.31.0\MarkdownViewer\_internal\PySide6\qml\QtQuick3D\AssetUtils\qtquick3dassetutilsplugin.dll
   Compressing: E:\markdown_viewer\dist\consumer-upgrade-1.31.0\MarkdownViewer\_internal\PySide6\qml\QtQuick3D\AssetUtils\designer\assetutils.metainfo
   Compressing: E:\markdown_viewer\dist\consumer-upgrade-1.31.0\MarkdownViewer\_internal\PySide6\qml\QtQuick3D\AssetUtils\designer\NodeSection.qml
   Compressing: E:\markdown_viewer\dist\consumer-upgrade-1.31.0\MarkdownViewer\_internal\PySide6\qml\QtQuick3D\AssetUtils\designer\RuntimeLoaderSection.qml
   Compressing: E:\markdown_viewer\dist\consumer-upgrade-1.31.0\MarkdownViewer\_internal\PySide6\qml\QtQuick3D\AssetUtils\designer\RuntimeLoaderSpecifics.qml
   Compressing: E:\markdown_viewer\dist\consumer-upgrade-1.31.0\MarkdownViewer\_internal\PySide6\qml\QtQuick3D\AssetUtils\designer\images\dummy.png
   Compressing: E:\markdown_viewer\dist\consumer-upgrade-1.31.0\MarkdownViewer\_internal\PySide6\qml\QtQuick3D\AssetUtils\designer\images\dummy16.png
   Compressing: E:\markdown_viewer\dist\consumer-upgrade-1.31.0\MarkdownViewer\_internal\PySide6\qml\QtQuick3D\AssetUtils\designer\images\dummy@2x.png
   Compressing: E:\markdown_viewer\dist\consumer-upgrade-1.31.0\MarkdownViewer\_internal\PySide6\qml\QtQuick3D\AssetUtils\designer\images\runtimeloader.png
   Compressing: E:\markdown_viewer\dist\consumer-upgrade-1.31.0\MarkdownViewer\_internal\PySide6\qml\QtQuick3D\AssetUtils\designer\images\runtimeloader16.png
   Compressing: E:\markdown_viewer\dist\consumer-upgrade-1.31.0\MarkdownViewer\_internal\PySide6\qml\QtQuick3D\AssetUtils\designer\images\runtimeloader@2x.png
   Compressing: E:\markdown_viewer\dist\consumer-upgrade-1.31.0\MarkdownViewer\_internal\PySide6\qml\QtQuick3D\designer\AbstractLightSection.qml
   Compressing: E:\markdown_viewer\dist\consumer-upgrade-1.31.0\MarkdownViewer\_internal\PySide6\qml\QtQuick3D\designer\BufferInputSection.qml
   Compressing: E:\markdown_viewer\dist\consumer-upgrade-1.31.0\MarkdownViewer\_internal\PySide6\qml\QtQuick3D\designer\BufferInputSpecifics.qml
   Compressing: E:\markdown_viewer\dist\consumer-upgrade-1.31.0\MarkdownViewer\_internal\PySide6\qml\QtQuick3D\designer\BufferSection.qml
   Compressing: E:\markdown_viewer\dist\consumer-upgrade-1.31.0\MarkdownViewer\_internal\PySide6\qml\QtQuick3D\designer\BufferSpecifics.qml
   Compressing: E:\markdown_viewer\dist\consumer-upgrade-1.31.0\MarkdownViewer\_internal\PySide6\qml\QtQuick3D\designer\CameraSection.qml
   Compressing: E:\markdown_viewer\dist\consumer-upgrade-1.31.0\MarkdownViewer\_internal\PySide6\qml\QtQuick3D\designer\CascadesSection.qml
   Compressing: E:\markdown_viewer\dist\consumer-upgrade-1.31.0\MarkdownViewer\_internal\PySide6\qml\QtQuick3D\designer\CubeMapTextureSpecifics.qml
   Compressing: E:\markdown_viewer\dist\consumer-upgrade-1.31.0\MarkdownViewer\_internal\PySide6\qml\QtQuick3D\designer\CustomCameraSpecifics.qml
   Compressing: E:\markdown_viewer\dist\consumer-upgrade-1.31.0\MarkdownViewer\_internal\PySide6\qml\QtQuick3D\designer\CustomMaterialSection.qml
   Compressing: E:\markdown_viewer\dist\consumer-upgrade-1.31.0\MarkdownViewer\_internal\PySide6\qml\QtQuick3D\designer\CustomMaterialSpecifics.qml
   Compressing: E:\markdown_viewer\dist\consumer-upgrade-1.31.0\MarkdownViewer\_internal\PySide6\qml\QtQuick3D\designer\DebugSettingsSection.qml
   Compressing: E:\markdown_viewer\dist\consumer-upgrade-1.31.0\MarkdownViewer\_internal\PySide6\qml\QtQuick3D\designer\DebugSettingsSpecifics.qml
   Compressing: E:\markdown_viewer\dist\consumer-upgrade-1.31.0\MarkdownViewer\_internal\PySide6\qml\QtQuick3D\designer\DefaultMaterialSection.qml
   Compressing: E:\markdown_viewer\dist\consumer-upgrade-1.31.0\MarkdownViewer\_internal\PySide6\qml\QtQuick3D\designer\DefaultMaterialSpecifics.qml
   Compressing: E:\markdown_viewer\dist\consumer-upgrade-1.31.0\MarkdownViewer\_internal\PySide6\qml\QtQuick3D\designer\DirectionalLightSection.qml
   Compressing: E:\markdown_viewer\dist\consumer-upgrade-1.31.0\MarkdownViewer\_internal\PySide6\qml\QtQuick3D\designer\DirectionalLightSpecifics.qml
   Compressing: E:\markdown_viewer\dist\consumer-upgrade-1.31.0\MarkdownViewer\_internal\PySide6\qml\QtQuick3D\designer\EffectSection.qml
   Compressing: E:\markdown_viewer\dist\consumer-upgrade-1.31.0\MarkdownViewer\_internal\PySide6\qml\QtQuick3D\designer\EffectSpecifics.qml
   Compressing: E:\markdown_viewer\dist\consumer-upgrade-1.31.0\MarkdownViewer\_internal\PySide6\qml\QtQuick3D\designer\FileInstancingSection.qml
   Compressing: E:\markdown_viewer\dist\consumer-upgrade-1.31.0\MarkdownViewer\_internal\PySide6\qml\QtQuick3D\designer\FileInstancingSpecifics.qml
   Compressing: E:\markdown_viewer\dist\consumer-upgrade-1.31.0\MarkdownViewer\_internal\PySide6\qml\QtQuick3D\designer\FogSection.qml
   Compressing: E:\markdown_viewer\dist\consumer-upgrade-1.31.0\MarkdownViewer\_internal\PySide6\qml\QtQuick3D\designer\FogSpecifics.qml
   Compressing: E:\markdown_viewer\dist\consumer-upgrade-1.31.0\MarkdownViewer\_internal\PySide6\qml\QtQuick3D\designer\FrustumCameraSection.qml
   Compressing: E:\markdown_viewer\dist\consumer-upgrade-1.31.0\MarkdownViewer\_internal\PySide6\qml\QtQuick3D\designer\FrustumCameraSpecifics.qml
   Compressing: E:\markdown_viewer\dist\consumer-upgrade-1.31.0\MarkdownViewer\_internal\PySide6\qml\QtQuick3D\designer\InstanceListEntrySection.qml
   Compressing: E:\markdown_viewer\dist\consumer-upgrade-1.31.0\MarkdownViewer\_internal\PySide6\qml\QtQuick3D\designer\InstanceListEntrySpecifics.qml
   Compressing: E:\markdown_viewer\dist\consumer-upgrade-1.31.0\MarkdownViewer\_internal\PySide6\qml\QtQuick3D\designer\InstanceListSection.qml
   Compressing: E:\markdown_viewer\dist\consumer-upgrade-1.31.0\MarkdownViewer\_internal\PySide6\qml\QtQuick3D\designer\InstanceListSpecifics.qml
   Compressing: E:\markdown_viewer\dist\consumer-upgrade-1.31.0\MarkdownViewer\_internal\PySide6\qml\QtQuick3D\designer\InstancingSection.qml
   Compressing: E:\markdown_viewer\dist\consumer-upgrade-1.31.0\MarkdownViewer\_internal\PySide6\qml\QtQuick3D\designer\JointSection.qml
   Compressing: E:\markdown_viewer\dist\consumer-upgrade-1.31.0\MarkdownViewer\_internal\PySide6\qml\QtQuick3D\designer\JointSpecifics.qml
   Compressing: E:\markdown_viewer\dist\consumer-upgrade-1.31.0\MarkdownViewer\_internal\PySide6\qml\QtQuick3D\designer\LightmapperSection.qml
   Compressing: E:\markdown_viewer\dist\consumer-upgrade-1.31.0\MarkdownViewer\_internal\PySide6\qml\QtQuick3D\designer\LightmapperSpecifics.qml
   Compressing: E:\markdown_viewer\dist\consumer-upgrade-1.31.0\MarkdownViewer\_internal\PySide6\qml\QtQuick3D\designer\Loader3DSection.qml
   Compressing: E:\markdown_viewer\dist\consumer-upgrade-1.31.0\MarkdownViewer\_internal\PySide6\qml\QtQuick3D\designer\Loader3DSpecifics.qml
   Compressing: E:\markdown_viewer\dist\consumer-upgrade-1.31.0\MarkdownViewer\_internal\PySide6\qml\QtQuick3D\designer\MaterialSection.qml
   Compressing: E:\markdown_viewer\dist\consumer-upgrade-1.31.0\MarkdownViewer\_internal\PySide6\qml\QtQuick3D\designer\ModelSection.qml
   Compressing: E:\markdown_viewer\dist\consumer-upgrade-1.31.0\MarkdownViewer\_internal\PySide6\qml\QtQuick3D\designer\ModelSpecifics.qml
   Compressing: E:\markdown_viewer\dist\consumer-upgrade-1.31.0\MarkdownViewer\_internal\PySide6\qml\QtQuick3D\designer\MorphTargetSection.qml
   Compressing: E:\markdown_viewer\dist\consumer-upgrade-1.31.0\MarkdownViewer\_internal\PySide6\qml\QtQuick3D\designer\MorphTargetSpecifics.qml
   Compressing: E:\markdown_viewer\dist\consumer-upgrade-1.31.0\MarkdownViewer\_internal\PySide6\qml\QtQuick3D\designer\NodeSection.qml
   Compressing: E:\markdown_viewer\dist\consumer-upgrade-1.31.0\MarkdownViewer\_internal\PySide6\qml\QtQuick3D\designer\NodeSpecifics.qml
   Compressing: E:\markdown_viewer\dist\consumer-upgrade-1.31.0\MarkdownViewer\_internal\PySide6\qml\QtQuick3D\designer\Object3DSection.qml
   Compressing: E:\markdown_viewer\dist\consumer-upgrade-1.31.0\MarkdownViewer\_internal\PySide6\qml\QtQuick3D\designer\OrthographicCameraSection.qml
   Compressing: E:\markdown_viewer\dist\consumer-upgrade-1.31.0\MarkdownViewer\_internal\PySide6\qml\QtQuick3D\designer\OrthographicCameraSpecifics.qml
   Compressing: E:\markdown_viewer\dist\consumer-upgrade-1.31.0\MarkdownViewer\_internal\PySide6\qml\QtQuick3D\designer\PassSection.qml
   Compressing: E:\markdown_viewer\dist\consumer-upgrade-1.31.0\MarkdownViewer\_internal\PySide6\qml\QtQuick3D\designer\PassSpecifics.qml
   Compressing: E:\markdown_viewer\dist\consumer-upgrade-1.31.0\MarkdownViewer\_internal\PySide6\qml\QtQuick3D\designer\PerspectiveCameraSection.qml
   Compressing: E:\markdown_viewer\dist\consumer-upgrade-1.31.0\MarkdownViewer\_internal\PySide6\qml\QtQuick3D\designer\PerspectiveCameraSpecifics.qml
   Compressing: E:\markdown_viewer\dist\consumer-upgrade-1.31.0\MarkdownViewer\_internal\PySide6\qml\QtQuick3D\designer\PointLightSection.qml
   Compressing: E:\markdown_viewer\dist\consumer-upgrade-1.31.0\MarkdownViewer\_internal\PySide6\qml\QtQuick3D\designer\PointLightSpecifics.qml
   Compressing: E:\markdown_viewer\dist\consumer-upgrade-1.31.0\MarkdownViewer\_internal\PySide6\qml\QtQuick3D\designer\PrincipledMaterialSection.qml
   Compressing: E:\markdown_viewer\dist\consumer-upgrade-1.31.0\MarkdownViewer\_internal\PySide6\qml\QtQuick3D\designer\PrincipledMaterialSpecifics.qml
   Compressing: E:\markdown_viewer\dist\consumer-upgrade-1.31.0\MarkdownViewer\_internal\PySide6\qml\QtQuick3D\designer\propertyGroups.json
   Compressing: E:\markdown_viewer\dist\consumer-upgrade-1.31.0\MarkdownViewer\_internal\PySide6\qml\QtQuick3D\designer\quick3d.metainfo
   Compressing: E:\markdown_viewer\dist\consumer-upgrade-1.31.0\MarkdownViewer\_internal\PySide6\qml\QtQuick3D\designer\ReflectionProbeSection.qml
   Compressing: E:\markdown_viewer\dist\consumer-upgrade-1.31.0\MarkdownViewer\_internal\PySide6\qml\QtQuick3D\designer\ReflectionProbeSpecifics.qml
   Compressing: E:\markdown_viewer\dist\consumer-upgrade-1.31.0\MarkdownViewer\_internal\PySide6\qml\QtQuick3D\designer\Repeater3DSection.qml
   Compressing: E:\markdown_viewer\dist\consumer-upgrade-1.31.0\MarkdownViewer\_internal\PySide6\qml\QtQuick3D\designer\Repeater3DSpecifics.qml
   Compressing: E:\markdown_viewer\dist\consumer-upgrade-1.31.0\MarkdownViewer\_internal\PySide6\qml\QtQuick3D\designer\ResourceLoaderSection.qml
   Compressing: E:\markdown_viewer\dist\consumer-upgrade-1.31.0\MarkdownViewer\_internal\PySide6\qml\QtQuick3D\designer\ResourceLoaderSpecifics.qml
   Compressing: E:\markdown_viewer\dist\consumer-upgrade-1.31.0\MarkdownViewer\_internal\PySide6\qml\QtQuick3D\designer\SceneEnvironmentSection.qml
   Compressing: E:\markdown_viewer\dist\consumer-upgrade-1.31.0\MarkdownViewer\_internal\PySide6\qml\QtQuick3D\designer\SceneEnvironmentSpecifics.qml
   Compressing: E:\markdown_viewer\dist\consumer-upgrade-1.31.0\MarkdownViewer\_internal\PySide6\qml\QtQuick3D\designer\SetUniformValueSection.qml
   Compressing: E:\markdown_viewer\dist\consumer-upgrade-1.31.0\MarkdownViewer\_internal\PySide6\qml\QtQuick3D\designer\SetUniformValueSpecifics.qml
   Compressing: E:\markdown_viewer\dist\consumer-upgrade-1.31.0\MarkdownViewer\_internal\PySide6\qml\QtQuick3D\designer\ShaderSection.qml
   Compressing: E:\markdown_viewer\dist\consumer-upgrade-1.31.0\MarkdownViewer\_internal\PySide6\qml\QtQuick3D\designer\ShaderSpecifics.qml
   Compressing: E:\markdown_viewer\dist\consumer-upgrade-1.31.0\MarkdownViewer\_internal\PySide6\qml\QtQuick3D\designer\ShadowSection.qml
   Compressing: E:\markdown_viewer\dist\consumer-upgrade-1.31.0\MarkdownViewer\_internal\PySide6\qml\QtQuick3D\designer\SkinSection.qml
   Compressing: E:\markdown_viewer\dist\consumer-upgrade-1.31.0\MarkdownViewer\_internal\PySide6\qml\QtQuick3D\designer\SkinSpecifics.qml
   Compressing: E:\markdown_viewer\dist\consumer-upgrade-1.31.0\MarkdownViewer\_internal\PySide6\qml\QtQuick3D\designer\SpecularGlossyMaterialSection.qml
   Compressing: E:\markdown_viewer\dist\consumer-upgrade-1.31.0\MarkdownViewer\_internal\PySide6\qml\QtQuick3D\designer\SpecularGlossyMaterialSpecifics.qml
   Compressing: E:\markdown_viewer\dist\consumer-upgrade-1.31.0\MarkdownViewer\_internal\PySide6\qml\QtQuick3D\designer\SpotLightSection.qml
   Compressing: E:\markdown_viewer\dist\consumer-upgrade-1.31.0\MarkdownViewer\_internal\PySide6\qml\QtQuick3D\designer\SpotLightSpecifics.qml
   Compressing: E:\markdown_viewer\dist\consumer-upgrade-1.31.0\MarkdownViewer\_internal\PySide6\qml\QtQuick3D\designer\TextureInputSection.qml
   Compressing: E:\markdown_viewer\dist\consumer-upgrade-1.31.0\MarkdownViewer\_internal\PySide6\qml\QtQuick3D\designer\TextureInputSpecifics.qml
   Compressing: E:\markdown_viewer\dist\consumer-upgrade-1.31.0\MarkdownViewer\_internal\PySide6\qml\QtQuick3D\designer\TextureSection.qml
   Compressing: E:\markdown_viewer\dist\consumer-upgrade-1.31.0\MarkdownViewer\_internal\PySide6\qml\QtQuick3D\designer\TextureSpecifics.qml
   Compressing: E:\markdown_viewer\dist\consumer-upgrade-1.31.0\MarkdownViewer\_internal\PySide6\qml\QtQuick3D\designer\View3DSection.qml
   Compressing: E:\markdown_viewer\dist\consumer-upgrade-1.31.0\MarkdownViewer\_internal\PySide6\qml\QtQuick3D\designer\View3DSpecifics.qml
   Compressing: E:\markdown_viewer\dist\consumer-upgrade-1.31.0\MarkdownViewer\_internal\PySide6\qml\QtQuick3D\designer\images\camera.png
   Compressing: E:\markdown_viewer\dist\consumer-upgrade-1.31.0\MarkdownViewer\_internal\PySide6\qml\QtQuick3D\designer\images\camera16.png
   Compressing: E:\markdown_viewer\dist\consumer-upgrade-1.31.0\MarkdownViewer\_internal\PySide6\qml\QtQuick3D\designer\images\camera@2x.png
   Compressing: E:\markdown_viewer\dist\consumer-upgrade-1.31.0\MarkdownViewer\_internal\PySide6\qml\QtQuick3D\designer\images\cone.png
   Compressing: E:\markdown_viewer\dist\consumer-upgrade-1.31.0\MarkdownViewer\_internal\PySide6\qml\QtQuick3D\designer\images\cone16.png
   Compressing: E:\markdown_viewer\dist\consumer-upgrade-1.31.0\MarkdownViewer\_internal\PySide6\qml\QtQuick3D\designer\images\cone@2x.png
   Compressing: E:\markdown_viewer\dist\consumer-upgrade-1.31.0\MarkdownViewer\_internal\PySide6\qml\QtQuick3D\designer\images\cube.png
   Compressing: E:\markdown_viewer\dist\consumer-upgrade-1.31.0\MarkdownViewer\_internal\PySide6\qml\QtQuick3D\designer\images\cube16.png
   Compressing: E:\markdown_viewer\dist\consumer-upgrade-1.31.0\MarkdownViewer\_internal\PySide6\qml\QtQuick3D\designer\images\cube@2x.png
   Compressing: E:\markdown_viewer\dist\consumer-upgrade-1.31.0\MarkdownViewer\_internal\PySide6\qml\QtQuick3D\designer\images\cubemaptexture.png
   Compressing: E:\markdown_viewer\dist\consumer-upgrade-1.31.0\MarkdownViewer\_internal\PySide6\qml\QtQuick3D\designer\images\cubemaptexture16.png
   Compressing: E:\markdown_viewer\dist\consumer-upgrade-1.31.0\MarkdownViewer\_internal\PySide6\qml\QtQuick3D\designer\images\cubemaptexture@2x.png
   Compressing: E:\markdown_viewer\dist\consumer-upgrade-1.31.0\MarkdownViewer\_internal\PySide6\qml\QtQuick3D\designer\images\custommaterial.png
   Compressing: E:\markdown_viewer\dist\consumer-upgrade-1.31.0\MarkdownViewer\_internal\PySide6\qml\QtQuick3D\designer\images\custommaterial16.png
   Compressing: E:\markdown_viewer\dist\consumer-upgrade-1.31.0\MarkdownViewer\_internal\PySide6\qml\QtQuick3D\designer\images\custommaterial@2x.png
   Compressing: E:\markdown_viewer\dist\consumer-upgrade-1.31.0\MarkdownViewer\_internal\PySide6\qml\QtQuick3D\designer\images\cylinder.png
   Compressing: E:\markdown_viewer\dist\consumer-upgrade-1.31.0\MarkdownViewer\_internal\PySide6\qml\QtQuick3D\designer\images\cylinder16.png
   Compressing: E:\markdown_viewer\dist\consumer-upgrade-1.31.0\MarkdownViewer\_internal\PySide6\qml\QtQuick3D\designer\images\cylinder@2x.png
   Compressing: E:\markdown_viewer\dist\consumer-upgrade-1.31.0\MarkdownViewer\_internal\PySide6\qml\QtQuick3D\designer\images\debugsettings.png
   Compressing: E:\markdown_viewer\dist\consumer-upgrade-1.31.0\MarkdownViewer\_internal\PySide6\qml\QtQuick3D\designer\images\debugsettings16.png
   Compressing: E:\markdown_viewer\dist\consumer-upgrade-1.31.0\MarkdownViewer\_internal\PySide6\qml\QtQuick3D\designer\images\debugsettings@2x.png
   Compressing: E:\markdown_viewer\dist\consumer-upgrade-1.31.0\MarkdownViewer\_internal\PySide6\qml\QtQuick3D\designer\images\dummy.png
   Compressing: E:\markdown_viewer\dist\consumer-upgrade-1.31.0\MarkdownViewer\_internal\PySide6\qml\QtQuick3D\designer\images\dummy16.png
   Compressing: E:\markdown_viewer\dist\consumer-upgrade-1.31.0\MarkdownViewer\_internal\PySide6\qml\QtQuick3D\designer\images\dummy@2x.png
   Compressing: E:\markdown_viewer\dist\consumer-upgrade-1.31.0\MarkdownViewer\_internal\PySide6\qml\QtQuick3D\designer\images\effect.png
   Compressing: E:\markdown_viewer\dist\consumer-upgrade-1.31.0\MarkdownViewer\_internal\PySide6\qml\QtQuick3D\designer\images\effect16.png
   Compressing: E:\markdown_viewer\dist\consumer-upgrade-1.31.0\MarkdownViewer\_internal\PySide6\qml\QtQuick3D\designer\images\effect@2x.png
   Compressing: E:\markdown_viewer\dist\consumer-upgrade-1.31.0\MarkdownViewer\_internal\PySide6\qml\QtQuick3D\designer\images\fileinstancing.png
   Compressing: E:\markdown_viewer\dist\consumer-upgrade-1.31.0\MarkdownViewer\_internal\PySide6\qml\QtQuick3D\designer\images\fileinstancing16.png
   Compressing: E:\markdown_viewer\dist\consumer-upgrade-1.31.0\MarkdownViewer\_internal\PySide6\qml\QtQuick3D\designer\images\fileinstancing@2x.png
   Compressing: E:\markdown_viewer\dist\consumer-upgrade-1.31.0\MarkdownViewer\_internal\PySide6\qml\QtQuick3D\designer\images\fog.png
   Compressing: E:\markdown_viewer\dist\consumer-upgrade-1.31.0\MarkdownViewer\_internal\PySide6\qml\QtQuick3D\designer\images\fog16.png
   Compressing: E:\markdown_viewer\dist\consumer-upgrade-1.31.0\MarkdownViewer\_internal\PySide6\qml\QtQuick3D\designer\images\fog@2x.png
   Compressing: E:\markdown_viewer\dist\consumer-upgrade-1.31.0\MarkdownViewer\_internal\PySide6\qml\QtQuick3D\designer\images\group.png
   Compressing: E:\markdown_viewer\dist\consumer-upgrade-1.31.0\MarkdownViewer\_internal\PySide6\qml\QtQuick3D\designer\images\group16.png
   Compressing: E:\markdown_viewer\dist\consumer-upgrade-1.31.0\MarkdownViewer\_internal\PySide6\qml\QtQuick3D\designer\images\group@2x.png
   Compressing: E:\markdown_viewer\dist\consumer-upgrade-1.31.0\MarkdownViewer\_internal\PySide6\qml\QtQuick3D\designer\images\instancelist.png
   Compressing: E:\markdown_viewer\dist\consumer-upgrade-1.31.0\MarkdownViewer\_internal\PySide6\qml\QtQuick3D\designer\images\instancelist16.png
   Compressing: E:\markdown_viewer\dist\consumer-upgrade-1.31.0\MarkdownViewer\_internal\PySide6\qml\QtQuick3D\designer\images\instancelist@2x.png
   Compressing: E:\markdown_viewer\dist\consumer-upgrade-1.31.0\MarkdownViewer\_internal\PySide6\qml\QtQuick3D\designer\images\instancelistentry.png
   Compressing: E:\markdown_viewer\dist\consumer-upgrade-1.31.0\MarkdownViewer\_internal\PySide6\qml\QtQuick3D\designer\images\instancelistentry16.png
   Compressing: E:\markdown_viewer\dist\consumer-upgrade-1.31.0\MarkdownViewer\_internal\PySide6\qml\QtQuick3D\designer\images\instancelistentry@2x.png
   Compressing: E:\markdown_viewer\dist\consumer-upgrade-1.31.0\MarkdownViewer\_internal\PySide6\qml\QtQuick3D\designer\images\joint.png
   Compressing: E:\markdown_viewer\dist\consumer-upgrade-1.31.0\MarkdownViewer\_internal\PySide6\qml\QtQuick3D\designer\images\joint16.png
   Compressing: E:\markdown_viewer\dist\consumer-upgrade-1.31.0\MarkdownViewer\_internal\PySide6\qml\QtQuick3D\designer\images\joint@2x.png
   Compressing: E:\markdown_viewer\dist\consumer-upgrade-1.31.0\MarkdownViewer\_internal\PySide6\qml\QtQuick3D\designer\images\lightdirectional.png
   Compressing: E:\markdown_viewer\dist\consumer-upgrade-1.31.0\MarkdownViewer\_internal\PySide6\qml\QtQuick3D\designer\images\lightdirectional16.png
   Compressing: E:\markdown_viewer\dist\consumer-upgrade-1.31.0\MarkdownViewer\_internal\PySide6\qml\QtQuick3D\designer\images\lightdirectional@2x.png
   Compressing: E:\markdown_viewer\dist\consumer-upgrade-1.31.0\MarkdownViewer\_internal\PySide6\qml\QtQuick3D\designer\images\lightmapper.png
   Compressing: E:\markdown_viewer\dist\consumer-upgrade-1.31.0\MarkdownViewer\_internal\PySide6\qml\QtQuick3D\designer\images\lightmapper16.png
   Compressing: E:\markdown_viewer\dist\consumer-upgrade-1.31.0\MarkdownViewer\_internal\PySide6\qml\QtQuick3D\designer\images\lightmapper@2x.png
   Compressing: E:\markdown_viewer\dist\consumer-upgrade-1.31.0\MarkdownViewer\_internal\PySide6\qml\QtQuick3D\designer\images\lightpoint.png
   Compressing: E:\markdown_viewer\dist\consumer-upgrade-1.31.0\MarkdownViewer\_internal\PySide6\qml\QtQuick3D\designer\images\lightpoint16.png
   Compressing: E:\markdown_viewer\dist\consumer-upgrade-1.31.0\MarkdownViewer\_internal\PySide6\qml\QtQuick3D\designer\images\lightpoint@2x.png
   Compressing: E:\markdown_viewer\dist\consumer-upgrade-1.31.0\MarkdownViewer\_internal\PySide6\qml\QtQuick3D\designer\images\lightspot.png
   Compressing: E:\markdown_viewer\dist\consumer-upgrade-1.31.0\MarkdownViewer\_internal\PySide6\qml\QtQuick3D\designer\images\lightspot16.png
   Compressing: E:\markdown_viewer\dist\consumer-upgrade-1.31.0\MarkdownViewer\_internal\PySide6\qml\QtQuick3D\designer\images\lightspot@2x.png
   Compressing: E:\markdown_viewer\dist\consumer-upgrade-1.31.0\MarkdownViewer\_internal\PySide6\qml\QtQuick3D\designer\images\loader3d.png
   Compressing: E:\markdown_viewer\dist\consumer-upgrade-1.31.0\MarkdownViewer\_internal\PySide6\qml\QtQuick3D\designer\images\loader3d16.png
   Compressing: E:\markdown_viewer\dist\consumer-upgrade-1.31.0\MarkdownViewer\_internal\PySide6\qml\QtQuick3D\designer\images\loader3d@2x.png
   Compressing: E:\markdown_viewer\dist\consumer-upgrade-1.31.0\MarkdownViewer\_internal\PySide6\qml\QtQuick3D\designer\images\material.png
   Compressing: E:\markdown_viewer\dist\consumer-upgrade-1.31.0\MarkdownViewer\_internal\PySide6\qml\QtQuick3D\designer\images\material16.png
   Compressing: E:\markdown_viewer\dist\consumer-upgrade-1.31.0\MarkdownViewer\_internal\PySide6\qml\QtQuick3D\designer\images\material@2x.png
   Compressing: E:\markdown_viewer\dist\consumer-upgrade-1.31.0\MarkdownViewer\_internal\PySide6\qml\QtQuick3D\designer\images\model16.png
   Compressing: E:\markdown_viewer\dist\consumer-upgrade-1.31.0\MarkdownViewer\_internal\PySide6\qml\QtQuick3D\designer\images\morphtarget.png
   Compressing: E:\markdown_viewer\dist\consumer-upgrade-1.31.0\MarkdownViewer\_internal\PySide6\qml\QtQuick3D\designer\images\morphtarget16.png
   Compressing: E:\markdown_viewer\dist\consumer-upgrade-1.31.0\MarkdownViewer\_internal\PySide6\qml\QtQuick3D\designer\images\morphtarget@2x.png
   Compressing: E:\markdown_viewer\dist\consumer-upgrade-1.31.0\MarkdownViewer\_internal\PySide6\qml\QtQuick3D\designer\images\plane.png
   Compressing: E:\markdown_viewer\dist\consumer-upgrade-1.31.0\MarkdownViewer\_internal\PySide6\qml\QtQuick3D\designer\images\plane16.png
   Compressing: E:\markdown_viewer\dist\consumer-upgrade-1.31.0\MarkdownViewer\_internal\PySide6\qml\QtQuick3D\designer\images\plane@2x.png
   Compressing: E:\markdown_viewer\dist\consumer-upgrade-1.31.0\MarkdownViewer\_internal\PySide6\qml\QtQuick3D\designer\images\reflectionProbe.png
   Compressing: E:\markdown_viewer\dist\consumer-upgrade-1.31.0\MarkdownViewer\_internal\PySide6\qml\QtQuick3D\designer\images\reflectionProbe16.png
   Compressing: E:\markdown_viewer\dist\consumer-upgrade-1.31.0\MarkdownViewer\_internal\PySide6\qml\QtQuick3D\designer\images\reflectionProbe@2x.png
   Compressing: E:\markdown_viewer\dist\consumer-upgrade-1.31.0\MarkdownViewer\_internal\PySide6\qml\QtQuick3D\designer\images\repeater3d.png
   Compressing: E:\markdown_viewer\dist\consumer-upgrade-1.31.0\MarkdownViewer\_internal\PySide6\qml\QtQuick3D\designer\images\repeater3d16.png
   Compressing: E:\markdown_viewer\dist\consumer-upgrade-1.31.0\MarkdownViewer\_internal\PySide6\qml\QtQuick3D\designer\images\repeater3d@2x.png
   Compressing: E:\markdown_viewer\dist\consumer-upgrade-1.31.0\MarkdownViewer\_internal\PySide6\qml\QtQuick3D\designer\images\resourceloader.png
   Compressing: E:\markdown_viewer\dist\consumer-upgrade-1.31.0\MarkdownViewer\_internal\PySide6\qml\QtQuick3D\designer\images\resourceloader16.png
   Compressing: E:\markdown_viewer\dist\consumer-upgrade-1.31.0\MarkdownViewer\_internal\PySide6\qml\QtQuick3D\designer\images\resourceloader@2x.png
   Compressing: E:\markdown_viewer\dist\consumer-upgrade-1.31.0\MarkdownViewer\_internal\PySide6\qml\QtQuick3D\designer\images\scene.png
   Compressing: E:\markdown_viewer\dist\consumer-upgrade-1.31.0\MarkdownViewer\_internal\PySide6\qml\QtQuick3D\designer\images\scene16.png
   Compressing: E:\markdown_viewer\dist\consumer-upgrade-1.31.0\MarkdownViewer\_internal\PySide6\qml\QtQuick3D\designer\images\scene@2x.png
   Compressing: E:\markdown_viewer\dist\consumer-upgrade-1.31.0\MarkdownViewer\_internal\PySide6\qml\QtQuick3D\designer\images\shadercommand.png
   Compressing: E:\markdown_viewer\dist\consumer-upgrade-1.31.0\MarkdownViewer\_internal\PySide6\qml\QtQuick3D\designer\images\shadercommand16.png
   Compressing: E:\markdown_viewer\dist\consumer-upgrade-1.31.0\MarkdownViewer\_internal\PySide6\qml\QtQuick3D\designer\images\shadercommand@2x.png
   Compressing: E:\markdown_viewer\dist\consumer-upgrade-1.31.0\MarkdownViewer\_internal\PySide6\qml\QtQuick3D\designer\images\shaderutil.png
   Compressing: E:\markdown_viewer\dist\consumer-upgrade-1.31.0\MarkdownViewer\_internal\PySide6\qml\QtQuick3D\designer\images\shaderutil16.png
   Compressing: E:\markdown_viewer\dist\consumer-upgrade-1.31.0\MarkdownViewer\_internal\PySide6\qml\QtQuick3D\designer\images\shaderutil@2x.png
   Compressing: E:\markdown_viewer\dist\consumer-upgrade-1.31.0\MarkdownViewer\_internal\PySide6\qml\QtQuick3D\designer\images\skeleton.png
   Compressing: E:\markdown_viewer\dist\consumer-upgrade-1.31.0\MarkdownViewer\_internal\PySide6\qml\QtQuick3D\designer\images\skeleton16.png
   Compressing: E:\markdown_viewer\dist\consumer-upgrade-1.31.0\MarkdownViewer\_internal\PySide6\qml\QtQuick3D\designer\images\skeleton@2x.png
   Compressing: E:\markdown_viewer\dist\consumer-upgrade-1.31.0\MarkdownViewer\_internal\PySide6\qml\QtQuick3D\designer\images\skin.png
   Compressing: E:\markdown_viewer\dist\consumer-upgrade-1.31.0\MarkdownViewer\_internal\PySide6\qml\QtQuick3D\designer\images\skin16.png
   Compressing: E:\markdown_viewer\dist\consumer-upgrade-1.31.0\MarkdownViewer\_internal\PySide6\qml\QtQuick3D\designer\images\skin@2x.png
   Compressing: E:\markdown_viewer\dist\consumer-upgrade-1.31.0\MarkdownViewer\_internal\PySide6\qml\QtQuick3D\designer\images\sphere.png
   Compressing: E:\markdown_viewer\dist\consumer-upgrade-1.31.0\MarkdownViewer\_internal\PySide6\qml\QtQuick3D\designer\images\sphere16.png
   Compressing: E:\markdown_viewer\dist\consumer-upgrade-1.31.0\MarkdownViewer\_internal\PySide6\qml\QtQuick3D\designer\images\sphere@2x.png
   Compressing: E:\markdown_viewer\dist\consumer-upgrade-1.31.0\MarkdownViewer\_internal\PySide6\qml\QtQuick3D\designer\images\texture.png
   Compressing: E:\markdown_viewer\dist\consumer-upgrade-1.31.0\MarkdownViewer\_internal\PySide6\qml\QtQuick3D\designer\images\texture16.png
   Compressing: E:\markdown_viewer\dist\consumer-upgrade-1.31.0\MarkdownViewer\_internal\PySide6\qml\QtQuick3D\designer\images\texture@2x.png
   Compressing: E:\markdown_viewer\dist\consumer-upgrade-1.31.0\MarkdownViewer\_internal\PySide6\qml\QtQuick3D\designer\images\view3D.png
   Compressing: E:\markdown_viewer\dist\consumer-upgrade-1.31.0\MarkdownViewer\_internal\PySide6\qml\QtQuick3D\designer\images\view3D16.png
   Compressing: E:\markdown_viewer\dist\consumer-upgrade-1.31.0\MarkdownViewer\_internal\PySide6\qml\QtQuick3D\designer\images\view3D@2x.png
   Compressing: E:\markdown_viewer\dist\consumer-upgrade-1.31.0\MarkdownViewer\_internal\PySide6\qml\QtQuick3D\designer\source\custom_material_default_shader.frag
   Compressing: E:\markdown_viewer\dist\consumer-upgrade-1.31.0\MarkdownViewer\_internal\PySide6\qml\QtQuick3D\designer\source\effect_default_shader.frag
   Compressing: E:\markdown_viewer\dist\consumer-upgrade-1.31.0\MarkdownViewer\_internal\PySide6\qml\QtQuick3D\designer\source\effect_template.qml
   Compressing: E:\markdown_viewer\dist\consumer-upgrade-1.31.0\MarkdownViewer\_internal\PySide6\qml\QtQuick3D\designer\source\view3D_template.qml
   Compressing: E:\markdown_viewer\dist\consumer-upgrade-1.31.0\MarkdownViewer\_internal\PySide6\qml\QtQuick3D\Effects\AdditiveColorGradient.qml
   Compressing: E:\markdown_viewer\dist\consumer-upgrade-1.31.0\MarkdownViewer\_internal\PySide6\qml\QtQuick3D\Effects\Blur.qml
   Compressing: E:\markdown_viewer\dist\consumer-upgrade-1.31.0\MarkdownViewer\_internal\PySide6\qml\QtQuick3D\Effects\BrushStrokes.qml
   Compressing: E:\markdown_viewer\dist\consumer-upgrade-1.31.0\MarkdownViewer\_internal\PySide6\qml\QtQuick3D\Effects\ChromaticAberration.qml
   Compressing: E:\markdown_viewer\dist\consumer-upgrade-1.31.0\MarkdownViewer\_internal\PySide6\qml\QtQuick3D\Effects\ColorMaster.qml
   Compressing: E:\markdown_viewer\dist\consumer-upgrade-1.31.0\MarkdownViewer\_internal\PySide6\qml\QtQuick3D\Effects\DepthOfFieldHQBlur.qml
   Compressing: E:\markdown_viewer\dist\consumer-upgrade-1.31.0\MarkdownViewer\_internal\PySide6\qml\QtQuick3D\Effects\Desaturate.qml
   Compressing: E:\markdown_viewer\dist\consumer-upgrade-1.31.0\MarkdownViewer\_internal\PySide6\qml\QtQuick3D\Effects\DistortionRipple.qml
   Compressing: E:\markdown_viewer\dist\consumer-upgrade-1.31.0\MarkdownViewer\_internal\PySide6\qml\QtQuick3D\Effects\DistortionSphere.qml
   Compressing: E:\markdown_viewer\dist\consumer-upgrade-1.31.0\MarkdownViewer\_internal\PySide6\qml\QtQuick3D\Effects\DistortionSpiral.qml
   Compressing: E:\markdown_viewer\dist\consumer-upgrade-1.31.0\MarkdownViewer\_internal\PySide6\qml\QtQuick3D\Effects\EdgeDetect.qml
   Compressing: E:\markdown_viewer\dist\consumer-upgrade-1.31.0\MarkdownViewer\_internal\PySide6\qml\QtQuick3D\Effects\Emboss.qml
   Compressing: E:\markdown_viewer\dist\consumer-upgrade-1.31.0\MarkdownViewer\_internal\PySide6\qml\QtQuick3D\Effects\Flip.qml
   Compressing: E:\markdown_viewer\dist\consumer-upgrade-1.31.0\MarkdownViewer\_internal\PySide6\qml\QtQuick3D\Effects\Fxaa.qml
   Compressing: E:\markdown_viewer\dist\consumer-upgrade-1.31.0\MarkdownViewer\_internal\PySide6\qml\QtQuick3D\Effects\GaussianBlur.qml
   Compressing: E:\markdown_viewer\dist\consumer-upgrade-1.31.0\MarkdownViewer\_internal\PySide6\qml\QtQuick3D\Effects\HDRBloomTonemap.qml
   Compressing: E:\markdown_viewer\dist\consumer-upgrade-1.31.0\MarkdownViewer\_internal\PySide6\qml\QtQuick3D\Effects\MotionBlur.qml
   Compressing: E:\markdown_viewer\dist\consumer-upgrade-1.31.0\MarkdownViewer\_internal\PySide6\qml\QtQuick3D\Effects\qmldir
   Compressing: E:\markdown_viewer\dist\consumer-upgrade-1.31.0\MarkdownViewer\_internal\PySide6\qml\QtQuick3D\Effects\qtquick3deffectplugin.dll
   Compressing: E:\markdown_viewer\dist\consumer-upgrade-1.31.0\MarkdownViewer\_internal\PySide6\qml\QtQuick3D\Effects\Quick3DEffects.qmltypes
   Compressing: E:\markdown_viewer\dist\consumer-upgrade-1.31.0\MarkdownViewer\_internal\PySide6\qml\QtQuick3D\Effects\Scatter.qml
   Compressing: E:\markdown_viewer\dist\consumer-upgrade-1.31.0\MarkdownViewer\_internal\PySide6\qml\QtQuick3D\Effects\SCurveTonemap.qml
   Compressing: E:\markdown_viewer\dist\consumer-upgrade-1.31.0\MarkdownViewer\_internal\PySide6\qml\QtQuick3D\Effects\TiltShift.qml
   Compressing: E:\markdown_viewer\dist\consumer-upgrade-1.31.0\MarkdownViewer\_internal\PySide6\qml\QtQuick3D\Effects\Vignette.qml
   Compressing: E:\markdown_viewer\dist\consumer-upgrade-1.31.0\MarkdownViewer\_internal\PySide6\qml\QtQuick3D\Effects\designer\AdditiveColorGradientSection.qml
   Compressing: E:\markdown_viewer\dist\consumer-upgrade-1.31.0\MarkdownViewer\_internal\PySide6\qml\QtQuick3D\Effects\designer\AdditiveColorGradientSpecifics.qml
   Compressing: E:\markdown_viewer\dist\consumer-upgrade-1.31.0\MarkdownViewer\_internal\PySide6\qml\QtQuick3D\Effects\designer\BlurSection.qml
   Compressing: E:\markdown_viewer\dist\consumer-upgrade-1.31.0\MarkdownViewer\_internal\PySide6\qml\QtQuick3D\Effects\designer\BlurSpecifics.qml
   Compressing: E:\markdown_viewer\dist\consumer-upgrade-1.31.0\MarkdownViewer\_internal\PySide6\qml\QtQuick3D\Effects\designer\BrushStrokesSection.qml
   Compressing: E:\markdown_viewer\dist\consumer-upgrade-1.31.0\MarkdownViewer\_internal\PySide6\qml\QtQuick3D\Effects\designer\BrushStrokesSpecifics.qml
   Compressing: E:\markdown_viewer\dist\consumer-upgrade-1.31.0\MarkdownViewer\_internal\PySide6\qml\QtQuick3D\Effects\designer\ChromaticAberrationSection.qml
   Compressing: E:\markdown_viewer\dist\consumer-upgrade-1.31.0\MarkdownViewer\_internal\PySide6\qml\QtQuick3D\Effects\designer\ChromaticAberrationSpecifics.qml
   Compressing: E:\markdown_viewer\dist\consumer-upgrade-1.31.0\MarkdownViewer\_internal\PySide6\qml\QtQuick3D\Effects\designer\ColorMasterSection.qml
   Compressing: E:\markdown_viewer\dist\consumer-upgrade-1.31.0\MarkdownViewer\_internal\PySide6\qml\QtQuick3D\Effects\designer\ColorMasterSpecifics.qml
   Compressing: E:\markdown_viewer\dist\consumer-upgrade-1.31.0\MarkdownViewer\_internal\PySide6\qml\QtQuick3D\Effects\designer\DepthOfFieldHQBlurSection.qml
   Compressing: E:\markdown_viewer\dist\consumer-upgrade-1.31.0\MarkdownViewer\_internal\PySide6\qml\QtQuick3D\Effects\designer\DepthOfFieldHQBlurSpecifics.qml
   Compressing: E:\markdown_viewer\dist\consumer-upgrade-1.31.0\MarkdownViewer\_internal\PySide6\qml\QtQuick3D\Effects\designer\DesaturateSection.qml
   Compressing: E:\markdown_viewer\dist\consumer-upgrade-1.31.0\MarkdownViewer\_internal\PySide6\qml\QtQuick3D\Effects\designer\DesaturateSpecifics.qml
   Compressing: E:\markdown_viewer\dist\consumer-upgrade-1.31.0\MarkdownViewer\_internal\PySide6\qml\QtQuick3D\Effects\designer\DistortionRippleSection.qml
   Compressing: E:\markdown_viewer\dist\consumer-upgrade-1.31.0\MarkdownViewer\_internal\PySide6\qml\QtQuick3D\Effects\designer\DistortionRippleSpecifics.qml
   Compressing: E:\markdown_viewer\dist\consumer-upgrade-1.31.0\MarkdownViewer\_internal\PySide6\qml\QtQuick3D\Effects\designer\DistortionSphereSection.qml
   Compressing: E:\markdown_viewer\dist\consumer-upgrade-1.31.0\MarkdownViewer\_internal\PySide6\qml\QtQuick3D\Effects\designer\DistortionSphereSpecifics.qml
   Compressing: E:\markdown_viewer\dist\consumer-upgrade-1.31.0\MarkdownViewer\_internal\PySide6\qml\QtQuick3D\Effects\designer\DistortionSpiralSection.qml
   Compressing: E:\markdown_viewer\dist\consumer-upgrade-1.31.0\MarkdownViewer\_internal\PySide6\qml\QtQuick3D\Effects\designer\DistortionSpiralSpecifics.qml
   Compressing: E:\markdown_viewer\dist\consumer-upgrade-1.31.0\MarkdownViewer\_internal\PySide6\qml\QtQuick3D\Effects\designer\EdgeDetectSection.qml
   Compressing: E:\markdown_viewer\dist\consumer-upgrade-1.31.0\MarkdownViewer\_internal\PySide6\qml\QtQuick3D\Effects\designer\EdgeDetectSpecifics.qml
   Compressing: E:\markdown_viewer\dist\consumer-upgrade-1.31.0\MarkdownViewer\_internal\PySide6\qml\QtQuick3D\Effects\designer\effectlib.metainfo
   Compressing: E:\markdown_viewer\dist\consumer-upgrade-1.31.0\MarkdownViewer\_internal\PySide6\qml\QtQuick3D\Effects\designer\EmbossSection.qml
   Compressing: E:\markdown_viewer\dist\consumer-upgrade-1.31.0\MarkdownViewer\_internal\PySide6\qml\QtQuick3D\Effects\designer\EmbossSpecifics.qml
   Compressing: E:\markdown_viewer\dist\consumer-upgrade-1.31.0\MarkdownViewer\_internal\PySide6\qml\QtQuick3D\Effects\designer\FlipSection.qml
   Compressing: E:\markdown_viewer\dist\consumer-upgrade-1.31.0\MarkdownViewer\_internal\PySide6\qml\QtQuick3D\Effects\designer\FlipSpecifics.qml
   Compressing: E:\markdown_viewer\dist\consumer-upgrade-1.31.0\MarkdownViewer\_internal\PySide6\qml\QtQuick3D\Effects\designer\FxaaSection.qml
   Compressing: E:\markdown_viewer\dist\consumer-upgrade-1.31.0\MarkdownViewer\_internal\PySide6\qml\QtQuick3D\Effects\designer\FxaaSpecifics.qml
   Compressing: E:\markdown_viewer\dist\consumer-upgrade-1.31.0\MarkdownViewer\_internal\PySide6\qml\QtQuick3D\Effects\designer\GaussianBlurSection.qml
   Compressing: E:\markdown_viewer\dist\consumer-upgrade-1.31.0\MarkdownViewer\_internal\PySide6\qml\QtQuick3D\Effects\designer\GaussianBlurSpecifics.qml
   Compressing: E:\markdown_viewer\dist\consumer-upgrade-1.31.0\MarkdownViewer\_internal\PySide6\qml\QtQuick3D\Effects\designer\HDRBloomTonemapSection.qml
   Compressing: E:\markdown_viewer\dist\consumer-upgrade-1.31.0\MarkdownViewer\_internal\PySide6\qml\QtQuick3D\Effects\designer\HDRBloomTonemapSpecifics.qml
   Compressing: E:\markdown_viewer\dist\consumer-upgrade-1.31.0\MarkdownViewer\_internal\PySide6\qml\QtQuick3D\Effects\designer\MotionBlurSection.qml
   Compressing: E:\markdown_viewer\dist\consumer-upgrade-1.31.0\MarkdownViewer\_internal\PySide6\qml\QtQuick3D\Effects\designer\MotionBlurSpecifics.qml
   Compressing: E:\markdown_viewer\dist\consumer-upgrade-1.31.0\MarkdownViewer\_internal\PySide6\qml\QtQuick3D\Effects\designer\ScatterSection.qml
   Compressing: E:\markdown_viewer\dist\consumer-upgrade-1.31.0\MarkdownViewer\_internal\PySide6\qml\QtQuick3D\Effects\designer\ScatterSpecifics.qml
   Compressing: E:\markdown_viewer\dist\consumer-upgrade-1.31.0\MarkdownViewer\_internal\PySide6\qml\QtQuick3D\Effects\designer\SCurveTonemapSection.qml
   Compressing: E:\markdown_viewer\dist\consumer-upgrade-1.31.0\MarkdownViewer\_internal\PySide6\qml\QtQuick3D\Effects\designer\SCurveTonemapSpecifics.qml
   Compressing: E:\markdown_viewer\dist\consumer-upgrade-1.31.0\MarkdownViewer\_internal\PySide6\qml\QtQuick3D\Effects\designer\TiltShiftSection.qml
   Compressing: E:\markdown_viewer\dist\consumer-upgrade-1.31.0\MarkdownViewer\_internal\PySide6\qml\QtQuick3D\Effects\designer\TiltShiftSpecifics.qml
   Compressing: E:\markdown_viewer\dist\consumer-upgrade-1.31.0\MarkdownViewer\_internal\PySide6\qml\QtQuick3D\Effects\designer\VignetteSection.qml
   Compressing: E:\markdown_viewer\dist\consumer-upgrade-1.31.0\MarkdownViewer\_internal\PySide6\qml\QtQuick3D\Effects\designer\VignetteSpecifics.qml
   Compressing: E:\markdown_viewer\dist\consumer-upgrade-1.31.0\MarkdownViewer\_internal\PySide6\qml\QtQuick3D\Effects\designer\images\effect.png
   Compressing: E:\markdown_viewer\dist\consumer-upgrade-1.31.0\MarkdownViewer\_internal\PySide6\qml\QtQuick3D\Effects\designer\images\effect16.png
   Compressing: E:\markdown_viewer\dist\consumer-upgrade-1.31.0\MarkdownViewer\_internal\PySide6\qml\QtQuick3D\Effects\designer\images\effect@2x.png
   Compressing: E:\markdown_viewer\dist\consumer-upgrade-1.31.0\MarkdownViewer\_internal\PySide6\qml\QtQuick3D\Helpers\AxisHelper.qml
   Compressing: E:\markdown_viewer\dist\consumer-upgrade-1.31.0\MarkdownViewer\_internal\PySide6\qml\QtQuick3D\Helpers\DebugView.qml
   Compressing: E:\markdown_viewer\dist\consumer-upgrade-1.31.0\MarkdownViewer\_internal\PySide6\qml\QtQuick3D\Helpers\ExtendedSceneEnvironment.qml
   Compressing: E:\markdown_viewer\dist\consumer-upgrade-1.31.0\MarkdownViewer\_internal\PySide6\qml\QtQuick3D\Helpers\LodManager.qml
   Compressing: E:\markdown_viewer\dist\consumer-upgrade-1.31.0\MarkdownViewer\_internal\PySide6\qml\QtQuick3D\Helpers\OrbitCameraController.qml
   Compressing: E:\markdown_viewer\dist\consumer-upgrade-1.31.0\MarkdownViewer\_internal\PySide6\qml\QtQuick3D\Helpers\plugins.qmltypes
   Compressing: E:\markdown_viewer\dist\consumer-upgrade-1.31.0\MarkdownViewer\_internal\PySide6\qml\QtQuick3D\Helpers\qmldir
   Compressing: E:\markdown_viewer\dist\consumer-upgrade-1.31.0\MarkdownViewer\_internal\PySide6\qml\QtQuick3D\Helpers\qtquick3dhelpersplugin.dll
   Compressing: E:\markdown_viewer\dist\consumer-upgrade-1.31.0\MarkdownViewer\_internal\PySide6\qml\QtQuick3D\Helpers\WasdController.qml
   Compressing: E:\markdown_viewer\dist\consumer-upgrade-1.31.0\MarkdownViewer\_internal\PySide6\qml\QtQuick3D\Helpers\designer\AxisHelperSection.qml
   Compressing: E:\markdown_viewer\dist\consumer-upgrade-1.31.0\MarkdownViewer\_internal\PySide6\qml\QtQuick3D\Helpers\designer\AxisHelperSpecifics.qml
   Compressing: E:\markdown_viewer\dist\consumer-upgrade-1.31.0\MarkdownViewer\_internal\PySide6\qml\QtQuick3D\Helpers\designer\DebugViewSection.qml
   Compressing: E:\markdown_viewer\dist\consumer-upgrade-1.31.0\MarkdownViewer\_internal\PySide6\qml\QtQuick3D\Helpers\designer\DebugViewSpecifics.qml
   Compressing: E:\markdown_viewer\dist\consumer-upgrade-1.31.0\MarkdownViewer\_internal\PySide6\qml\QtQuick3D\Helpers\designer\ExtendedSceneEnvironmentSection.qml
   Compressing: E:\markdown_viewer\dist\consumer-upgrade-1.31.0\MarkdownViewer\_internal\PySide6\qml\QtQuick3D\Helpers\designer\ExtendedSceneEnvironmentSpecifics.qml
   Compressing: E:\markdown_viewer\dist\consumer-upgrade-1.31.0\MarkdownViewer\_internal\PySide6\qml\QtQuick3D\Helpers\designer\GridGeometrySection.qml
   Compressing: E:\markdown_viewer\dist\consumer-upgrade-1.31.0\MarkdownViewer\_internal\PySide6\qml\QtQuick3D\Helpers\designer\GridGeometrySpecifics.qml
   Compressing: E:\markdown_viewer\dist\consumer-upgrade-1.31.0\MarkdownViewer\_internal\PySide6\qml\QtQuick3D\Helpers\designer\HeightFieldGeometrySection.qml
   Compressing: E:\markdown_viewer\dist\consumer-upgrade-1.31.0\MarkdownViewer\_internal\PySide6\qml\QtQuick3D\Helpers\designer\HeightFieldGeometrySpecifics.qml
   Compressing: E:\markdown_viewer\dist\consumer-upgrade-1.31.0\MarkdownViewer\_internal\PySide6\qml\QtQuick3D\Helpers\designer\helpers.metainfo
   Compressing: E:\markdown_viewer\dist\consumer-upgrade-1.31.0\MarkdownViewer\_internal\PySide6\qml\QtQuick3D\Helpers\designer\InfiniteGridSection.qml
   Compressing: E:\markdown_viewer\dist\consumer-upgrade-1.31.0\MarkdownViewer\_internal\PySide6\qml\QtQuick3D\Helpers\designer\InfiniteGridSpecifics.qml
   Compressing: E:\markdown_viewer\dist\consumer-upgrade-1.31.0\MarkdownViewer\_internal\PySide6\qml\QtQuick3D\Helpers\designer\InstanceModelSection.qml
   Compressing: E:\markdown_viewer\dist\consumer-upgrade-1.31.0\MarkdownViewer\_internal\PySide6\qml\QtQuick3D\Helpers\designer\InstanceModelSpecifics.qml
   Compressing: E:\markdown_viewer\dist\consumer-upgrade-1.31.0\MarkdownViewer\_internal\PySide6\qml\QtQuick3D\Helpers\designer\InstanceRepeaterSection.qml
   Compressing: E:\markdown_viewer\dist\consumer-upgrade-1.31.0\MarkdownViewer\_internal\PySide6\qml\QtQuick3D\Helpers\designer\InstanceRepeaterSpecifics.qml
   Compressing: E:\markdown_viewer\dist\consumer-upgrade-1.31.0\MarkdownViewer\_internal\PySide6\qml\QtQuick3D\Helpers\designer\LodManagerSection.qml
   Compressing: E:\markdown_viewer\dist\consumer-upgrade-1.31.0\MarkdownViewer\_internal\PySide6\qml\QtQuick3D\Helpers\designer\LodManagerSpecifics.qml
   Compressing: E:\markdown_viewer\dist\consumer-upgrade-1.31.0\MarkdownViewer\_internal\PySide6\qml\QtQuick3D\Helpers\designer\LookAtNodeSection.qml
   Compressing: E:\markdown_viewer\dist\consumer-upgrade-1.31.0\MarkdownViewer\_internal\PySide6\qml\QtQuick3D\Helpers\designer\LookAtNodeSpecifics.qml
   Compressing: E:\markdown_viewer\dist\consumer-upgrade-1.31.0\MarkdownViewer\_internal\PySide6\qml\QtQuick3D\Helpers\designer\NodeSection.qml
   Compressing: E:\markdown_viewer\dist\consumer-upgrade-1.31.0\MarkdownViewer\_internal\PySide6\qml\QtQuick3D\Helpers\designer\OrbitCameraControllerSection.qml
   Compressing: E:\markdown_viewer\dist\consumer-upgrade-1.31.0\MarkdownViewer\_internal\PySide6\qml\QtQuick3D\Helpers\designer\OrbitCameraControllerSpecifics.qml
   Compressing: E:\markdown_viewer\dist\consumer-upgrade-1.31.0\MarkdownViewer\_internal\PySide6\qml\QtQuick3D\Helpers\designer\ProceduralSkyTextureDataSection.qml
   Compressing: E:\markdown_viewer\dist\consumer-upgrade-1.31.0\MarkdownViewer\_internal\PySide6\qml\QtQuick3D\Helpers\designer\ProceduralSkyTextureDataSpecifics.qml
   Compressing: E:\markdown_viewer\dist\consumer-upgrade-1.31.0\MarkdownViewer\_internal\PySide6\qml\QtQuick3D\Helpers\designer\Repeater3DSection.qml
   Compressing: E:\markdown_viewer\dist\consumer-upgrade-1.31.0\MarkdownViewer\_internal\PySide6\qml\QtQuick3D\Helpers\designer\WasdControllerSection.qml
   Compressing: E:\markdown_viewer\dist\consumer-upgrade-1.31.0\MarkdownViewer\_internal\PySide6\qml\QtQuick3D\Helpers\designer\WasdControllerSpecifics.qml
   Compressing: E:\markdown_viewer\dist\consumer-upgrade-1.31.0\MarkdownViewer\_internal\PySide6\qml\QtQuick3D\Helpers\designer\images\axishelper.png
   Compressing: E:\markdown_viewer\dist\consumer-upgrade-1.31.0\MarkdownViewer\_internal\PySide6\qml\QtQuick3D\Helpers\designer\images\axishelper16.png
   Compressing: E:\markdown_viewer\dist\consumer-upgrade-1.31.0\MarkdownViewer\_internal\PySide6\qml\QtQuick3D\Helpers\designer\images\axishelper@2x.png
   Compressing: E:\markdown_viewer\dist\consumer-upgrade-1.31.0\MarkdownViewer\_internal\PySide6\qml\QtQuick3D\Helpers\designer\images\debugview.png
   Compressing: E:\markdown_viewer\dist\consumer-upgrade-1.31.0\MarkdownViewer\_internal\PySide6\qml\QtQuick3D\Helpers\designer\images\debugview16.png
   Compressing: E:\markdown_viewer\dist\consumer-upgrade-1.31.0\MarkdownViewer\_internal\PySide6\qml\QtQuick3D\Helpers\designer\images\debugview@2x.png
   Compressing: E:\markdown_viewer\dist\consumer-upgrade-1.31.0\MarkdownViewer\_internal\PySide6\qml\QtQuick3D\Helpers\designer\images\dummy.png
   Compressing: E:\markdown_viewer\dist\consumer-upgrade-1.31.0\MarkdownViewer\_internal\PySide6\qml\QtQuick3D\Helpers\designer\images\dummy16.png
   Compressing: E:\markdown_viewer\dist\consumer-upgrade-1.31.0\MarkdownViewer\_internal\PySide6\qml\QtQuick3D\Helpers\designer\images\dummy@2x.png
   Compressing: E:\markdown_viewer\dist\consumer-upgrade-1.31.0\MarkdownViewer\_internal\PySide6\qml\QtQuick3D\Helpers\designer\images\extendedsceneenvironment.png
   Compressing: E:\markdown_viewer\dist\consumer-upgrade-1.31.0\MarkdownViewer\_internal\PySide6\qml\QtQuick3D\Helpers\designer\images\extendedsceneenvironment16.png
   Compressing: E:\markdown_viewer\dist\consumer-upgrade-1.31.0\MarkdownViewer\_internal\PySide6\qml\QtQuick3D\Helpers\designer\images\extendedsceneenvironment@2x.png
   Compressing: E:\markdown_viewer\dist\consumer-upgrade-1.31.0\MarkdownViewer\_internal\PySide6\qml\QtQuick3D\Helpers\designer\images\gridgeometry.png
   Compressing: E:\markdown_viewer\dist\consumer-upgrade-1.31.0\MarkdownViewer\_internal\PySide6\qml\QtQuick3D\Helpers\designer\images\gridgeometry16.png
   Compressing: E:\markdown_viewer\dist\consumer-upgrade-1.31.0\MarkdownViewer\_internal\PySide6\qml\QtQuick3D\Helpers\designer\images\gridgeometry@2x.png
   Compressing: E:\markdown_viewer\dist\consumer-upgrade-1.31.0\MarkdownViewer\_internal\PySide6\qml\QtQuick3D\Helpers\designer\images\heightfieldgeometry.png
   Compressing: E:\markdown_viewer\dist\consumer-upgrade-1.31.0\MarkdownViewer\_internal\PySide6\qml\QtQuick3D\Helpers\designer\images\heightfieldgeometry16.png
   Compressing: E:\markdown_viewer\dist\consumer-upgrade-1.31.0\MarkdownViewer\_internal\PySide6\qml\QtQuick3D\Helpers\designer\images\heightfieldgeometry@2x.png
   Compressing: E:\markdown_viewer\dist\consumer-upgrade-1.31.0\MarkdownViewer\_internal\PySide6\qml\QtQuick3D\Helpers\designer\images\infinitegrid.png
   Compressing: E:\markdown_viewer\dist\consumer-upgrade-1.31.0\MarkdownViewer\_internal\PySide6\qml\QtQuick3D\Helpers\designer\images\infinitegrid16.png
   Compressing: E:\markdown_viewer\dist\consumer-upgrade-1.31.0\MarkdownViewer\_internal\PySide6\qml\QtQuick3D\Helpers\designer\images\infinitegrid@2x.png
   Compressing: E:\markdown_viewer\dist\consumer-upgrade-1.31.0\MarkdownViewer\_internal\PySide6\qml\QtQuick3D\Helpers\designer\images\instancemodel.png
   Compressing: E:\markdown_viewer\dist\consumer-upgrade-1.31.0\MarkdownViewer\_internal\PySide6\qml\QtQuick3D\Helpers\designer\images\instancemodel16.png
   Compressing: E:\markdown_viewer\dist\consumer-upgrade-1.31.0\MarkdownViewer\_internal\PySide6\qml\QtQuick3D\Helpers\designer\images\instancemodel@2x.png
   Compressing: E:\markdown_viewer\dist\consumer-upgrade-1.31.0\MarkdownViewer\_internal\PySide6\qml\QtQuick3D\Helpers\designer\images\instancerepeater.png
   Compressing: E:\markdown_viewer\dist\consumer-upgrade-1.31.0\MarkdownViewer\_internal\PySide6\qml\QtQuick3D\Helpers\designer\images\instancerepeater16.png
   Compressing: E:\markdown_viewer\dist\consumer-upgrade-1.31.0\MarkdownViewer\_internal\PySide6\qml\QtQuick3D\Helpers\designer\images\instancerepeater@2x.png
   Compressing: E:\markdown_viewer\dist\consumer-upgrade-1.31.0\MarkdownViewer\_internal\PySide6\qml\QtQuick3D\Helpers\designer\images\lodmanager.png
   Compressing: E:\markdown_viewer\dist\consumer-upgrade-1.31.0\MarkdownViewer\_internal\PySide6\qml\QtQuick3D\Helpers\designer\images\lodmanager16.png
   Compressing: E:\markdown_viewer\dist\consumer-upgrade-1.31.0\MarkdownViewer\_internal\PySide6\qml\QtQuick3D\Helpers\designer\images\lodmanager@2x.png
   Compressing: E:\markdown_viewer\dist\consumer-upgrade-1.31.0\MarkdownViewer\_internal\PySide6\qml\QtQuick3D\Helpers\designer\images\lookatnode.png
   Compressing: E:\markdown_viewer\dist\consumer-upgrade-1.31.0\MarkdownViewer\_internal\PySide6\qml\QtQuick3D\Helpers\designer\images\lookatnode16.png
   Compressing: E:\markdown_viewer\dist\consumer-upgrade-1.31.0\MarkdownViewer\_internal\PySide6\qml\QtQuick3D\Helpers\designer\images\lookatnode@2x.png
   Compressing: E:\markdown_viewer\dist\consumer-upgrade-1.31.0\MarkdownViewer\_internal\PySide6\qml\QtQuick3D\Helpers\designer\images\orbitcameracontroller.png
   Compressing: E:\markdown_viewer\dist\consumer-upgrade-1.31.0\MarkdownViewer\_internal\PySide6\qml\QtQuick3D\Helpers\designer\images\orbitcameracontroller16.png
   Compressing: E:\markdown_viewer\dist\consumer-upgrade-1.31.0\MarkdownViewer\_internal\PySide6\qml\QtQuick3D\Helpers\designer\images\orbitcameracontroller@2x.png
   Compressing: E:\markdown_viewer\dist\consumer-upgrade-1.31.0\MarkdownViewer\_internal\PySide6\qml\QtQuick3D\Helpers\designer\images\proceduralskytexturedata.png
   Compressing: E:\markdown_viewer\dist\consumer-upgrade-1.31.0\MarkdownViewer\_internal\PySide6\qml\QtQuick3D\Helpers\designer\images\proceduralskytexturedata16.png
   Compressing: E:\markdown_viewer\dist\consumer-upgrade-1.31.0\MarkdownViewer\_internal\PySide6\qml\QtQuick3D\Helpers\designer\images\proceduralskytexturedata@2x.png
   Compressing: E:\markdown_viewer\dist\consumer-upgrade-1.31.0\MarkdownViewer\_internal\PySide6\qml\QtQuick3D\Helpers\designer\images\wasdcontroller.png
   Compressing: E:\markdown_viewer\dist\consumer-upgrade-1.31.0\MarkdownViewer\_internal\PySide6\qml\QtQuick3D\Helpers\designer\images\wasdcontroller16.png
   Compressing: E:\markdown_viewer\dist\consumer-upgrade-1.31.0\MarkdownViewer\_internal\PySide6\qml\QtQuick3D\Helpers\designer\images\wasdcontroller@2x.png
   Compressing: E:\markdown_viewer\dist\consumer-upgrade-1.31.0\MarkdownViewer\_internal\PySide6\qml\QtQuick3D\Helpers\impl\DepthOfFieldBlur.qml
   Compressing: E:\markdown_viewer\dist\consumer-upgrade-1.31.0\MarkdownViewer\_internal\PySide6\qml\QtQuick3D\Helpers\impl\plugins.qmltypes
   Compressing: E:\markdown_viewer\dist\consumer-upgrade-1.31.0\MarkdownViewer\_internal\PySide6\qml\QtQuick3D\Helpers\impl\qmldir
   Compressing: E:\markdown_viewer\dist\consumer-upgrade-1.31.0\MarkdownViewer\_internal\PySide6\qml\QtQuick3D\Helpers\impl\qtquick3dhelpersimplplugin.dll
   Compressing: E:\markdown_viewer\dist\consumer-upgrade-1.31.0\MarkdownViewer\_internal\PySide6\qml\QtQuick3D\Helpers\impl\SceneEffect.qml
   Compressing: E:\markdown_viewer\dist\consumer-upgrade-1.31.0\MarkdownViewer\_internal\PySide6\qml\QtQuick3D\Helpers\impl\SsgiEffect.qml
   Compressing: E:\markdown_viewer\dist\consumer-upgrade-1.31.0\MarkdownViewer\_internal\PySide6\qml\QtQuick3D\Helpers\impl\SsrEffect.qml
   Compressing: E:\markdown_viewer\dist\consumer-upgrade-1.31.0\MarkdownViewer\_internal\PySide6\qml\QtQuick3D\Helpers\meshes\axisGrid.mesh
   Compressing: E:\markdown_viewer\dist\consumer-upgrade-1.31.0\MarkdownViewer\_internal\PySide6\qml\QtQuick3D\lightmapviewer\ArcballController.qml
   Compressing: E:\markdown_viewer\dist\consumer-upgrade-1.31.0\MarkdownViewer\_internal\PySide6\qml\QtQuick3D\lightmapviewer\ImageViewer.qml
   Compressing: E:\markdown_viewer\dist\consumer-upgrade-1.31.0\MarkdownViewer\_internal\PySide6\qml\QtQuick3D\lightmapviewer\LightmapViewer.qml
   Compressing: E:\markdown_viewer\dist\consumer-upgrade-1.31.0\MarkdownViewer\_internal\PySide6\qml\QtQuick3D\lightmapviewer\lightmapviewer.qmltypes
   Compressing: E:\markdown_viewer\dist\consumer-upgrade-1.31.0\MarkdownViewer\_internal\PySide6\qml\QtQuick3D\lightmapviewer\MeshViewer.qml
   Compressing: E:\markdown_viewer\dist\consumer-upgrade-1.31.0\MarkdownViewer\_internal\PySide6\qml\QtQuick3D\lightmapviewer\OriginGizmo.qml
   Compressing: E:\markdown_viewer\dist\consumer-upgrade-1.31.0\MarkdownViewer\_internal\PySide6\qml\QtQuick3D\lightmapviewer\qmldir
   Compressing: E:\markdown_viewer\dist\consumer-upgrade-1.31.0\MarkdownViewer\_internal\PySide6\qml\QtQuick3D\lightmapviewer\SceneMetadataView.qml
   Compressing: E:\markdown_viewer\dist\consumer-upgrade-1.31.0\MarkdownViewer\_internal\PySide6\qml\QtQuick3D\MaterialEditor\AboutDialog.qml
   Compressing: E:\markdown_viewer\dist\consumer-upgrade-1.31.0\MarkdownViewer\_internal\PySide6\qml\QtQuick3D\MaterialEditor\EditorView.qml
   Compressing: E:\markdown_viewer\dist\consumer-upgrade-1.31.0\MarkdownViewer\_internal\PySide6\qml\QtQuick3D\MaterialEditor\FrostedGlass.qml
   Compressing: E:\markdown_viewer\dist\consumer-upgrade-1.31.0\MarkdownViewer\_internal\PySide6\qml\QtQuick3D\MaterialEditor\InstancingPropertiesPane.qml
   Compressing: E:\markdown_viewer\dist\consumer-upgrade-1.31.0\MarkdownViewer\_internal\PySide6\qml\QtQuick3D\MaterialEditor\main.qml
   Compressing: E:\markdown_viewer\dist\consumer-upgrade-1.31.0\MarkdownViewer\_internal\PySide6\qml\QtQuick3D\MaterialEditor\MaterialPropertiesPane.qml
   Compressing: E:\markdown_viewer\dist\consumer-upgrade-1.31.0\MarkdownViewer\_internal\PySide6\qml\QtQuick3D\MaterialEditor\plugins.qmltypes
   Compressing: E:\markdown_viewer\dist\consumer-upgrade-1.31.0\MarkdownViewer\_internal\PySide6\qml\QtQuick3D\MaterialEditor\Preview.qml
   Compressing: E:\markdown_viewer\dist\consumer-upgrade-1.31.0\MarkdownViewer\_internal\PySide6\qml\QtQuick3D\MaterialEditor\PreviewControls.qml
   Compressing: E:\markdown_viewer\dist\consumer-upgrade-1.31.0\MarkdownViewer\_internal\PySide6\qml\QtQuick3D\MaterialEditor\qmldir
   Compressing: E:\markdown_viewer\dist\consumer-upgrade-1.31.0\MarkdownViewer\_internal\PySide6\qml\QtQuick3D\MaterialEditor\SaveChangesDialog.qml
   Compressing: E:\markdown_viewer\dist\consumer-upgrade-1.31.0\MarkdownViewer\_internal\PySide6\qml\QtQuick3D\MaterialEditor\ShaderEditor.qml
   Compressing: E:\markdown_viewer\dist\consumer-upgrade-1.31.0\MarkdownViewer\_internal\PySide6\qml\QtQuick3D\MaterialEditor\UniformManagerPane.qml
   Compressing: E:\markdown_viewer\dist\consumer-upgrade-1.31.0\MarkdownViewer\_internal\PySide6\qml\QtQuick3D\ParticleEffects\qmldir
   Compressing: E:\markdown_viewer\dist\consumer-upgrade-1.31.0\MarkdownViewer\_internal\PySide6\qml\QtQuick3D\ParticleEffects\qtquick3dparticleeffectsplugin.dll
   Compressing: E:\markdown_viewer\dist\consumer-upgrade-1.31.0\MarkdownViewer\_internal\PySide6\qml\QtQuick3D\ParticleEffects\Quick3DParticleEffects.qmltypes
   Compressing: E:\markdown_viewer\dist\consumer-upgrade-1.31.0\MarkdownViewer\_internal\PySide6\qml\QtQuick3D\ParticleEffects\designer\particleeffects.metainfo
   Compressing: E:\markdown_viewer\dist\consumer-upgrade-1.31.0\MarkdownViewer\_internal\PySide6\qml\QtQuick3D\ParticleEffects\designer\images\color_table.png
   Compressing: E:\markdown_viewer\dist\consumer-upgrade-1.31.0\MarkdownViewer\_internal\PySide6\qml\QtQuick3D\ParticleEffects\designer\images\color_table2.png
   Compressing: E:\markdown_viewer\dist\consumer-upgrade-1.31.0\MarkdownViewer\_internal\PySide6\qml\QtQuick3D\ParticleEffects\designer\images\droplet.png
   Compressing: E:\markdown_viewer\dist\consumer-upgrade-1.31.0\MarkdownViewer\_internal\PySide6\qml\QtQuick3D\ParticleEffects\designer\images\dummy.png
   Compressing: E:\markdown_viewer\dist\consumer-upgrade-1.31.0\MarkdownViewer\_internal\PySide6\qml\QtQuick3D\ParticleEffects\designer\images\dummy16.png
   Compressing: E:\markdown_viewer\dist\consumer-upgrade-1.31.0\MarkdownViewer\_internal\PySide6\qml\QtQuick3D\ParticleEffects\designer\images\dummy@2x.png
   Compressing: E:\markdown_viewer\dist\consumer-upgrade-1.31.0\MarkdownViewer\_internal\PySide6\qml\QtQuick3D\ParticleEffects\designer\images\rain.png
   Compressing: E:\markdown_viewer\dist\consumer-upgrade-1.31.0\MarkdownViewer\_internal\PySide6\qml\QtQuick3D\ParticleEffects\designer\images\ripple.png
   Compressing: E:\markdown_viewer\dist\consumer-upgrade-1.31.0\MarkdownViewer\_internal\PySide6\qml\QtQuick3D\ParticleEffects\designer\images\smoke2.png
   Compressing: E:\markdown_viewer\dist\consumer-upgrade-1.31.0\MarkdownViewer\_internal\PySide6\qml\QtQuick3D\ParticleEffects\designer\images\smoke_sprite.png
   Compressing: E:\markdown_viewer\dist\consumer-upgrade-1.31.0\MarkdownViewer\_internal\PySide6\qml\QtQuick3D\ParticleEffects\designer\images\smoke_sprite2.png
   Compressing: E:\markdown_viewer\dist\consumer-upgrade-1.31.0\MarkdownViewer\_internal\PySide6\qml\QtQuick3D\ParticleEffects\designer\images\snowflake.png
   Compressing: E:\markdown_viewer\dist\consumer-upgrade-1.31.0\MarkdownViewer\_internal\PySide6\qml\QtQuick3D\ParticleEffects\designer\images\sphere.png
   Compressing: E:\markdown_viewer\dist\consumer-upgrade-1.31.0\MarkdownViewer\_internal\PySide6\qml\QtQuick3D\ParticleEffects\designer\images\splash7.png
   Compressing: E:\markdown_viewer\dist\consumer-upgrade-1.31.0\MarkdownViewer\_internal\PySide6\qml\QtQuick3D\ParticleEffects\designer\source\particleeffect_clouds.qml
   Compressing: E:\markdown_viewer\dist\consumer-upgrade-1.31.0\MarkdownViewer\_internal\PySide6\qml\QtQuick3D\ParticleEffects\designer\source\particleeffect_dust.qml
   Compressing: E:\markdown_viewer\dist\consumer-upgrade-1.31.0\MarkdownViewer\_internal\PySide6\qml\QtQuick3D\ParticleEffects\designer\source\particleeffect_exhaust.qml
   Compressing: E:\markdown_viewer\dist\consumer-upgrade-1.31.0\MarkdownViewer\_internal\PySide6\qml\QtQuick3D\ParticleEffects\designer\source\particleeffect_fire.qml
   Compressing: E:\markdown_viewer\dist\consumer-upgrade-1.31.0\MarkdownViewer\_internal\PySide6\qml\QtQuick3D\ParticleEffects\designer\source\particleeffect_heavyrain.qml
   Compressing: E:\markdown_viewer\dist\consumer-upgrade-1.31.0\MarkdownViewer\_internal\PySide6\qml\QtQuick3D\ParticleEffects\designer\source\particleeffect_heavyrain_tirespray.qml
   Compressing: E:\markdown_viewer\dist\consumer-upgrade-1.31.0\MarkdownViewer\_internal\PySide6\qml\QtQuick3D\ParticleEffects\designer\source\particleeffect_lightrain.qml
   Compressing: E:\markdown_viewer\dist\consumer-upgrade-1.31.0\MarkdownViewer\_internal\PySide6\qml\QtQuick3D\ParticleEffects\designer\source\particleeffect_lightrain_tirespray.qml
   Compressing: E:\markdown_viewer\dist\consumer-upgrade-1.31.0\MarkdownViewer\_internal\PySide6\qml\QtQuick3D\ParticleEffects\designer\source\particleeffect_rainmist.qml
   Compressing: E:\markdown_viewer\dist\consumer-upgrade-1.31.0\MarkdownViewer\_internal\PySide6\qml\QtQuick3D\ParticleEffects\designer\source\particleeffect_snow.qml
   Compressing: E:\markdown_viewer\dist\consumer-upgrade-1.31.0\MarkdownViewer\_internal\PySide6\qml\QtQuick3D\ParticleEffects\designer\source\particleeffect_steam.qml
   Compressing: E:\markdown_viewer\dist\consumer-upgrade-1.31.0\MarkdownViewer\_internal\PySide6\qml\QtQuick3D\Particles3D\plugins.qmltypes
   Compressing: E:\markdown_viewer\dist\consumer-upgrade-1.31.0\MarkdownViewer\_internal\PySide6\qml\QtQuick3D\Particles3D\qmldir
   Compressing: E:\markdown_viewer\dist\consumer-upgrade-1.31.0\MarkdownViewer\_internal\PySide6\qml\QtQuick3D\Particles3D\qtquick3dparticles3dplugin.dll
   Compressing: E:\markdown_viewer\dist\consumer-upgrade-1.31.0\MarkdownViewer\_internal\PySide6\qml\QtQuick3D\Particles3D\designer\Affector3DSection.qml
   Compressing: E:\markdown_viewer\dist\consumer-upgrade-1.31.0\MarkdownViewer\_internal\PySide6\qml\QtQuick3D\Particles3D\designer\Affector3DSpecifics.qml
   Compressing: E:\markdown_viewer\dist\consumer-upgrade-1.31.0\MarkdownViewer\_internal\PySide6\qml\QtQuick3D\Particles3D\designer\Attractor3DSection.qml
   Compressing: E:\markdown_viewer\dist\consumer-upgrade-1.31.0\MarkdownViewer\_internal\PySide6\qml\QtQuick3D\Particles3D\designer\Attractor3DSpecifics.qml
   Compressing: E:\markdown_viewer\dist\consumer-upgrade-1.31.0\MarkdownViewer\_internal\PySide6\qml\QtQuick3D\Particles3D\designer\DynamicBurst3DSection.qml
   Compressing: E:\markdown_viewer\dist\consumer-upgrade-1.31.0\MarkdownViewer\_internal\PySide6\qml\QtQuick3D\Particles3D\designer\DynamicBurst3DSpecifics.qml
   Compressing: E:\markdown_viewer\dist\consumer-upgrade-1.31.0\MarkdownViewer\_internal\PySide6\qml\QtQuick3D\Particles3D\designer\EmitBurst3DSection.qml
   Compressing: E:\markdown_viewer\dist\consumer-upgrade-1.31.0\MarkdownViewer\_internal\PySide6\qml\QtQuick3D\Particles3D\designer\EmitBurst3DSpecifics.qml
   Compressing: E:\markdown_viewer\dist\consumer-upgrade-1.31.0\MarkdownViewer\_internal\PySide6\qml\QtQuick3D\Particles3D\designer\Gravity3DSection.qml
   Compressing: E:\markdown_viewer\dist\consumer-upgrade-1.31.0\MarkdownViewer\_internal\PySide6\qml\QtQuick3D\Particles3D\designer\Gravity3DSpecifics.qml
   Compressing: E:\markdown_viewer\dist\consumer-upgrade-1.31.0\MarkdownViewer\_internal\PySide6\qml\QtQuick3D\Particles3D\designer\LineParticle3DSection.qml
   Compressing: E:\markdown_viewer\dist\consumer-upgrade-1.31.0\MarkdownViewer\_internal\PySide6\qml\QtQuick3D\Particles3D\designer\LineParticle3DSpecifics.qml
   Compressing: E:\markdown_viewer\dist\consumer-upgrade-1.31.0\MarkdownViewer\_internal\PySide6\qml\QtQuick3D\Particles3D\designer\ModelBlendParticle3DSection.qml
   Compressing: E:\markdown_viewer\dist\consumer-upgrade-1.31.0\MarkdownViewer\_internal\PySide6\qml\QtQuick3D\Particles3D\designer\ModelBlendParticle3DSpecifics.qml
   Compressing: E:\markdown_viewer\dist\consumer-upgrade-1.31.0\MarkdownViewer\_internal\PySide6\qml\QtQuick3D\Particles3D\designer\ModelParticle3DSection.qml
   Compressing: E:\markdown_viewer\dist\consumer-upgrade-1.31.0\MarkdownViewer\_internal\PySide6\qml\QtQuick3D\Particles3D\designer\ModelParticle3DSpecifics.qml
   Compressing: E:\markdown_viewer\dist\consumer-upgrade-1.31.0\MarkdownViewer\_internal\PySide6\qml\QtQuick3D\Particles3D\designer\NodeSection.qml
   Compressing: E:\markdown_viewer\dist\consumer-upgrade-1.31.0\MarkdownViewer\_internal\PySide6\qml\QtQuick3D\Particles3D\designer\NodeSpecifics.qml
   Compressing: E:\markdown_viewer\dist\consumer-upgrade-1.31.0\MarkdownViewer\_internal\PySide6\qml\QtQuick3D\Particles3D\designer\Particle3DSection.qml
   Compressing: E:\markdown_viewer\dist\consumer-upgrade-1.31.0\MarkdownViewer\_internal\PySide6\qml\QtQuick3D\Particles3D\designer\Particle3DSpecifics.qml
   Compressing: E:\markdown_viewer\dist\consumer-upgrade-1.31.0\MarkdownViewer\_internal\PySide6\qml\QtQuick3D\Particles3D\designer\ParticleCustomShape3DSection.qml
   Compressing: E:\markdown_viewer\dist\consumer-upgrade-1.31.0\MarkdownViewer\_internal\PySide6\qml\QtQuick3D\Particles3D\designer\ParticleCustomShape3DSpecifics.qml
   Compressing: E:\markdown_viewer\dist\consumer-upgrade-1.31.0\MarkdownViewer\_internal\PySide6\qml\QtQuick3D\Particles3D\designer\ParticleEmitter3DSection.qml
   Compressing: E:\markdown_viewer\dist\consumer-upgrade-1.31.0\MarkdownViewer\_internal\PySide6\qml\QtQuick3D\Particles3D\designer\ParticleEmitter3DSpecifics.qml
   Compressing: E:\markdown_viewer\dist\consumer-upgrade-1.31.0\MarkdownViewer\_internal\PySide6\qml\QtQuick3D\Particles3D\designer\ParticleModelShape3DSection.qml
   Compressing: E:\markdown_viewer\dist\consumer-upgrade-1.31.0\MarkdownViewer\_internal\PySide6\qml\QtQuick3D\Particles3D\designer\ParticleModelShape3DSpecifics.qml
   Compressing: E:\markdown_viewer\dist\consumer-upgrade-1.31.0\MarkdownViewer\_internal\PySide6\qml\QtQuick3D\Particles3D\designer\particles3d.metainfo
   Compressing: E:\markdown_viewer\dist\consumer-upgrade-1.31.0\MarkdownViewer\_internal\PySide6\qml\QtQuick3D\Particles3D\designer\ParticleShape3DSection.qml
   Compressing: E:\markdown_viewer\dist\consumer-upgrade-1.31.0\MarkdownViewer\_internal\PySide6\qml\QtQuick3D\Particles3D\designer\ParticleShape3DSpecifics.qml
   Compressing: E:\markdown_viewer\dist\consumer-upgrade-1.31.0\MarkdownViewer\_internal\PySide6\qml\QtQuick3D\Particles3D\designer\ParticleSystem3DSection.qml
   Compressing: E:\markdown_viewer\dist\consumer-upgrade-1.31.0\MarkdownViewer\_internal\PySide6\qml\QtQuick3D\Particles3D\designer\ParticleSystem3DSpecifics.qml
   Compressing: E:\markdown_viewer\dist\consumer-upgrade-1.31.0\MarkdownViewer\_internal\PySide6\qml\QtQuick3D\Particles3D\designer\PointRotator3DSection.qml
   Compressing: E:\markdown_viewer\dist\consumer-upgrade-1.31.0\MarkdownViewer\_internal\PySide6\qml\QtQuick3D\Particles3D\designer\PointRotator3DSpecifics.qml
   Compressing: E:\markdown_viewer\dist\consumer-upgrade-1.31.0\MarkdownViewer\_internal\PySide6\qml\QtQuick3D\Particles3D\designer\Repeller3DSection.qml
   Compressing: E:\markdown_viewer\dist\consumer-upgrade-1.31.0\MarkdownViewer\_internal\PySide6\qml\QtQuick3D\Particles3D\designer\Repeller3DSpecifics.qml
   Compressing: E:\markdown_viewer\dist\consumer-upgrade-1.31.0\MarkdownViewer\_internal\PySide6\qml\QtQuick3D\Particles3D\designer\ScaleAffector3DSection.qml
   Compressing: E:\markdown_viewer\dist\consumer-upgrade-1.31.0\MarkdownViewer\_internal\PySide6\qml\QtQuick3D\Particles3D\designer\ScaleAffector3DSpecifics.qml
   Compressing: E:\markdown_viewer\dist\consumer-upgrade-1.31.0\MarkdownViewer\_internal\PySide6\qml\QtQuick3D\Particles3D\designer\SpriteParticle3DSection.qml
   Compressing: E:\markdown_viewer\dist\consumer-upgrade-1.31.0\MarkdownViewer\_internal\PySide6\qml\QtQuick3D\Particles3D\designer\SpriteParticle3DSpecifics.qml
   Compressing: E:\markdown_viewer\dist\consumer-upgrade-1.31.0\MarkdownViewer\_internal\PySide6\qml\QtQuick3D\Particles3D\designer\SpriteSequence3DSection.qml
   Compressing: E:\markdown_viewer\dist\consumer-upgrade-1.31.0\MarkdownViewer\_internal\PySide6\qml\QtQuick3D\Particles3D\designer\SpriteSequence3DSpecifics.qml
   Compressing: E:\markdown_viewer\dist\consumer-upgrade-1.31.0\MarkdownViewer\_internal\PySide6\qml\QtQuick3D\Particles3D\designer\TargetDirection3DSection.qml
   Compressing: E:\markdown_viewer\dist\consumer-upgrade-1.31.0\MarkdownViewer\_internal\PySide6\qml\QtQuick3D\Particles3D\designer\TargetDirection3DSpecifics.qml
   Compressing: E:\markdown_viewer\dist\consumer-upgrade-1.31.0\MarkdownViewer\_internal\PySide6\qml\QtQuick3D\Particles3D\designer\TrailEmitter3DSection.qml
   Compressing: E:\markdown_viewer\dist\consumer-upgrade-1.31.0\MarkdownViewer\_internal\PySide6\qml\QtQuick3D\Particles3D\designer\TrailEmitter3DSpecifics.qml
   Compressing: E:\markdown_viewer\dist\consumer-upgrade-1.31.0\MarkdownViewer\_internal\PySide6\qml\QtQuick3D\Particles3D\designer\VectorDirection3DSection.qml
   Compressing: E:\markdown_viewer\dist\consumer-upgrade-1.31.0\MarkdownViewer\_internal\PySide6\qml\QtQuick3D\Particles3D\designer\VectorDirection3DSpecifics.qml
   Compressing: E:\markdown_viewer\dist\consumer-upgrade-1.31.0\MarkdownViewer\_internal\PySide6\qml\QtQuick3D\Particles3D\designer\Wander3DSection.qml
   Compressing: E:\markdown_viewer\dist\consumer-upgrade-1.31.0\MarkdownViewer\_internal\PySide6\qml\QtQuick3D\Particles3D\designer\Wander3DSpecifics.qml
   Compressing: E:\markdown_viewer\dist\consumer-upgrade-1.31.0\MarkdownViewer\_internal\PySide6\qml\QtQuick3D\Particles3D\designer\images\attractor-16px.png
   Compressing: E:\markdown_viewer\dist\consumer-upgrade-1.31.0\MarkdownViewer\_internal\PySide6\qml\QtQuick3D\Particles3D\designer\images\attractor-24px.png
   Compressing: E:\markdown_viewer\dist\consumer-upgrade-1.31.0\MarkdownViewer\_internal\PySide6\qml\QtQuick3D\Particles3D\designer\images\attractor-24px@2x.png
   Compressing: E:\markdown_viewer\dist\consumer-upgrade-1.31.0\MarkdownViewer\_internal\PySide6\qml\QtQuick3D\Particles3D\designer\images\dummy.png
   Compressing: E:\markdown_viewer\dist\consumer-upgrade-1.31.0\MarkdownViewer\_internal\PySide6\qml\QtQuick3D\Particles3D\designer\images\dummy16.png
   Compressing: E:\markdown_viewer\dist\consumer-upgrade-1.31.0\MarkdownViewer\_internal\PySide6\qml\QtQuick3D\Particles3D\designer\images\dummy@2x.png
   Compressing: E:\markdown_viewer\dist\consumer-upgrade-1.31.0\MarkdownViewer\_internal\PySide6\qml\QtQuick3D\Particles3D\designer\images\emit-burst-16px.png
   Compressing: E:\markdown_viewer\dist\consumer-upgrade-1.31.0\MarkdownViewer\_internal\PySide6\qml\QtQuick3D\Particles3D\designer\images\emit-burst-24px.png
   Compressing: E:\markdown_viewer\dist\consumer-upgrade-1.31.0\MarkdownViewer\_internal\PySide6\qml\QtQuick3D\Particles3D\designer\images\emit-burst-24px@2x.png
   Compressing: E:\markdown_viewer\dist\consumer-upgrade-1.31.0\MarkdownViewer\_internal\PySide6\qml\QtQuick3D\Particles3D\designer\images\emitter-16px.png
   Compressing: E:\markdown_viewer\dist\consumer-upgrade-1.31.0\MarkdownViewer\_internal\PySide6\qml\QtQuick3D\Particles3D\designer\images\emitter-24px.png
   Compressing: E:\markdown_viewer\dist\consumer-upgrade-1.31.0\MarkdownViewer\_internal\PySide6\qml\QtQuick3D\Particles3D\designer\images\emitter-24px@2x.png
   Compressing: E:\markdown_viewer\dist\consumer-upgrade-1.31.0\MarkdownViewer\_internal\PySide6\qml\QtQuick3D\Particles3D\designer\images\gravity-16px.png
   Compressing: E:\markdown_viewer\dist\consumer-upgrade-1.31.0\MarkdownViewer\_internal\PySide6\qml\QtQuick3D\Particles3D\designer\images\gravity-24px.png
   Compressing: E:\markdown_viewer\dist\consumer-upgrade-1.31.0\MarkdownViewer\_internal\PySide6\qml\QtQuick3D\Particles3D\designer\images\gravity-24px@2x.png
   Compressing: E:\markdown_viewer\dist\consumer-upgrade-1.31.0\MarkdownViewer\_internal\PySide6\qml\QtQuick3D\Particles3D\designer\images\line-particle-16px.png
   Compressing: E:\markdown_viewer\dist\consumer-upgrade-1.31.0\MarkdownViewer\_internal\PySide6\qml\QtQuick3D\Particles3D\designer\images\line-particle-24px.png
   Compressing: E:\markdown_viewer\dist\consumer-upgrade-1.31.0\MarkdownViewer\_internal\PySide6\qml\QtQuick3D\Particles3D\designer\images\line-particle-24px@2x.png
   Compressing: E:\markdown_viewer\dist\consumer-upgrade-1.31.0\MarkdownViewer\_internal\PySide6\qml\QtQuick3D\Particles3D\designer\images\model-blend-particle-16px.png
   Compressing: E:\markdown_viewer\dist\consumer-upgrade-1.31.0\MarkdownViewer\_internal\PySide6\qml\QtQuick3D\Particles3D\designer\images\model-blend-particle-24px.png
   Compressing: E:\markdown_viewer\dist\consumer-upgrade-1.31.0\MarkdownViewer\_internal\PySide6\qml\QtQuick3D\Particles3D\designer\images\model-blend-particle-24px@2x.png
   Compressing: E:\markdown_viewer\dist\consumer-upgrade-1.31.0\MarkdownViewer\_internal\PySide6\qml\QtQuick3D\Particles3D\designer\images\model-particle-16px.png
   Compressing: E:\markdown_viewer\dist\consumer-upgrade-1.31.0\MarkdownViewer\_internal\PySide6\qml\QtQuick3D\Particles3D\designer\images\model-particle-24px.png
   Compressing: E:\markdown_viewer\dist\consumer-upgrade-1.31.0\MarkdownViewer\_internal\PySide6\qml\QtQuick3D\Particles3D\designer\images\model-particle-24px@2x.png
   Compressing: E:\markdown_viewer\dist\consumer-upgrade-1.31.0\MarkdownViewer\_internal\PySide6\qml\QtQuick3D\Particles3D\designer\images\model-shape-16px.png
   Compressing: E:\markdown_viewer\dist\consumer-upgrade-1.31.0\MarkdownViewer\_internal\PySide6\qml\QtQuick3D\Particles3D\designer\images\model-shape-24px.png
   Compressing: E:\markdown_viewer\dist\consumer-upgrade-1.31.0\MarkdownViewer\_internal\PySide6\qml\QtQuick3D\Particles3D\designer\images\model-shape-24px@2x.png
   Compressing: E:\markdown_viewer\dist\consumer-upgrade-1.31.0\MarkdownViewer\_internal\PySide6\qml\QtQuick3D\Particles3D\designer\images\particle-custom-shape-16px.png
   Compressing: E:\markdown_viewer\dist\consumer-upgrade-1.31.0\MarkdownViewer\_internal\PySide6\qml\QtQuick3D\Particles3D\designer\images\particle-custom-shape-24px.png
   Compressing: E:\markdown_viewer\dist\consumer-upgrade-1.31.0\MarkdownViewer\_internal\PySide6\qml\QtQuick3D\Particles3D\designer\images\particle-custom-shape-24px@2x.png
   Compressing: E:\markdown_viewer\dist\consumer-upgrade-1.31.0\MarkdownViewer\_internal\PySide6\qml\QtQuick3D\Particles3D\designer\images\particle-shape-16px.png
   Compressing: E:\markdown_viewer\dist\consumer-upgrade-1.31.0\MarkdownViewer\_internal\PySide6\qml\QtQuick3D\Particles3D\designer\images\particle-shape-24px.png
   Compressing: E:\markdown_viewer\dist\consumer-upgrade-1.31.0\MarkdownViewer\_internal\PySide6\qml\QtQuick3D\Particles3D\designer\images\particle-shape-24px@2x.png
   Compressing: E:\markdown_viewer\dist\consumer-upgrade-1.31.0\MarkdownViewer\_internal\PySide6\qml\QtQuick3D\Particles3D\designer\images\particle-system-16px.png
   Compressing: E:\markdown_viewer\dist\consumer-upgrade-1.31.0\MarkdownViewer\_internal\PySide6\qml\QtQuick3D\Particles3D\designer\images\particle-system-24px.png
   Compressing: E:\markdown_viewer\dist\consumer-upgrade-1.31.0\MarkdownViewer\_internal\PySide6\qml\QtQuick3D\Particles3D\designer\images\particle-system-24px@2x.png
   Compressing: E:\markdown_viewer\dist\consumer-upgrade-1.31.0\MarkdownViewer\_internal\PySide6\qml\QtQuick3D\Particles3D\designer\images\point-rotator-16px.png
   Compressing: E:\markdown_viewer\dist\consumer-upgrade-1.31.0\MarkdownViewer\_internal\PySide6\qml\QtQuick3D\Particles3D\designer\images\point-rotator-24px.png
   Compressing: E:\markdown_viewer\dist\consumer-upgrade-1.31.0\MarkdownViewer\_internal\PySide6\qml\QtQuick3D\Particles3D\designer\images\point-rotator-24px@2x.png
   Compressing: E:\markdown_viewer\dist\consumer-upgrade-1.31.0\MarkdownViewer\_internal\PySide6\qml\QtQuick3D\Particles3D\designer\images\repeller-16px.png
   Compressing: E:\markdown_viewer\dist\consumer-upgrade-1.31.0\MarkdownViewer\_internal\PySide6\qml\QtQuick3D\Particles3D\designer\images\repeller-24px.png
   Compressing: E:\markdown_viewer\dist\consumer-upgrade-1.31.0\MarkdownViewer\_internal\PySide6\qml\QtQuick3D\Particles3D\designer\images\repeller-24px@2x.png
   Compressing: E:\markdown_viewer\dist\consumer-upgrade-1.31.0\MarkdownViewer\_internal\PySide6\qml\QtQuick3D\Particles3D\designer\images\scale-affector-16px.png
   Compressing: E:\markdown_viewer\dist\consumer-upgrade-1.31.0\MarkdownViewer\_internal\PySide6\qml\QtQuick3D\Particles3D\designer\images\scale-affector-24px.png
   Compressing: E:\markdown_viewer\dist\consumer-upgrade-1.31.0\MarkdownViewer\_internal\PySide6\qml\QtQuick3D\Particles3D\designer\images\scale-affector-24px@2x.png
   Compressing: E:\markdown_viewer\dist\consumer-upgrade-1.31.0\MarkdownViewer\_internal\PySide6\qml\QtQuick3D\Particles3D\designer\images\sprite-particle-16px.png
   Compressing: E:\markdown_viewer\dist\consumer-upgrade-1.31.0\MarkdownViewer\_internal\PySide6\qml\QtQuick3D\Particles3D\designer\images\sprite-particle-24px.png
   Compressing: E:\markdown_viewer\dist\consumer-upgrade-1.31.0\MarkdownViewer\_internal\PySide6\qml\QtQuick3D\Particles3D\designer\images\sprite-particle-24px@2x.png
   Compressing: E:\markdown_viewer\dist\consumer-upgrade-1.31.0\MarkdownViewer\_internal\PySide6\qml\QtQuick3D\Particles3D\designer\images\sprite-sequence-16px.png
   Compressing: E:\markdown_viewer\dist\consumer-upgrade-1.31.0\MarkdownViewer\_internal\PySide6\qml\QtQuick3D\Particles3D\designer\images\sprite-sequence-24px.png
   Compressing: E:\markdown_viewer\dist\consumer-upgrade-1.31.0\MarkdownViewer\_internal\PySide6\qml\QtQuick3D\Particles3D\designer\images\sprite-sequence-24px@2x.png
   Compressing: E:\markdown_viewer\dist\consumer-upgrade-1.31.0\MarkdownViewer\_internal\PySide6\qml\QtQuick3D\Particles3D\designer\images\target-direction-16px.png
   Compressing: E:\markdown_viewer\dist\consumer-upgrade-1.31.0\MarkdownViewer\_internal\PySide6\qml\QtQuick3D\Particles3D\designer\images\target-direction-24px.png
   Compressing: E:\markdown_viewer\dist\consumer-upgrade-1.31.0\MarkdownViewer\_internal\PySide6\qml\QtQuick3D\Particles3D\designer\images\target-direction-24px@2x.png
   Compressing: E:\markdown_viewer\dist\consumer-upgrade-1.31.0\MarkdownViewer\_internal\PySide6\qml\QtQuick3D\Particles3D\designer\images\trail-emitter-16px.png
   Compressing: E:\markdown_viewer\dist\consumer-upgrade-1.31.0\MarkdownViewer\_internal\PySide6\qml\QtQuick3D\Particles3D\designer\images\trail-emitter-24px.png
   Compressing: E:\markdown_viewer\dist\consumer-upgrade-1.31.0\MarkdownViewer\_internal\PySide6\qml\QtQuick3D\Particles3D\designer\images\trail-emitter-24px@2x.png
   Compressing: E:\markdown_viewer\dist\consumer-upgrade-1.31.0\MarkdownViewer\_internal\PySide6\qml\QtQuick3D\Particles3D\designer\images\vector-direction-16px.png
   Compressing: E:\markdown_viewer\dist\consumer-upgrade-1.31.0\MarkdownViewer\_internal\PySide6\qml\QtQuick3D\Particles3D\designer\images\vector-direction-24px.png
   Compressing: E:\markdown_viewer\dist\consumer-upgrade-1.31.0\MarkdownViewer\_internal\PySide6\qml\QtQuick3D\Particles3D\designer\images\vector-direction-24px@2x.png
   Compressing: E:\markdown_viewer\dist\consumer-upgrade-1.31.0\MarkdownViewer\_internal\PySide6\qml\QtQuick3D\Particles3D\designer\images\wander-16px.png
   Compressing: E:\markdown_viewer\dist\consumer-upgrade-1.31.0\MarkdownViewer\_internal\PySide6\qml\QtQuick3D\Particles3D\designer\images\wander-24px.png
   Compressing: E:\markdown_viewer\dist\consumer-upgrade-1.31.0\MarkdownViewer\_internal\PySide6\qml\QtQuick3D\Particles3D\designer\images\wander-24px@2x.png
   Compressing: E:\markdown_viewer\dist\consumer-upgrade-1.31.0\MarkdownViewer\_internal\PySide6\qml\QtQuick3D\Particles3D\designer\source\particlesystem_animatedsprite_template.qml
   Compressing: E:\markdown_viewer\dist\consumer-upgrade-1.31.0\MarkdownViewer\_internal\PySide6\qml\QtQuick3D\Particles3D\designer\source\particlesystem_attractor_template.qml
   Compressing: E:\markdown_viewer\dist\consumer-upgrade-1.31.0\MarkdownViewer\_internal\PySide6\qml\QtQuick3D\Particles3D\designer\source\particlesystem_burst_template.qml
   Compressing: E:\markdown_viewer\dist\consumer-upgrade-1.31.0\MarkdownViewer\_internal\PySide6\qml\QtQuick3D\Particles3D\designer\source\particlesystem_modelblend_template.qml
   Compressing: E:\markdown_viewer\dist\consumer-upgrade-1.31.0\MarkdownViewer\_internal\PySide6\qml\QtQuick3D\Particles3D\designer\source\particlesystem_modelshape_template.qml
   Compressing: E:\markdown_viewer\dist\consumer-upgrade-1.31.0\MarkdownViewer\_internal\PySide6\qml\QtQuick3D\Particles3D\designer\source\particlesystem_particletrail_template.qml
   Compressing: E:\markdown_viewer\dist\consumer-upgrade-1.31.0\MarkdownViewer\_internal\PySide6\qml\QtQuick3D\Particles3D\designer\source\particlesystem_sprite_template.qml
   Compressing: E:\markdown_viewer\dist\consumer-upgrade-1.31.0\MarkdownViewer\_internal\PySide6\qml\QtQuick3D\Particles3D\designer\source\particlesystem_template.qml
   Compressing: E:\markdown_viewer\dist\consumer-upgrade-1.31.0\MarkdownViewer\_internal\PySide6\qml\QtQuick3D\Particles3D\designer\source\particlesystem_wander_template.qml
   Compressing: E:\markdown_viewer\dist\consumer-upgrade-1.31.0\MarkdownViewer\_internal\PySide6\qml\QtQuick3D\SpatialAudio\plugins.qmltypes
   Compressing: E:\markdown_viewer\dist\consumer-upgrade-1.31.0\MarkdownViewer\_internal\PySide6\qml\QtQuick3D\SpatialAudio\qmldir
   Compressing: E:\markdown_viewer\dist\consumer-upgrade-1.31.0\MarkdownViewer\_internal\PySide6\qml\QtQuick3D\SpatialAudio\quick3dspatialaudioplugin.dll
   Compressing: E:\markdown_viewer\dist\consumer-upgrade-1.31.0\MarkdownViewer\_internal\PySide6\qml\QtQuick3D\Xr\plugins.qmltypes
   Compressing: E:\markdown_viewer\dist\consumer-upgrade-1.31.0\MarkdownViewer\_internal\PySide6\qml\QtQuick3D\Xr\qmldir
   Compressing: E:\markdown_viewer\dist\consumer-upgrade-1.31.0\MarkdownViewer\_internal\PySide6\qml\QtQuick3D\Xr\quick3dxrplugin.dll
   Compressing: E:\markdown_viewer\dist\consumer-upgrade-1.31.0\MarkdownViewer\_internal\PySide6\qml\QtQuick3D\Xr\XrErrorDialog.qml
   Compressing: E:\markdown_viewer\dist\consumer-upgrade-1.31.0\MarkdownViewer\_internal\PySide6\qml\QtRemoteObjects\declarative_remoteobjectsplugin.dll
   Compressing: E:\markdown_viewer\dist\consumer-upgrade-1.31.0\MarkdownViewer\_internal\PySide6\qml\QtRemoteObjects\plugins.qmltypes
   Compressing: E:\markdown_viewer\dist\consumer-upgrade-1.31.0\MarkdownViewer\_internal\PySide6\qml\QtRemoteObjects\qmldir
   Compressing: E:\markdown_viewer\dist\consumer-upgrade-1.31.0\MarkdownViewer\_internal\PySide6\qml\QtScxml\declarative_scxmlplugin.dll
   Compressing: E:\markdown_viewer\dist\consumer-upgrade-1.31.0\MarkdownViewer\_internal\PySide6\qml\QtScxml\plugins.qmltypes
   Compressing: E:\markdown_viewer\dist\consumer-upgrade-1.31.0\MarkdownViewer\_internal\PySide6\qml\QtScxml\qmldir
   Compressing: E:\markdown_viewer\dist\consumer-upgrade-1.31.0\MarkdownViewer\_internal\PySide6\qml\QtSensors\plugins.qmltypes
   Compressing: E:\markdown_viewer\dist\consumer-upgrade-1.31.0\MarkdownViewer\_internal\PySide6\qml\QtSensors\qmldir
   Compressing: E:\markdown_viewer\dist\consumer-upgrade-1.31.0\MarkdownViewer\_internal\PySide6\qml\QtSensors\sensorsquickplugin.dll
   Compressing: E:\markdown_viewer\dist\consumer-upgrade-1.31.0\MarkdownViewer\_internal\PySide6\qml\QtTest\plugins.qmltypes
   Compressing: E:\markdown_viewer\dist\consumer-upgrade-1.31.0\MarkdownViewer\_internal\PySide6\qml\QtTest\qmldir
   Compressing: E:\markdown_viewer\dist\consumer-upgrade-1.31.0\MarkdownViewer\_internal\PySide6\qml\QtTest\quicktestplugin.dll
   Compressing: E:\markdown_viewer\dist\consumer-upgrade-1.31.0\MarkdownViewer\_internal\PySide6\qml\QtTest\SignalSpy.qml
   Compressing: E:\markdown_viewer\dist\consumer-upgrade-1.31.0\MarkdownViewer\_internal\PySide6\qml\QtTest\TestCase.qml
   Compressing: E:\markdown_viewer\dist\consumer-upgrade-1.31.0\MarkdownViewer\_internal\PySide6\qml\QtTest\testlogger.js
   Compressing: E:\markdown_viewer\dist\consumer-upgrade-1.31.0\MarkdownViewer\_internal\PySide6\qml\QtTest\TestSchedule.qml
   Compressing: E:\markdown_viewer\dist\consumer-upgrade-1.31.0\MarkdownViewer\_internal\PySide6\qml\QtTextToSpeech\plugins.qmltypes
   Compressing: E:\markdown_viewer\dist\consumer-upgrade-1.31.0\MarkdownViewer\_internal\PySide6\qml\QtTextToSpeech\qmldir
   Compressing: E:\markdown_viewer\dist\consumer-upgrade-1.31.0\MarkdownViewer\_internal\PySide6\qml\QtTextToSpeech\texttospeechqmlplugin.dll
   Compressing: E:\markdown_viewer\dist\consumer-upgrade-1.31.0\MarkdownViewer\_internal\PySide6\qml\QtWebChannel\plugins.qmltypes
   Compressing: E:\markdown_viewer\dist\consumer-upgrade-1.31.0\MarkdownViewer\_internal\PySide6\qml\QtWebChannel\qmldir
   Compressing: E:\markdown_viewer\dist\consumer-upgrade-1.31.0\MarkdownViewer\_internal\PySide6\qml\QtWebChannel\webchannelquickplugin.dll
   Compressing: E:\markdown_viewer\dist\consumer-upgrade-1.31.0\MarkdownViewer\_internal\PySide6\qml\QtWebEngine\plugins.qmltypes
   Compressing: E:\markdown_viewer\dist\consumer-upgrade-1.31.0\MarkdownViewer\_internal\PySide6\qml\QtWebEngine\qmldir
   Compressing: E:\markdown_viewer\dist\consumer-upgrade-1.31.0\MarkdownViewer\_internal\PySide6\qml\QtWebEngine\qtwebenginequickplugin.dll
   Compressing: E:\markdown_viewer\dist\consumer-upgrade-1.31.0\MarkdownViewer\_internal\PySide6\qml\QtWebEngine\ControlsDelegates\AlertDialog.qml
   Compressing: E:\markdown_viewer\dist\consumer-upgrade-1.31.0\MarkdownViewer\_internal\PySide6\qml\QtWebEngine\ControlsDelegates\AuthenticationDialog.qml
   Compressing: E:\markdown_viewer\dist\consumer-upgrade-1.31.0\MarkdownViewer\_internal\PySide6\qml\QtWebEngine\ControlsDelegates\AutofillPopup.qml
   Compressing: E:\markdown_viewer\dist\consumer-upgrade-1.31.0\MarkdownViewer\_internal\PySide6\qml\QtWebEngine\ControlsDelegates\ColorDialog.qml
   Compressing: E:\markdown_viewer\dist\consumer-upgrade-1.31.0\MarkdownViewer\_internal\PySide6\qml\QtWebEngine\ControlsDelegates\ConfirmDialog.qml
   Compressing: E:\markdown_viewer\dist\consumer-upgrade-1.31.0\MarkdownViewer\_internal\PySide6\qml\QtWebEngine\ControlsDelegates\DirectoryPicker.qml
   Compressing: E:\markdown_viewer\dist\consumer-upgrade-1.31.0\MarkdownViewer\_internal\PySide6\qml\QtWebEngine\ControlsDelegates\FilePicker.qml
   Compressing: E:\markdown_viewer\dist\consumer-upgrade-1.31.0\MarkdownViewer\_internal\PySide6\qml\QtWebEngine\ControlsDelegates\Menu.qml
   Compressing: E:\markdown_viewer\dist\consumer-upgrade-1.31.0\MarkdownViewer\_internal\PySide6\qml\QtWebEngine\ControlsDelegates\MenuItem.qml
   Compressing: E:\markdown_viewer\dist\consumer-upgrade-1.31.0\MarkdownViewer\_internal\PySide6\qml\QtWebEngine\ControlsDelegates\MenuSeparator.qml
   Compressing: E:\markdown_viewer\dist\consumer-upgrade-1.31.0\MarkdownViewer\_internal\PySide6\qml\QtWebEngine\ControlsDelegates\PromptDialog.qml
   Compressing: E:\markdown_viewer\dist\consumer-upgrade-1.31.0\MarkdownViewer\_internal\PySide6\qml\QtWebEngine\ControlsDelegates\qmldir
   Compressing: E:\markdown_viewer\dist\consumer-upgrade-1.31.0\MarkdownViewer\_internal\PySide6\qml\QtWebEngine\ControlsDelegates\qtwebenginequickdelegatesplugin.dll
   Compressing: E:\markdown_viewer\dist\consumer-upgrade-1.31.0\MarkdownViewer\_internal\PySide6\qml\QtWebEngine\ControlsDelegates\ToolTip.qml
   Compressing: E:\markdown_viewer\dist\consumer-upgrade-1.31.0\MarkdownViewer\_internal\PySide6\qml\QtWebEngine\ControlsDelegates\TouchHandle.qml
   Compressing: E:\markdown_viewer\dist\consumer-upgrade-1.31.0\MarkdownViewer\_internal\PySide6\qml\QtWebEngine\ControlsDelegates\TouchSelectionMenu.qml
   Compressing: E:\markdown_viewer\dist\consumer-upgrade-1.31.0\MarkdownViewer\_internal\PySide6\qml\QtWebEngine\ControlsDelegates\WebEngineQuickDelegatesQml.qmltypes
   Compressing: E:\markdown_viewer\dist\consumer-upgrade-1.31.0\MarkdownViewer\_internal\PySide6\qml\QtWebSockets\plugins.qmltypes
   Compressing: E:\markdown_viewer\dist\consumer-upgrade-1.31.0\MarkdownViewer\_internal\PySide6\qml\QtWebSockets\qmldir
   Compressing: E:\markdown_viewer\dist\consumer-upgrade-1.31.0\MarkdownViewer\_internal\PySide6\qml\QtWebSockets\qmlwebsocketsplugin.dll
   Compressing: E:\markdown_viewer\dist\consumer-upgrade-1.31.0\MarkdownViewer\_internal\PySide6\qml\QtWebView\plugins.qmltypes
   Compressing: E:\markdown_viewer\dist\consumer-upgrade-1.31.0\MarkdownViewer\_internal\PySide6\qml\QtWebView\qmldir
   Compressing: E:\markdown_viewer\dist\consumer-upgrade-1.31.0\MarkdownViewer\_internal\PySide6\qml\QtWebView\qtwebviewquickplugin.dll
   Compressing: E:\markdown_viewer\dist\consumer-upgrade-1.31.0\MarkdownViewer\_internal\PySide6\resources\icudtl.dat
   Compressing: E:\markdown_viewer\dist\consumer-upgrade-1.31.0\MarkdownViewer\_internal\PySide6\resources\qtwebengine_devtools_resources.debug.pak
   Compressing: E:\markdown_viewer\dist\consumer-upgrade-1.31.0\MarkdownViewer\_internal\PySide6\resources\qtwebengine_devtools_resources.pak
   Compressing: E:\markdown_viewer\dist\consumer-upgrade-1.31.0\MarkdownViewer\_internal\PySide6\resources\qtwebengine_resources.debug.pak
   Compressing: E:\markdown_viewer\dist\consumer-upgrade-1.31.0\MarkdownViewer\_internal\PySide6\resources\qtwebengine_resources.pak
   Compressing: E:\markdown_viewer\dist\consumer-upgrade-1.31.0\MarkdownViewer\_internal\PySide6\resources\qtwebengine_resources_100p.debug.pak
   Compressing: E:\markdown_viewer\dist\consumer-upgrade-1.31.0\MarkdownViewer\_internal\PySide6\resources\qtwebengine_resources_100p.pak
   Compressing: E:\markdown_viewer\dist\consumer-upgrade-1.31.0\MarkdownViewer\_internal\PySide6\resources\qtwebengine_resources_200p.debug.pak
   Compressing: E:\markdown_viewer\dist\consumer-upgrade-1.31.0\MarkdownViewer\_internal\PySide6\resources\qtwebengine_resources_200p.pak
   Compressing: E:\markdown_viewer\dist\consumer-upgrade-1.31.0\MarkdownViewer\_internal\PySide6\resources\v8_context_snapshot.bin
   Compressing: E:\markdown_viewer\dist\consumer-upgrade-1.31.0\MarkdownViewer\_internal\PySide6\resources\v8_context_snapshot.debug.bin
   Compressing: E:\markdown_viewer\dist\consumer-upgrade-1.31.0\MarkdownViewer\_internal\PySide6\translations\qtbase_ar.qm
   Compressing: E:\markdown_viewer\dist\consumer-upgrade-1.31.0\MarkdownViewer\_internal\PySide6\translations\qtbase_bg.qm
   Compressing: E:\markdown_viewer\dist\consumer-upgrade-1.31.0\MarkdownViewer\_internal\PySide6\translations\qtbase_ca.qm
   Compressing: E:\markdown_viewer\dist\consumer-upgrade-1.31.0\MarkdownViewer\_internal\PySide6\translations\qtbase_cs.qm
   Compressing: E:\markdown_viewer\dist\consumer-upgrade-1.31.0\MarkdownViewer\_internal\PySide6\translations\qtbase_da.qm
   Compressing: E:\markdown_viewer\dist\consumer-upgrade-1.31.0\MarkdownViewer\_internal\PySide6\translations\qtbase_de.qm
   Compressing: E:\markdown_viewer\dist\consumer-upgrade-1.31.0\MarkdownViewer\_internal\PySide6\translations\qtbase_en.qm
   Compressing: E:\markdown_viewer\dist\consumer-upgrade-1.31.0\MarkdownViewer\_internal\PySide6\translations\qtbase_es.qm
   Compressing: E:\markdown_viewer\dist\consumer-upgrade-1.31.0\MarkdownViewer\_internal\PySide6\translations\qtbase_fa.qm
   Compressing: E:\markdown_viewer\dist\consumer-upgrade-1.31.0\MarkdownViewer\_internal\PySide6\translations\qtbase_fi.qm
   Compressing: E:\markdown_viewer\dist\consumer-upgrade-1.31.0\MarkdownViewer\_internal\PySide6\translations\qtbase_fr.qm
   Compressing: E:\markdown_viewer\dist\consumer-upgrade-1.31.0\MarkdownViewer\_internal\PySide6\translations\qtbase_gd.qm
   Compressing: E:\markdown_viewer\dist\consumer-upgrade-1.31.0\MarkdownViewer\_internal\PySide6\translations\qtbase_he.qm
   Compressing: E:\markdown_viewer\dist\consumer-upgrade-1.31.0\MarkdownViewer\_internal\PySide6\translations\qtbase_hr.qm
   Compressing: E:\markdown_viewer\dist\consumer-upgrade-1.31.0\MarkdownViewer\_internal\PySide6\translations\qtbase_hu.qm
   Compressing: E:\markdown_viewer\dist\consumer-upgrade-1.31.0\MarkdownViewer\_internal\PySide6\translations\qtbase_it.qm
   Compressing: E:\markdown_viewer\dist\consumer-upgrade-1.31.0\MarkdownViewer\_internal\PySide6\translations\qtbase_ja.qm
   Compressing: E:\markdown_viewer\dist\consumer-upgrade-1.31.0\MarkdownViewer\_internal\PySide6\translations\qtbase_ka.qm
   Compressing: E:\markdown_viewer\dist\consumer-upgrade-1.31.0\MarkdownViewer\_internal\PySide6\translations\qtbase_ko.qm
   Compressing: E:\markdown_viewer\dist\consumer-upgrade-1.31.0\MarkdownViewer\_internal\PySide6\translations\qtbase_lg.qm
   Compressing: E:\markdown_viewer\dist\consumer-upgrade-1.31.0\MarkdownViewer\_internal\PySide6\translations\qtbase_lv.qm
   Compressing: E:\markdown_viewer\dist\consumer-upgrade-1.31.0\MarkdownViewer\_internal\PySide6\translations\qtbase_nl.qm
   Compressing: E:\markdown_viewer\dist\consumer-upgrade-1.31.0\MarkdownViewer\_internal\PySide6\translations\qtbase_nn.qm
   Compressing: E:\markdown_viewer\dist\consumer-upgrade-1.31.0\MarkdownViewer\_internal\PySide6\translations\qtbase_pl.qm
   Compressing: E:\markdown_viewer\dist\consumer-upgrade-1.31.0\MarkdownViewer\_internal\PySide6\translations\qtbase_pt_BR.qm
   Compressing: E:\markdown_viewer\dist\consumer-upgrade-1.31.0\MarkdownViewer\_internal\PySide6\translations\qtbase_ru.qm
   Compressing: E:\markdown_viewer\dist\consumer-upgrade-1.31.0\MarkdownViewer\_internal\PySide6\translations\qtbase_sk.qm
   Compressing: E:\markdown_viewer\dist\consumer-upgrade-1.31.0\MarkdownViewer\_internal\PySide6\translations\qtbase_sv.qm
   Compressing: E:\markdown_viewer\dist\consumer-upgrade-1.31.0\MarkdownViewer\_internal\PySide6\translations\qtbase_tr.qm
   Compressing: E:\markdown_viewer\dist\consumer-upgrade-1.31.0\MarkdownViewer\_internal\PySide6\translations\qtbase_uk.qm
   Compressing: E:\markdown_viewer\dist\consumer-upgrade-1.31.0\MarkdownViewer\_internal\PySide6\translations\qtbase_zh_CN.qm
   Compressing: E:\markdown_viewer\dist\consumer-upgrade-1.31.0\MarkdownViewer\_internal\PySide6\translations\qtbase_zh_TW.qm
   Compressing: E:\markdown_viewer\dist\consumer-upgrade-1.31.0\MarkdownViewer\_internal\PySide6\translations\qtdeclarative_ar.qm
   Compressing: E:\markdown_viewer\dist\consumer-upgrade-1.31.0\MarkdownViewer\_internal\PySide6\translations\qtdeclarative_bg.qm
   Compressing: E:\markdown_viewer\dist\consumer-upgrade-1.31.0\MarkdownViewer\_internal\PySide6\translations\qtdeclarative_ca.qm
   Compressing: E:\markdown_viewer\dist\consumer-upgrade-1.31.0\MarkdownViewer\_internal\PySide6\translations\qtdeclarative_da.qm
   Compressing: E:\markdown_viewer\dist\consumer-upgrade-1.31.0\MarkdownViewer\_internal\PySide6\translations\qtdeclarative_de.qm
   Compressing: E:\markdown_viewer\dist\consumer-upgrade-1.31.0\MarkdownViewer\_internal\PySide6\translations\qtdeclarative_en.qm
   Compressing: E:\markdown_viewer\dist\consumer-upgrade-1.31.0\MarkdownViewer\_internal\PySide6\translations\qtdeclarative_es.qm
   Compressing: E:\markdown_viewer\dist\consumer-upgrade-1.31.0\MarkdownViewer\_internal\PySide6\translations\qtdeclarative_fa.qm
   Compressing: E:\markdown_viewer\dist\consumer-upgrade-1.31.0\MarkdownViewer\_internal\PySide6\translations\qtdeclarative_fi.qm
   Compressing: E:\markdown_viewer\dist\consumer-upgrade-1.31.0\MarkdownViewer\_internal\PySide6\translations\qtdeclarative_fr.qm
   Compressing: E:\markdown_viewer\dist\consumer-upgrade-1.31.0\MarkdownViewer\_internal\PySide6\translations\qtdeclarative_hr.qm
   Compressing: E:\markdown_viewer\dist\consumer-upgrade-1.31.0\MarkdownViewer\_internal\PySide6\translations\qtdeclarative_hu.qm
   Compressing: E:\markdown_viewer\dist\consumer-upgrade-1.31.0\MarkdownViewer\_internal\PySide6\translations\qtdeclarative_ja.qm
   Compressing: E:\markdown_viewer\dist\consumer-upgrade-1.31.0\MarkdownViewer\_internal\PySide6\translations\qtdeclarative_ka.qm
   Compressing: E:\markdown_viewer\dist\consumer-upgrade-1.31.0\MarkdownViewer\_internal\PySide6\translations\qtdeclarative_ko.qm
   Compressing: E:\markdown_viewer\dist\consumer-upgrade-1.31.0\MarkdownViewer\_internal\PySide6\translations\qtdeclarative_lv.qm
   Compressing: E:\markdown_viewer\dist\consumer-upgrade-1.31.0\MarkdownViewer\_internal\PySide6\translations\qtdeclarative_nl.qm
   Compressing: E:\markdown_viewer\dist\consumer-upgrade-1.31.0\MarkdownViewer\_internal\PySide6\translations\qtdeclarative_nn.qm
   Compressing: E:\markdown_viewer\dist\consumer-upgrade-1.31.0\MarkdownViewer\_internal\PySide6\translations\qtdeclarative_pl.qm
   Compressing: E:\markdown_viewer\dist\consumer-upgrade-1.31.0\MarkdownViewer\_internal\PySide6\translations\qtdeclarative_pt_BR.qm
   Compressing: E:\markdown_viewer\dist\consumer-upgrade-1.31.0\MarkdownViewer\_internal\PySide6\translations\qtdeclarative_ru.qm
   Compressing: E:\markdown_viewer\dist\consumer-upgrade-1.31.0\MarkdownViewer\_internal\PySide6\translations\qtdeclarative_sk.qm
   Compressing: E:\markdown_viewer\dist\consumer-upgrade-1.31.0\MarkdownViewer\_internal\PySide6\translations\qtdeclarative_sv.qm
   Compressing: E:\markdown_viewer\dist\consumer-upgrade-1.31.0\MarkdownViewer\_internal\PySide6\translations\qtdeclarative_tr.qm
   Compressing: E:\markdown_viewer\dist\consumer-upgrade-1.31.0\MarkdownViewer\_internal\PySide6\translations\qtdeclarative_uk.qm
   Compressing: E:\markdown_viewer\dist\consumer-upgrade-1.31.0\MarkdownViewer\_internal\PySide6\translations\qtdeclarative_zh_CN.qm
   Compressing: E:\markdown_viewer\dist\consumer-upgrade-1.31.0\MarkdownViewer\_internal\PySide6\translations\qtdeclarative_zh_TW.qm
   Compressing: E:\markdown_viewer\dist\consumer-upgrade-1.31.0\MarkdownViewer\_internal\PySide6\translations\qtlocation_bg.qm
   Compressing: E:\markdown_viewer\dist\consumer-upgrade-1.31.0\MarkdownViewer\_internal\PySide6\translations\qtlocation_ca.qm
   Compressing: E:\markdown_viewer\dist\consumer-upgrade-1.31.0\MarkdownViewer\_internal\PySide6\translations\qtlocation_da.qm
   Compressing: E:\markdown_viewer\dist\consumer-upgrade-1.31.0\MarkdownViewer\_internal\PySide6\translations\qtlocation_de.qm
   Compressing: E:\markdown_viewer\dist\consumer-upgrade-1.31.0\MarkdownViewer\_internal\PySide6\translations\qtlocation_en.qm
   Compressing: E:\markdown_viewer\dist\consumer-upgrade-1.31.0\MarkdownViewer\_internal\PySide6\translations\qtlocation_es.qm
   Compressing: E:\markdown_viewer\dist\consumer-upgrade-1.31.0\MarkdownViewer\_internal\PySide6\translations\qtlocation_fi.qm
   Compressing: E:\markdown_viewer\dist\consumer-upgrade-1.31.0\MarkdownViewer\_internal\PySide6\translations\qtlocation_fr.qm
   Compressing: E:\markdown_viewer\dist\consumer-upgrade-1.31.0\MarkdownViewer\_internal\PySide6\translations\qtlocation_hr.qm
   Compressing: E:\markdown_viewer\dist\consumer-upgrade-1.31.0\MarkdownViewer\_internal\PySide6\translations\qtlocation_hu.qm
   Compressing: E:\markdown_viewer\dist\consumer-upgrade-1.31.0\MarkdownViewer\_internal\PySide6\translations\qtlocation_ka.qm
   Compressing: E:\markdown_viewer\dist\consumer-upgrade-1.31.0\MarkdownViewer\_internal\PySide6\translations\qtlocation_ko.qm
   Compressing: E:\markdown_viewer\dist\consumer-upgrade-1.31.0\MarkdownViewer\_internal\PySide6\translations\qtlocation_nl.qm
   Compressing: E:\markdown_viewer\dist\consumer-upgrade-1.31.0\MarkdownViewer\_internal\PySide6\translations\qtlocation_pl.qm
   Compressing: E:\markdown_viewer\dist\consumer-upgrade-1.31.0\MarkdownViewer\_internal\PySide6\translations\qtlocation_pt_BR.qm
   Compressing: E:\markdown_viewer\dist\consumer-upgrade-1.31.0\MarkdownViewer\_internal\PySide6\translations\qtlocation_ru.qm
   Compressing: E:\markdown_viewer\dist\consumer-upgrade-1.31.0\MarkdownViewer\_internal\PySide6\translations\qtlocation_sv.qm
   Compressing: E:\markdown_viewer\dist\consumer-upgrade-1.31.0\MarkdownViewer\_internal\PySide6\translations\qtlocation_tr.qm
   Compressing: E:\markdown_viewer\dist\consumer-upgrade-1.31.0\MarkdownViewer\_internal\PySide6\translations\qtlocation_uk.qm
   Compressing: E:\markdown_viewer\dist\consumer-upgrade-1.31.0\MarkdownViewer\_internal\PySide6\translations\qtlocation_zh_CN.qm
   Compressing: E:\markdown_viewer\dist\consumer-upgrade-1.31.0\MarkdownViewer\_internal\PySide6\translations\qtwebengine_ca.qm
   Compressing: E:\markdown_viewer\dist\consumer-upgrade-1.31.0\MarkdownViewer\_internal\PySide6\translations\qtwebengine_de.qm
   Compressing: E:\markdown_viewer\dist\consumer-upgrade-1.31.0\MarkdownViewer\_internal\PySide6\translations\qtwebengine_en.qm
   Compressing: E:\markdown_viewer\dist\consumer-upgrade-1.31.0\MarkdownViewer\_internal\PySide6\translations\qtwebengine_es.qm
   Compressing: E:\markdown_viewer\dist\consumer-upgrade-1.31.0\MarkdownViewer\_internal\PySide6\translations\qtwebengine_ka.qm
   Compressing: E:\markdown_viewer\dist\consumer-upgrade-1.31.0\MarkdownViewer\_internal\PySide6\translations\qtwebengine_ko.qm
   Compressing: E:\markdown_viewer\dist\consumer-upgrade-1.31.0\MarkdownViewer\_internal\PySide6\translations\qtwebengine_lg.qm
   Compressing: E:\markdown_viewer\dist\consumer-upgrade-1.31.0\MarkdownViewer\_internal\PySide6\translations\qtwebengine_pl.qm
   Compressing: E:\markdown_viewer\dist\consumer-upgrade-1.31.0\MarkdownViewer\_internal\PySide6\translations\qtwebengine_pt_BR.qm
   Compressing: E:\markdown_viewer\dist\consumer-upgrade-1.31.0\MarkdownViewer\_internal\PySide6\translations\qtwebengine_ru.qm
   Compressing: E:\markdown_viewer\dist\consumer-upgrade-1.31.0\MarkdownViewer\_internal\PySide6\translations\qtwebengine_sv.qm
   Compressing: E:\markdown_viewer\dist\consumer-upgrade-1.31.0\MarkdownViewer\_internal\PySide6\translations\qtwebengine_tr.qm
   Compressing: E:\markdown_viewer\dist\consumer-upgrade-1.31.0\MarkdownViewer\_internal\PySide6\translations\qtwebengine_uk.qm
   Compressing: E:\markdown_viewer\dist\consumer-upgrade-1.31.0\MarkdownViewer\_internal\PySide6\translations\qtwebengine_zh_CN.qm
   Compressing: E:\markdown_viewer\dist\consumer-upgrade-1.31.0\MarkdownViewer\_internal\PySide6\translations\qt_ar.qm
   Compressing: E:\markdown_viewer\dist\consumer-upgrade-1.31.0\MarkdownViewer\_internal\PySide6\translations\qt_bg.qm
   Compressing: E:\markdown_viewer\dist\consumer-upgrade-1.31.0\MarkdownViewer\_internal\PySide6\translations\qt_ca.qm
   Compressing: E:\markdown_viewer\dist\consumer-upgrade-1.31.0\MarkdownViewer\_internal\PySide6\translations\qt_cs.qm
   Compressing: E:\markdown_viewer\dist\consumer-upgrade-1.31.0\MarkdownViewer\_internal\PySide6\translations\qt_da.qm
   Compressing: E:\markdown_viewer\dist\consumer-upgrade-1.31.0\MarkdownViewer\_internal\PySide6\translations\qt_de.qm
   Compressing: E:\markdown_viewer\dist\consumer-upgrade-1.31.0\MarkdownViewer\_internal\PySide6\translations\qt_en.qm
   Compressing: E:\markdown_viewer\dist\consumer-upgrade-1.31.0\MarkdownViewer\_internal\PySide6\translations\qt_es.qm
   Compressing: E:\markdown_viewer\dist\consumer-upgrade-1.31.0\MarkdownViewer\_internal\PySide6\translations\qt_fa.qm
   Compressing: E:\markdown_viewer\dist\consumer-upgrade-1.31.0\MarkdownViewer\_internal\PySide6\translations\qt_fi.qm
   Compressing: E:\markdown_viewer\dist\consumer-upgrade-1.31.0\MarkdownViewer\_internal\PySide6\translations\qt_fr.qm
   Compressing: E:\markdown_viewer\dist\consumer-upgrade-1.31.0\MarkdownViewer\_internal\PySide6\translations\qt_gd.qm
   Compressing: E:\markdown_viewer\dist\consumer-upgrade-1.31.0\MarkdownViewer\_internal\PySide6\translations\qt_gl.qm
   Compressing: E:\markdown_viewer\dist\consumer-upgrade-1.31.0\MarkdownViewer\_internal\PySide6\translations\qt_he.qm
   Compressing: E:\markdown_viewer\dist\consumer-upgrade-1.31.0\MarkdownViewer\_internal\PySide6\translations\qt_help_ar.qm
   Compressing: E:\markdown_viewer\dist\consumer-upgrade-1.31.0\MarkdownViewer\_internal\PySide6\translations\qt_help_bg.qm
   Compressing: E:\markdown_viewer\dist\consumer-upgrade-1.31.0\MarkdownViewer\_internal\PySide6\translations\qt_help_ca.qm
   Compressing: E:\markdown_viewer\dist\consumer-upgrade-1.31.0\MarkdownViewer\_internal\PySide6\translations\qt_help_cs.qm
   Compressing: E:\markdown_viewer\dist\consumer-upgrade-1.31.0\MarkdownViewer\_internal\PySide6\translations\qt_help_da.qm
   Compressing: E:\markdown_viewer\dist\consumer-upgrade-1.31.0\MarkdownViewer\_internal\PySide6\translations\qt_help_de.qm
   Compressing: E:\markdown_viewer\dist\consumer-upgrade-1.31.0\MarkdownViewer\_internal\PySide6\translations\qt_help_en.qm
   Compressing: E:\markdown_viewer\dist\consumer-upgrade-1.31.0\MarkdownViewer\_internal\PySide6\translations\qt_help_es.qm
   Compressing: E:\markdown_viewer\dist\consumer-upgrade-1.31.0\MarkdownViewer\_internal\PySide6\translations\qt_help_fr.qm
   Compressing: E:\markdown_viewer\dist\consumer-upgrade-1.31.0\MarkdownViewer\_internal\PySide6\translations\qt_help_gl.qm
   Compressing: E:\markdown_viewer\dist\consumer-upgrade-1.31.0\MarkdownViewer\_internal\PySide6\translations\qt_help_hr.qm
   Compressing: E:\markdown_viewer\dist\consumer-upgrade-1.31.0\MarkdownViewer\_internal\PySide6\translations\qt_help_hu.qm
   Compressing: E:\markdown_viewer\dist\consumer-upgrade-1.31.0\MarkdownViewer\_internal\PySide6\translations\qt_help_it.qm
   Compressing: E:\markdown_viewer\dist\consumer-upgrade-1.31.0\MarkdownViewer\_internal\PySide6\translations\qt_help_ja.qm
   Compressing: E:\markdown_viewer\dist\consumer-upgrade-1.31.0\MarkdownViewer\_internal\PySide6\translations\qt_help_ka.qm
   Compressing: E:\markdown_viewer\dist\consumer-upgrade-1.31.0\MarkdownViewer\_internal\PySide6\translations\qt_help_ko.qm
   Compressing: E:\markdown_viewer\dist\consumer-upgrade-1.31.0\MarkdownViewer\_internal\PySide6\translations\qt_help_nl.qm
   Compressing: E:\markdown_viewer\dist\consumer-upgrade-1.31.0\MarkdownViewer\_internal\PySide6\translations\qt_help_nn.qm
   Compressing: E:\markdown_viewer\dist\consumer-upgrade-1.31.0\MarkdownViewer\_internal\PySide6\translations\qt_help_pl.qm
   Compressing: E:\markdown_viewer\dist\consumer-upgrade-1.31.0\MarkdownViewer\_internal\PySide6\translations\qt_help_pt_BR.qm
   Compressing: E:\markdown_viewer\dist\consumer-upgrade-1.31.0\MarkdownViewer\_internal\PySide6\translations\qt_help_ru.qm
   Compressing: E:\markdown_viewer\dist\consumer-upgrade-1.31.0\MarkdownViewer\_internal\PySide6\translations\qt_help_sk.qm
   Compressing: E:\markdown_viewer\dist\consumer-upgrade-1.31.0\MarkdownViewer\_internal\PySide6\translations\qt_help_sl.qm
   Compressing: E:\markdown_viewer\dist\consumer-upgrade-1.31.0\MarkdownViewer\_internal\PySide6\translations\qt_help_sv.qm
   Compressing: E:\markdown_viewer\dist\consumer-upgrade-1.31.0\MarkdownViewer\_internal\PySide6\translations\qt_help_tr.qm
   Compressing: E:\markdown_viewer\dist\consumer-upgrade-1.31.0\MarkdownViewer\_internal\PySide6\translations\qt_help_uk.qm
   Compressing: E:\markdown_viewer\dist\consumer-upgrade-1.31.0\MarkdownViewer\_internal\PySide6\translations\qt_help_zh_CN.qm
   Compressing: E:\markdown_viewer\dist\consumer-upgrade-1.31.0\MarkdownViewer\_internal\PySide6\translations\qt_help_zh_TW.qm
   Compressing: E:\markdown_viewer\dist\consumer-upgrade-1.31.0\MarkdownViewer\_internal\PySide6\translations\qt_hr.qm
   Compressing: E:\markdown_viewer\dist\consumer-upgrade-1.31.0\MarkdownViewer\_internal\PySide6\translations\qt_hu.qm
   Compressing: E:\markdown_viewer\dist\consumer-upgrade-1.31.0\MarkdownViewer\_internal\PySide6\translations\qt_it.qm
   Compressing: E:\markdown_viewer\dist\consumer-upgrade-1.31.0\MarkdownViewer\_internal\PySide6\translations\qt_ja.qm
   Compressing: E:\markdown_viewer\dist\consumer-upgrade-1.31.0\MarkdownViewer\_internal\PySide6\translations\qt_ka.qm
   Compressing: E:\markdown_viewer\dist\consumer-upgrade-1.31.0\MarkdownViewer\_internal\PySide6\translations\qt_ko.qm
   Compressing: E:\markdown_viewer\dist\consumer-upgrade-1.31.0\MarkdownViewer\_internal\PySide6\translations\qt_lg.qm
   Compressing: E:\markdown_viewer\dist\consumer-upgrade-1.31.0\MarkdownViewer\_internal\PySide6\translations\qt_lt.qm
   Compressing: E:\markdown_viewer\dist\consumer-upgrade-1.31.0\MarkdownViewer\_internal\PySide6\translations\qt_lv.qm
   Compressing: E:\markdown_viewer\dist\consumer-upgrade-1.31.0\MarkdownViewer\_internal\PySide6\translations\qt_nl.qm
   Compressing: E:\markdown_viewer\dist\consumer-upgrade-1.31.0\MarkdownViewer\_internal\PySide6\translations\qt_nn.qm
   Compressing: E:\markdown_viewer\dist\consumer-upgrade-1.31.0\MarkdownViewer\_internal\PySide6\translations\qt_pl.qm
   Compressing: E:\markdown_viewer\dist\consumer-upgrade-1.31.0\MarkdownViewer\_internal\PySide6\translations\qt_pt_BR.qm
   Compressing: E:\markdown_viewer\dist\consumer-upgrade-1.31.0\MarkdownViewer\_internal\PySide6\translations\qt_pt_PT.qm
   Compressing: E:\markdown_viewer\dist\consumer-upgrade-1.31.0\MarkdownViewer\_internal\PySide6\translations\qt_ru.qm
   Compressing: E:\markdown_viewer\dist\consumer-upgrade-1.31.0\MarkdownViewer\_internal\PySide6\translations\qt_sk.qm
   Compressing: E:\markdown_viewer\dist\consumer-upgrade-1.31.0\MarkdownViewer\_internal\PySide6\translations\qt_sl.qm
   Compressing: E:\markdown_viewer\dist\consumer-upgrade-1.31.0\MarkdownViewer\_internal\PySide6\translations\qt_sv.qm
   Compressing: E:\markdown_viewer\dist\consumer-upgrade-1.31.0\MarkdownViewer\_internal\PySide6\translations\qt_tr.qm
   Compressing: E:\markdown_viewer\dist\consumer-upgrade-1.31.0\MarkdownViewer\_internal\PySide6\translations\qt_uk.qm
   Compressing: E:\markdown_viewer\dist\consumer-upgrade-1.31.0\MarkdownViewer\_internal\PySide6\translations\qt_zh_CN.qm
   Compressing: E:\markdown_viewer\dist\consumer-upgrade-1.31.0\MarkdownViewer\_internal\PySide6\translations\qt_zh_TW.qm
   Compressing: E:\markdown_viewer\dist\consumer-upgrade-1.31.0\MarkdownViewer\_internal\PySide6\translations\qtwebengine_locales\am.pak
   Compressing: E:\markdown_viewer\dist\consumer-upgrade-1.31.0\MarkdownViewer\_internal\PySide6\translations\qtwebengine_locales\ar.pak
   Compressing: E:\markdown_viewer\dist\consumer-upgrade-1.31.0\MarkdownViewer\_internal\PySide6\translations\qtwebengine_locales\bg.pak
   Compressing: E:\markdown_viewer\dist\consumer-upgrade-1.31.0\MarkdownViewer\_internal\PySide6\translations\qtwebengine_locales\bn.pak
   Compressing: E:\markdown_viewer\dist\consumer-upgrade-1.31.0\MarkdownViewer\_internal\PySide6\translations\qtwebengine_locales\ca.pak
   Compressing: E:\markdown_viewer\dist\consumer-upgrade-1.31.0\MarkdownViewer\_internal\PySide6\translations\qtwebengine_locales\cs.pak
   Compressing: E:\markdown_viewer\dist\consumer-upgrade-1.31.0\MarkdownViewer\_internal\PySide6\translations\qtwebengine_locales\da.pak
   Compressing: E:\markdown_viewer\dist\consumer-upgrade-1.31.0\MarkdownViewer\_internal\PySide6\translations\qtwebengine_locales\de.pak
   Compressing: E:\markdown_viewer\dist\consumer-upgrade-1.31.0\MarkdownViewer\_internal\PySide6\translations\qtwebengine_locales\el.pak
   Compressing: E:\markdown_viewer\dist\consumer-upgrade-1.31.0\MarkdownViewer\_internal\PySide6\translations\qtwebengine_locales\en-GB.pak
   Compressing: E:\markdown_viewer\dist\consumer-upgrade-1.31.0\MarkdownViewer\_internal\PySide6\translations\qtwebengine_locales\en-US.pak
   Compressing: E:\markdown_viewer\dist\consumer-upgrade-1.31.0\MarkdownViewer\_internal\PySide6\translations\qtwebengine_locales\es-419.pak
   Compressing: E:\markdown_viewer\dist\consumer-upgrade-1.31.0\MarkdownViewer\_internal\PySide6\translations\qtwebengine_locales\es.pak
   Compressing: E:\markdown_viewer\dist\consumer-upgrade-1.31.0\MarkdownViewer\_internal\PySide6\translations\qtwebengine_locales\et.pak
   Compressing: E:\markdown_viewer\dist\consumer-upgrade-1.31.0\MarkdownViewer\_internal\PySide6\translations\qtwebengine_locales\fa.pak
   Compressing: E:\markdown_viewer\dist\consumer-upgrade-1.31.0\MarkdownViewer\_internal\PySide6\translations\qtwebengine_locales\fi.pak
   Compressing: E:\markdown_viewer\dist\consumer-upgrade-1.31.0\MarkdownViewer\_internal\PySide6\translations\qtwebengine_locales\fil.pak
   Compressing: E:\markdown_viewer\dist\consumer-upgrade-1.31.0\MarkdownViewer\_internal\PySide6\translations\qtwebengine_locales\fr.pak
   Compressing: E:\markdown_viewer\dist\consumer-upgrade-1.31.0\MarkdownViewer\_internal\PySide6\translations\qtwebengine_locales\gu.pak
   Compressing: E:\markdown_viewer\dist\consumer-upgrade-1.31.0\MarkdownViewer\_internal\PySide6\translations\qtwebengine_locales\he.pak
   Compressing: E:\markdown_viewer\dist\consumer-upgrade-1.31.0\MarkdownViewer\_internal\PySide6\translations\qtwebengine_locales\hi.pak
   Compressing: E:\markdown_viewer\dist\consumer-upgrade-1.31.0\MarkdownViewer\_internal\PySide6\translations\qtwebengine_locales\hr.pak
   Compressing: E:\markdown_viewer\dist\consumer-upgrade-1.31.0\MarkdownViewer\_internal\PySide6\translations\qtwebengine_locales\hu.pak
   Compressing: E:\markdown_viewer\dist\consumer-upgrade-1.31.0\MarkdownViewer\_internal\PySide6\translations\qtwebengine_locales\id.pak
   Compressing: E:\markdown_viewer\dist\consumer-upgrade-1.31.0\MarkdownViewer\_internal\PySide6\translations\qtwebengine_locales\it.pak
   Compressing: E:\markdown_viewer\dist\consumer-upgrade-1.31.0\MarkdownViewer\_internal\PySide6\translations\qtwebengine_locales\ja.pak
   Compressing: E:\markdown_viewer\dist\consumer-upgrade-1.31.0\MarkdownViewer\_internal\PySide6\translations\qtwebengine_locales\kn.pak
   Compressing: E:\markdown_viewer\dist\consumer-upgrade-1.31.0\MarkdownViewer\_internal\PySide6\translations\qtwebengine_locales\ko.pak
   Compressing: E:\markdown_viewer\dist\consumer-upgrade-1.31.0\MarkdownViewer\_internal\PySide6\translations\qtwebengine_locales\lt.pak
   Compressing: E:\markdown_viewer\dist\consumer-upgrade-1.31.0\MarkdownViewer\_internal\PySide6\translations\qtwebengine_locales\lv.pak
   Compressing: E:\markdown_viewer\dist\consumer-upgrade-1.31.0\MarkdownViewer\_internal\PySide6\translations\qtwebengine_locales\ml.pak
   Compressing: E:\markdown_viewer\dist\consumer-upgrade-1.31.0\MarkdownViewer\_internal\PySide6\translations\qtwebengine_locales\mr.pak
   Compressing: E:\markdown_viewer\dist\consumer-upgrade-1.31.0\MarkdownViewer\_internal\PySide6\translations\qtwebengine_locales\ms.pak
   Compressing: E:\markdown_viewer\dist\consumer-upgrade-1.31.0\MarkdownViewer\_internal\PySide6\translations\qtwebengine_locales\nb.pak
   Compressing: E:\markdown_viewer\dist\consumer-upgrade-1.31.0\MarkdownViewer\_internal\PySide6\translations\qtwebengine_locales\nl.pak
   Compressing: E:\markdown_viewer\dist\consumer-upgrade-1.31.0\MarkdownViewer\_internal\PySide6\translations\qtwebengine_locales\pl.pak
   Compressing: E:\markdown_viewer\dist\consumer-upgrade-1.31.0\MarkdownViewer\_internal\PySide6\translations\qtwebengine_locales\pt-BR.pak
   Compressing: E:\markdown_viewer\dist\consumer-upgrade-1.31.0\MarkdownViewer\_internal\PySide6\translations\qtwebengine_locales\pt-PT.pak
   Compressing: E:\markdown_viewer\dist\consumer-upgrade-1.31.0\MarkdownViewer\_internal\PySide6\translations\qtwebengine_locales\ro.pak
   Compressing: E:\markdown_viewer\dist\consumer-upgrade-1.31.0\MarkdownViewer\_internal\PySide6\translations\qtwebengine_locales\ru.pak
   Compressing: E:\markdown_viewer\dist\consumer-upgrade-1.31.0\MarkdownViewer\_internal\PySide6\translations\qtwebengine_locales\sk.pak
   Compressing: E:\markdown_viewer\dist\consumer-upgrade-1.31.0\MarkdownViewer\_internal\PySide6\translations\qtwebengine_locales\sl.pak
   Compressing: E:\markdown_viewer\dist\consumer-upgrade-1.31.0\MarkdownViewer\_internal\PySide6\translations\qtwebengine_locales\sr.pak
   Compressing: E:\markdown_viewer\dist\consumer-upgrade-1.31.0\MarkdownViewer\_internal\PySide6\translations\qtwebengine_locales\sv.pak
   Compressing: E:\markdown_viewer\dist\consumer-upgrade-1.31.0\MarkdownViewer\_internal\PySide6\translations\qtwebengine_locales\sw.pak
   Compressing: E:\markdown_viewer\dist\consumer-upgrade-1.31.0\MarkdownViewer\_internal\PySide6\translations\qtwebengine_locales\ta.pak
   Compressing: E:\markdown_viewer\dist\consumer-upgrade-1.31.0\MarkdownViewer\_internal\PySide6\translations\qtwebengine_locales\te.pak
   Compressing: E:\markdown_viewer\dist\consumer-upgrade-1.31.0\MarkdownViewer\_internal\PySide6\translations\qtwebengine_locales\th.pak
   Compressing: E:\markdown_viewer\dist\consumer-upgrade-1.31.0\MarkdownViewer\_internal\PySide6\translations\qtwebengine_locales\tr.pak
   Compressing: E:\markdown_viewer\dist\consumer-upgrade-1.31.0\MarkdownViewer\_internal\PySide6\translations\qtwebengine_locales\uk.pak
   Compressing: E:\markdown_viewer\dist\consumer-upgrade-1.31.0\MarkdownViewer\_internal\PySide6\translations\qtwebengine_locales\vi.pak
   Compressing: E:\markdown_viewer\dist\consumer-upgrade-1.31.0\MarkdownViewer\_internal\PySide6\translations\qtwebengine_locales\zh-CN.pak
   Compressing: E:\markdown_viewer\dist\consumer-upgrade-1.31.0\MarkdownViewer\_internal\PySide6\translations\qtwebengine_locales\zh-TW.pak
   Compressing: E:\markdown_viewer\dist\consumer-upgrade-1.31.0\MarkdownViewer\_internal\shiboken6\MSVCP140.dll
   Compressing: E:\markdown_viewer\dist\consumer-upgrade-1.31.0\MarkdownViewer\_internal\shiboken6\Shiboken.pyd
   Compressing: E:\markdown_viewer\dist\consumer-upgrade-1.31.0\MarkdownViewer\_internal\shiboken6\shiboken6.abi3.dll
   Compressing: E:\markdown_viewer\dist\consumer-upgrade-1.31.0\MarkdownViewer\_internal\shiboken6\VCRUNTIME140.dll
   Compressing: E:\markdown_viewer\dist\consumer-upgrade-1.31.0\MarkdownViewer\_internal\shiboken6\VCRUNTIME140_1.dll
   Compressing: E:\markdown_viewer\ICON\icon.ico
   Compressing Setup program executable
   Updating version info (Setup.exe)
   Updating manifest (Setup.exe)


Successful compile (243.656 sec). Resulting Setup program filename is:
E:\markdown_viewer\installer_output\consumer-upgrade-1.31.0\MarkdownViewer_Setup_v1.31.0.exe
